record_id,hospital_name,hospital_type,hospital_category,hospital_bed_capacity,required_department,patient_age,patient_gender,emergency_required,patient_area,distance_km,hospital_rating,treatment_success_rate_pct,doctor_availability_pct,bed_availability_pct,estimated_wait_time_min,estimated_treatment_cost_inr,insurance_supported,emergency_services_available,patient_satisfaction_score,department_match_score,recommendation_score,city,district,state
1,KIMS-Kingsway Hospitals,Private,Multispecialty,334,Pulmonology,17,Male,No,Sitabuldi,7.87,4.2,85.2,73,61,38,92373,Yes,Yes,3.4,0.717,76.51,Nagpur,Nagpur,Maharashtra
2,Alexis Multispeciality Hospital,Private,Multispecialty,200,Dermatology,48,Female,No,Ramdaspeth,3.77,4.7,86.9,100,87,16,32013,Yes,Yes,4.5,0.779,88.91,Nagpur,Nagpur,Maharashtra
3,"Wockhardt Super Specialty Hospital, Nagpur",Private,Super Specialty,160,Emergency Medicine,57,Male,No,Dhantoli,2.85,4.2,80.8,84,52,33,55312,Yes,Yes,4.5,0.702,79.09,Nagpur,Nagpur,Maharashtra
4,"CARE Hospitals, Nagpur",Private,Multispecialty,110,Gastroenterology,54,Male,Yes,Shankar Nagar,1.43,4.5,82.6,70,34,77,46093,Yes,Yes,4.1,0.645,75.44,Nagpur,Nagpur,Maharashtra
5,Orange City Hospital & Research Institute,Private,Multispecialty,150,Neurology,39,Male,No,Wardha Road,5.98,3.8,88.4,72,75,50,55546,Yes,Yes,3.7,0.896,82.21,Nagpur,Nagpur,Maharashtra
6,Viveka Hospital,Private,Multispecialty,100,Orthopedics,42,Male,Yes,Mankapur,13.08,4.1,82.4,100,62,10,70878,Yes,No,3.7,0.925,80.6,Nagpur,Nagpur,Maharashtra
7,New Era Hospital,Private,Multispecialty,100,General Medicine,42,Female,No,Medical Square,2.06,4.4,83.1,75,57,29,51480,No,Yes,4.1,0.848,76.68,Nagpur,Nagpur,Maharashtra
8,SevenStar Hospital,Private,Multispecialty,135,ENT,58,Male,No,Central Avenue,15.45,4.7,85.0,99,30,20,36869,Yes,Yes,4.6,0.694,79.13,Nagpur,Nagpur,Maharashtra
9,Aureus Hospital,Private,Multispecialty,110,ENT,25,Female,No,Dighori,2.87,4.2,80.6,99,100,49,94477,No,Yes,4.3,0.927,84.06,Nagpur,Nagpur,Maharashtra
10,Neuron Brain Spine & Critical Care Center,Private,Super Specialty,100,General Surgery,57,Male,Yes,Sakkardara,13.62,3.9,79.8,46,21,88,50512,Yes,Yes,3.7,0.733,68.31,Nagpur,Nagpur,Maharashtra
11,Midas Multispeciality Hospital,Private,Multispecialty,100,General Medicine,83,Female,Yes,Khamla,6.42,4.4,91.9,99,21,43,33919,Yes,Yes,4.0,0.841,79.06,Nagpur,Nagpur,Maharashtra
12,Suretech Hospital,Private,Multispecialty,100,Pulmonology,12,Male,No,Gandhibagh,3.35,4.7,91.2,62,96,41,37601,Yes,Yes,4.3,0.625,83.15,Nagpur,Nagpur,Maharashtra
13,"Government Medical College and Hospital, Nagpur",Government,Teaching Hospital,500,Nephrology,36,Female,No,Mohan Nagar,2.37,3.8,84.5,92,11,75,36772,No,Yes,4.1,0.717,71.65,Nagpur,Nagpur,Maharashtra
14,Indira Gandhi Government Medical College and Hospital,Government,Teaching Hospital,500,Neurology,32,Male,No,Koradi Road,0.81,5.0,80.3,100,77,90,127626,Yes,Yes,4.4,0.932,83.33,Nagpur,Nagpur,Maharashtra
15,Daga Memorial Hospital,Government,Women & General,200,Ophthalmology,13,Female,Yes,Civil Lines,3.68,3.9,86.6,84,15,50,41116,Yes,Yes,4.3,0.909,80.26,Nagpur,Nagpur,Maharashtra
16,"Government Dental College and Hospital, Nagpur",Government,Dental,100,Nephrology,75,Female,Yes,Sitabuldi,4.63,4.9,90.3,60,14,17,84778,Yes,No,3.4,0.906,77.91,Nagpur,Nagpur,Maharashtra
17,"Government Ayurvedic College and Hospital, Nagpur",Government,Ayurvedic,100,Oncology,84,Female,No,Ramdaspeth,5.21,4.3,86.5,63,56,81,5000,Yes,Yes,4.3,0.879,78.03,Nagpur,Nagpur,Maharashtra
18,"Regional Mental Hospital, Nagpur",Government,Mental Health,300,Orthopedics,36,Male,No,Dhantoli,9.15,4.3,81.7,58,37,77,69566,Yes,Yes,4.4,1.0,78.48,Nagpur,Nagpur,Maharashtra
19,KRIMS Hospitals,Private,Multispecialty,150,Oncology,69,Female,No,Shankar Nagar,2.76,3.9,92.7,73,88,46,84281,Yes,Yes,4.5,0.624,80.04,Nagpur,Nagpur,Maharashtra
20,Swasthyam Superspeciality Hospital,Private,Super Specialty,100,Emergency Medicine,82,Female,No,Wardha Road,7.9,4.0,88.2,85,63,28,62800,Yes,Yes,3.2,0.947,82.71,Nagpur,Nagpur,Maharashtra
21,Shashwat Multispeciality Hospital,Private,Multispecialty,100,Ophthalmology,68,Female,No,Mankapur,3.04,3.8,96.9,72,69,66,40726,Yes,Yes,4.3,0.933,85.42,Nagpur,Nagpur,Maharashtra
22,Arihant Multispeciality Hospital,Private,Multispecialty,100,Nephrology,31,Male,Yes,Medical Square,6.64,4.0,87.2,52,76,26,34443,No,Yes,4.2,0.934,81.57,Nagpur,Nagpur,Maharashtra
23,Lata Mangeshkar Hospital,Private/Trust,Multispecialty,150,Pulmonology,81,Male,No,Central Avenue,4.25,4.9,85.3,75,11,77,14943,Yes,Yes,3.8,0.819,79.83,Nagpur,Nagpur,Maharashtra
24,Shree Vinayak Super Speciality Hospital,Private,Super Specialty,100,Nephrology,67,Male,No,Dighori,5.21,4.5,92.2,82,100,28,58456,Yes,Yes,4.4,0.807,86.64,Nagpur,Nagpur,Maharashtra
25,"Max Super Speciality Hospital, Nagpur",Private,Super Specialty,200,Pulmonology,67,Male,No,Sakkardara,7.3,4.3,93.0,90,65,12,17945,No,Yes,4.5,0.708,81.07,Nagpur,Nagpur,Maharashtra
26,KIMS-Kingsway Hospitals,Private,Multispecialty,334,Pulmonology,60,Female,Yes,Khamla,2.57,4.3,96.1,75,67,24,40139,Yes,Yes,4.0,0.831,89.19,Nagpur,Nagpur,Maharashtra
27,Alexis Multispeciality Hospital,Private,Multispecialty,200,Nephrology,52,Male,No,Gandhibagh,7.07,3.7,93.6,65,18,31,28256,Yes,Yes,4.1,0.854,78.78,Nagpur,Nagpur,Maharashtra
28,"Wockhardt Super Specialty Hospital, Nagpur",Private,Super Specialty,160,Oncology,81,Male,No,Mohan Nagar,10.38,4.7,90.3,70,56,53,103775,Yes,Yes,4.3,0.819,76.58,Nagpur,Nagpur,Maharashtra
29,"CARE Hospitals, Nagpur",Private,Multispecialty,110,Nephrology,52,Female,No,Koradi Road,2.42,3.6,81.3,96,13,37,103430,Yes,Yes,4.4,0.699,74.12,Nagpur,Nagpur,Maharashtra
30,Orange City Hospital & Research Institute,Private,Multispecialty,150,Dermatology,56,Male,No,Civil Lines,10.36,4.4,98.0,98,56,80,57288,No,Yes,4.1,0.8,78.52,Nagpur,Nagpur,Maharashtra
31,Viveka Hospital,Private,Multispecialty,100,Gynecology,72,Female,Yes,Sitabuldi,8.05,4.5,86.3,76,40,37,78388,Yes,Yes,3.3,0.744,79.18,Nagpur,Nagpur,Maharashtra
32,New Era Hospital,Private,Multispecialty,100,Gastroenterology,14,Female,Yes,Ramdaspeth,21.45,4.2,90.8,53,74,37,57486,Yes,Yes,4.4,1.0,76.95,Nagpur,Nagpur,Maharashtra
33,SevenStar Hospital,Private,Multispecialty,135,Pediatrics,72,Other,No,Dhantoli,2.29,4.3,96.4,92,45,81,58287,Yes,Yes,4.0,0.691,79.26,Nagpur,Nagpur,Maharashtra
34,Aureus Hospital,Private,Multispecialty,110,Emergency Medicine,4,Male,No,Shankar Nagar,3.19,3.5,83.3,60,32,24,61191,Yes,Yes,4.1,0.817,74.79,Nagpur,Nagpur,Maharashtra
35,Neuron Brain Spine & Critical Care Center,Private,Super Specialty,100,Nephrology,46,Male,No,Wardha Road,7.48,5.0,87.5,69,92,26,29193,Yes,Yes,4.0,0.733,84.09,Nagpur,Nagpur,Maharashtra
36,Midas Multispeciality Hospital,Private,Multispecialty,100,Emergency Medicine,78,Female,Yes,Mankapur,9.36,4.3,84.1,83,50,49,18796,Yes,Yes,3.8,0.768,76.02,Nagpur,Nagpur,Maharashtra
37,Suretech Hospital,Private,Multispecialty,100,Pulmonology,53,Male,No,Medical Square,6.54,3.9,86.2,70,88,62,104932,Yes,Yes,4.3,0.895,78.37,Nagpur,Nagpur,Maharashtra
38,"Government Medical College and Hospital, Nagpur",Government,Teaching Hospital,500,Orthopedics,25,Female,No,Central Avenue,3.53,3.9,85.5,98,54,65,61041,No,Yes,3.9,0.951,78.89,Nagpur,Nagpur,Maharashtra
39,Indira Gandhi Government Medical College and Hospital,Government,Teaching Hospital,500,Dermatology,69,Female,No,Dighori,6.94,4.5,81.8,97,71,9,66158,No,Yes,4.5,0.783,79.3,Nagpur,Nagpur,Maharashtra
40,Daga Memorial Hospital,Government,Women & General,200,Neurology,53,Female,Yes,Sakkardara,6.12,4.5,84.8,84,91,79,28985,No,Yes,5.0,0.834,77.92,Nagpur,Nagpur,Maharashtra
41,"Government Dental College and Hospital, Nagpur",Government,Dental,100,Pediatrics,34,Male,No,Khamla,1.81,4.5,79.0,68,83,96,59299,Yes,Yes,4.5,0.641,78.66,Nagpur,Nagpur,Maharashtra
42,"Government Ayurvedic College and Hospital, Nagpur",Government,Ayurvedic,100,Gynecology,78,Female,Yes,Gandhibagh,14.64,4.6,89.9,61,51,49,85312,Yes,No,4.2,0.826,72.67,Nagpur,Nagpur,Maharashtra
43,"Regional Mental Hospital, Nagpur",Government,Mental Health,300,General Surgery,77,Male,No,Mohan Nagar,7.11,3.5,92.7,79,69,27,22079,Yes,Yes,5.0,0.924,85.92,Nagpur,Nagpur,Maharashtra
44,KRIMS Hospitals,Private,Multispecialty,150,Dermatology,67,Male,No,Koradi Road,11.58,4.2,85.1,54,61,82,43528,No,Yes,4.1,0.876,68.9,Nagpur,Nagpur,Maharashtra
45,Swasthyam Superspeciality Hospital,Private,Super Specialty,100,Nephrology,9,Male,No,Civil Lines,2.12,4.3,94.7,47,14,19,53576,Yes,Yes,3.8,0.972,80.89,Nagpur,Nagpur,Maharashtra
46,Shashwat Multispeciality Hospital,Private,Multispecialty,100,Oncology,36,Male,Yes,Sitabuldi,1.97,4.3,80.7,46,40,62,46226,No,Yes,4.7,0.681,69.28,Nagpur,Nagpur,Maharashtra
47,Arihant Multispeciality Hospital,Private,Multispecialty,100,Pulmonology,59,Male,No,Ramdaspeth,8.6,4.0,90.7,55,23,58,50308,No,Yes,4.5,0.881,69.95,Nagpur,Nagpur,Maharashtra
48,Lata Mangeshkar Hospital,Private/Trust,Multispecialty,150,Gastroenterology,53,Male,No,Dhantoli,2.0,4.4,93.6,74,66,57,45707,No,Yes,4.1,0.673,82.33,Nagpur,Nagpur,Maharashtra
49,Shree Vinayak Super Speciality Hospital,Private,Super Specialty,100,Ophthalmology,84,Male,No,Shankar Nagar,9.1,4.5,95.5,73,47,63,70922,Yes,Yes,4.2,0.822,76.7,Nagpur,Nagpur,Maharashtra
50,"Max Super Speciality Hospital, Nagpur",Private,Super Specialty,200,Pulmonology,61,Female,No,Wardha Road,6.06,4.4,89.2,82,73,54,56509,No,Yes,4.2,0.916,83.16,Nagpur,Nagpur,Maharashtra
51,KIMS-Kingsway Hospitals,Private,Multispecialty,334,General Surgery,11,Female,No,Mankapur,4.25,4.3,83.5,70,64,57,64781,No,Yes,4.6,0.857,80.31,Nagpur,Nagpur,Maharashtra
52,Alexis Multispeciality Hospital,Private,Multispecialty,200,Pulmonology,22,Female,No,Medical Square,6.46,4.8,94.6,59,79,13,47022,Yes,Yes,3.9,0.847,84.22,Nagpur,Nagpur,Maharashtra
53,"Wockhardt Super Specialty Hospital, Nagpur",Private,Super Specialty,160,Emergency Medicine,8,Female,No,Central Avenue,6.01,4.0,85.1,83,28,15,5000,Yes,Yes,4.2,0.7,81.31,Nagpur,Nagpur,Maharashtra
54,"CARE Hospitals, Nagpur",Private,Multispecialty,110,ENT,63,Female,No,Dighori,1.78,4.1,82.6,73,19,80,100934,Yes,No,4.2,0.915,74.29,Nagpur,Nagpur,Maharashtra
55,Orange City Hospital & Research Institute,Private,Multispecialty,150,ENT,34,Male,No,Sakkardara,9.07,4.7,85.8,73,52,67,55777,Yes,Yes,4.4,0.92,77.14,Nagpur,Nagpur,Maharashtra
56,Viveka Hospital,Private,Multispecialty,100,Cardiology,82,Male,Yes,Khamla,4.78,4.1,93.0,99,26,34,40378,Yes,Yes,3.7,0.966,84.43,Nagpur,Nagpur,Maharashtra
57,New Era Hospital,Private,Multispecialty,100,Gastroenterology,43,Male,No,Gandhibagh,4.19,4.3,89.4,50,99,17,25700,Yes,Yes,4.8,0.908,82.6,Nagpur,Nagpur,Maharashtra
58,SevenStar Hospital,Private,Multispecialty,135,Pulmonology,72,Female,No,Mohan Nagar,3.58,4.2,94.3,65,63,23,66971,Yes,Yes,4.2,0.77,85.14,Nagpur,Nagpur,Maharashtra
59,Aureus Hospital,Private,Multispecialty,110,ENT,81,Male,No,Koradi Road,1.51,4.0,83.5,81,47,58,39445,Yes,Yes,4.8,0.849,85.0,Nagpur,Nagpur,Maharashtra
60,Neuron Brain Spine & Critical Care Center,Private,Super Specialty,100,General Medicine,21,Male,No,Civil Lines,5.48,4.3,98.0,70,58,55,49193,Yes,Yes,4.4,0.939,87.88,Nagpur,Nagpur,Maharashtra
61,Midas Multispeciality Hospital,Private,Multispecialty,100,Orthopedics,14,Female,Yes,Sitabuldi,4.67,4.7,89.3,45,39,57,85007,Yes,Yes,4.4,0.456,71.85,Nagpur,Nagpur,Maharashtra
62,Suretech Hospital,Private,Multispecialty,100,Pulmonology,64,Male,Yes,Ramdaspeth,7.09,4.1,96.2,48,82,101,54952,No,Yes,4.3,0.634,72.31,Nagpur,Nagpur,Maharashtra
63,"Government Medical College and Hospital, Nagpur",Government,Teaching Hospital,500,Nephrology,1,Other,No,Dhantoli,2.64,4.4,86.3,89,67,50,70420,Yes,Yes,4.7,0.782,80.59,Nagpur,Nagpur,Maharashtra
64,Indira Gandhi Government Medical College and Hospital,Government,Teaching Hospital,500,Neurology,41,Female,No,Shankar Nagar,5.94,4.5,91.8,100,50,53,47434,Yes,Yes,4.9,0.938,88.97,Nagpur,Nagpur,Maharashtra
65,Daga Memorial Hospital,Government,Women & General,200,General Surgery,35,Female,No,Wardha Road,5.48,4.6,87.6,67,41,34,70847,Yes,Yes,4.5,0.837,82.02,Nagpur,Nagpur,Maharashtra
66,"Government Dental College and Hospital, Nagpur",Government,Dental,100,General Medicine,2,Male,Yes,Mankapur,3.3,4.0,81.9,54,21,38,46579,Yes,Yes,4.3,0.855,78.45,Nagpur,Nagpur,Maharashtra
67,"Government Ayurvedic College and Hospital, Nagpur",Government,Ayurvedic,100,Dermatology,60,Female,No,Medical Square,5.14,4.7,95.1,74,46,32,67129,Yes,Yes,4.6,0.861,85.31,Nagpur,Nagpur,Maharashtra
68,"Regional Mental Hospital, Nagpur",Government,Mental Health,300,Pulmonology,73,Male,No,Central Avenue,8.22,4.1,82.8,67,93,58,31109,No,Yes,4.1,0.893,84.29,Nagpur,Nagpur,Maharashtra
69,KRIMS Hospitals,Private,Multispecialty,150,ENT,39,Male,No,Dighori,6.77,4.5,87.1,61,29,33,83305,Yes,Yes,3.7,0.827,79.77,Nagpur,Nagpur,Maharashtra
70,Swasthyam Superspeciality Hospital,Private,Super Specialty,100,Oncology,12,Female,Yes,Sakkardara,4.16,4.0,89.4,46,48,115,40335,No,Yes,4.1,0.96,75.3,Nagpur,Nagpur,Maharashtra
71,Shashwat Multispeciality Hospital,Private,Multispecialty,100,Gynecology,76,Female,Yes,Khamla,1.09,4.3,84.4,58,55,64,59509,No,No,4.2,1.0,78.45,Nagpur,Nagpur,Maharashtra
72,Arihant Multispeciality Hospital,Private,Multispecialty,100,Neurology,84,Male,No,Gandhibagh,7.78,4.5,81.4,63,81,11,35135,Yes,Yes,4.9,0.774,80.34,Nagpur,Nagpur,Maharashtra
73,Lata Mangeshkar Hospital,Private/Trust,Multispecialty,150,Oncology,76,Male,No,Mohan Nagar,10.8,4.5,82.1,73,14,45,36254,Yes,Yes,4.1,0.952,77.84,Nagpur,Nagpur,Maharashtra
74,Shree Vinayak Super Speciality Hospital,Private,Super Specialty,100,Cardiology,13,Female,No,Koradi Road,4.05,4.8,87.0,75,77,46,55930,Yes,Yes,5.0,0.645,78.07,Nagpur,Nagpur,Maharashtra
75,"Max Super Speciality Hospital, Nagpur",Private,Super Specialty,200,ENT,18,Female,Yes,Civil Lines,7.07,4.7,94.2,48,46,69,61816,Yes,Yes,4.2,0.736,79.76,Nagpur,Nagpur,Maharashtra
76,KIMS-Kingsway Hospitals,Private,Multispecialty,334,Emergency Medicine,75,Male,No,Sitabuldi,3.72,3.8,82.1,86,60,106,100043,Yes,Yes,3.7,0.56,71.71,Nagpur,Nagpur,Maharashtra
77,Alexis Multispeciality Hospital,Private,Multispecialty,200,General Medicine,36,Female,No,Ramdaspeth,2.59,4.5,90.5,54,38,66,34994,Yes,Yes,3.6,0.79,79.51,Nagpur,Nagpur,Maharashtra
78,"Wockhardt Super Specialty Hospital, Nagpur",Private,Super Specialty,160,Nephrology,15,Female,No,Dhantoli,10.01,4.6,98.0,71,63,14,31836,Yes,Yes,3.6,0.663,81.22,Nagpur,Nagpur,Maharashtra
79,"CARE Hospitals, Nagpur",Private,Multispecialty,110,Neurology,12,Female,No,Shankar Nagar,2.72,5.0,89.8,97,65,32,50351,No,Yes,3.6,0.559,74.33,Nagpur,Nagpur,Maharashtra
80,Orange City Hospital & Research Institute,Private,Multispecialty,150,Pediatrics,11,Female,No,Wardha Road,11.85,4.6,82.6,56,46,63,40583,Yes,Yes,4.0,0.765,72.45,Nagpur,Nagpur,Maharashtra
81,Viveka Hospital,Private,Multispecialty,100,Gynecology,42,Female,No,Mankapur,6.38,4.4,91.4,57,27,83,86924,Yes,Yes,4.0,0.998,78.41,Nagpur,Nagpur,Maharashtra
82,New Era Hospital,Private,Multispecialty,100,General Surgery,79,Female,No,Medical Square,1.07,4.9,83.2,61,69,26,39287,Yes,Yes,5.0,0.903,89.15,Nagpur,Nagpur,Maharashtra
83,SevenStar Hospital,Private,Multispecialty,135,Emergency Medicine,34,Male,No,Central Avenue,4.81,4.1,92.0,55,64,59,93424,No,Yes,4.4,0.722,74.03,Nagpur,Nagpur,Maharashtra
84,Aureus Hospital,Private,Multispecialty,110,ENT,4,Female,No,Dighori,4.2,3.6,75.9,56,52,46,61261,Yes,Yes,5.0,0.879,78.31,Nagpur,Nagpur,Maharashtra
85,Neuron Brain Spine & Critical Care Center,Private,Super Specialty,100,Gastroenterology,14,Female,No,Sakkardara,6.07,3.8,84.0,92,27,20,56337,Yes,Yes,4.5,0.897,80.31,Nagpur,Nagpur,Maharashtra
86,Midas Multispeciality Hospital,Private,Multispecialty,100,ENT,84,Female,No,Khamla,0.5,3.9,92.8,57,86,55,69136,No,Yes,4.4,0.601,78.42,Nagpur,Nagpur,Maharashtra
87,Suretech Hospital,Private,Multispecialty,100,Dermatology,14,Female,No,Gandhibagh,1.06,4.7,89.8,97,29,41,73550,Yes,Yes,4.6,0.761,83.48,Nagpur,Nagpur,Maharashtra
88,"Government Medical College and Hospital, Nagpur",Government,Teaching Hospital,500,Pediatrics,83,Male,No,Mohan Nagar,24.56,4.1,90.6,65,13,31,29190,No,Yes,3.9,0.915,68.57,Nagpur,Nagpur,Maharashtra
89,Indira Gandhi Government Medical College and Hospital,Government,Teaching Hospital,500,General Surgery,4,Female,No,Koradi Road,6.49,4.5,85.7,48,93,34,48650,Yes,Yes,3.4,0.845,81.25,Nagpur,Nagpur,Maharashtra
90,Daga Memorial Hospital,Government,Women & General,200,Gynecology,25,Female,Yes,Civil Lines,11.54,3.8,93.0,79,86,5,54392,No,Yes,4.3,0.903,83.9,Nagpur,Nagpur,Maharashtra
91,"Government Dental College and Hospital, Nagpur",Government,Dental,100,Pediatrics,60,Male,No,Sitabuldi,4.39,4.4,95.5,85,17,53,32104,No,Yes,4.0,0.86,74.64,Nagpur,Nagpur,Maharashtra
92,"Government Ayurvedic College and Hospital, Nagpur",Government,Ayurvedic,100,General Medicine,83,Male,No,Ramdaspeth,7.58,4.8,86.1,64,23,32,40483,Yes,No,4.5,0.916,79.18,Nagpur,Nagpur,Maharashtra
93,"Regional Mental Hospital, Nagpur",Government,Mental Health,300,Gynecology,69,Female,No,Dhantoli,11.65,4.1,98.0,67,49,69,55700,Yes,Yes,4.4,1.0,81.38,Nagpur,Nagpur,Maharashtra
94,KRIMS Hospitals,Private,Multispecialty,150,Orthopedics,58,Male,No,Shankar Nagar,7.99,4.3,82.4,91,19,5,60923,Yes,Yes,2.9,0.656,77.02,Nagpur,Nagpur,Maharashtra
95,Swasthyam Superspeciality Hospital,Private,Super Specialty,100,Ophthalmology,36,Male,No,Wardha Road,12.9,4.5,98.0,45,52,37,40169,Yes,Yes,4.2,0.877,82.24,Nagpur,Nagpur,Maharashtra
96,Shashwat Multispeciality Hospital,Private,Multispecialty,100,Pediatrics,55,Female,No,Mankapur,15.59,4.7,83.7,84,43,56,79713,Yes,Yes,3.6,0.767,70.79,Nagpur,Nagpur,Maharashtra
97,Arihant Multispeciality Hospital,Private,Multispecialty,100,General Surgery,12,Male,No,Medical Square,4.4,3.8,85.7,60,27,56,69082,No,Yes,4.5,0.72,72.66,Nagpur,Nagpur,Maharashtra
98,Lata Mangeshkar Hospital,Private/Trust,Multispecialty,150,Nephrology,41,Male,No,Central Avenue,2.97,4.1,81.6,53,16,17,63069,Yes,Yes,3.7,0.718,73.03,Nagpur,Nagpur,Maharashtra
99,Shree Vinayak Super Speciality Hospital,Private,Super Specialty,100,General Surgery,31,Male,No,Dighori,7.19,4.3,98.0,55,34,46,68703,Yes,Yes,3.4,0.898,77.33,Nagpur,Nagpur,Maharashtra
100,"Max Super Speciality Hospital, Nagpur",Private,Super Specialty,200,General Surgery,43,Female,No,Sakkardara,1.52,4.3,86.9,73,82,71,84962,Yes,Yes,4.5,0.792,82.93,Nagpur,Nagpur,Maharashtra
101,KIMS-Kingsway Hospitals,Private,Multispecialty,334,Nephrology,47,Female,Yes,Khamla,2.13,3.8,82.4,82,89,38,75998,Yes,Yes,4.8,0.727,78.62,Nagpur,Nagpur,Maharashtra
102,Alexis Multispeciality Hospital,Private,Multispecialty,200,Emergency Medicine,48,Male,Yes,Gandhibagh,1.06,4.1,85.8,48,85,29,36784,Yes,Yes,4.1,0.782,83.03,Nagpur,Nagpur,Maharashtra
103,"Wockhardt Super Specialty Hospital, Nagpur",Private,Super Specialty,160,General Medicine,58,Female,No,Mohan Nagar,2.92,4.4,92.4,100,49,45,49501,Yes,Yes,3.5,0.585,79.86,Nagpur,Nagpur,Maharashtra
104,"CARE Hospitals, Nagpur",Private,Multispecialty,110,Dermatology,49,Other,Yes,Koradi Road,11.17,4.5,83.8,52,45,5,5000,Yes,Yes,4.0,0.601,72.31,Nagpur,Nagpur,Maharashtra
105,Orange City Hospital & Research Institute,Private,Multispecialty,150,Gynecology,55,Female,No,Civil Lines,6.97,4.4,97.5,100,76,43,83317,Yes,Yes,4.1,1.0,89.14,Nagpur,Nagpur,Maharashtra
106,Viveka Hospital,Private,Multispecialty,100,Orthopedics,68,Female,No,Sitabuldi,6.2,4.3,88.5,46,95,58,127856,No,Yes,3.9,0.951,77.75,Nagpur,Nagpur,Maharashtra
107,New Era Hospital,Private,Multispecialty,100,Pediatrics,67,Male,No,Ramdaspeth,10.79,4.9,90.3,93,88,14,34230,Yes,Yes,4.3,1.0,86.55,Nagpur,Nagpur,Maharashtra
108,SevenStar Hospital,Private,Multispecialty,135,Emergency Medicine,38,Female,No,Dhantoli,1.19,3.5,91.9,100,31,46,52020,Yes,Yes,3.9,0.734,82.32,Nagpur,Nagpur,Maharashtra
109,Aureus Hospital,Private,Multispecialty,110,Nephrology,63,Female,No,Shankar Nagar,1.06,3.7,92.5,90,93,104,27496,Yes,Yes,4.7,0.727,84.24,Nagpur,Nagpur,Maharashtra
110,Neuron Brain Spine & Critical Care Center,Private,Super Specialty,100,ENT,75,Male,No,Wardha Road,4.66,4.4,90.7,58,80,5,79713,Yes,Yes,4.1,0.672,78.63,Nagpur,Nagpur,Maharashtra
111,Midas Multispeciality Hospital,Private,Multispecialty,100,General Medicine,48,Female,Yes,Mankapur,7.91,4.4,87.2,68,96,31,15686,No,Yes,4.3,0.624,78.98,Nagpur,Nagpur,Maharashtra
112,Suretech Hospital,Private,Multispecialty,100,Pediatrics,67,Male,No,Medical Square,5.83,4.2,88.8,65,77,50,102572,Yes,Yes,4.7,0.717,77.52,Nagpur,Nagpur,Maharashtra
113,"Government Medical College and Hospital, Nagpur",Government,Teaching Hospital,500,Cardiology,30,Female,Yes,Central Avenue,2.01,4.1,84.8,91,25,11,81182,Yes,Yes,5.0,0.936,83.95,Nagpur,Nagpur,Maharashtra
114,Indira Gandhi Government Medical College and Hospital,Government,Teaching Hospital,500,Gynecology,71,Female,No,Dighori,5.15,4.3,86.7,97,74,32,77865,Yes,Yes,3.8,0.77,81.99,Nagpur,Nagpur,Maharashtra
115,Daga Memorial Hospital,Government,Women & General,200,Nephrology,21,Female,No,Sakkardara,8.08,4.1,89.9,56,37,67,35637,No,Yes,3.9,0.984,77.36,Nagpur,Nagpur,Maharashtra
116,"Government Dental College and Hospital, Nagpur",Government,Dental,100,General Medicine,53,Female,No,Khamla,5.28,4.1,84.2,79,16,18,51392,Yes,Yes,3.8,1.0,80.44,Nagpur,Nagpur,Maharashtra
117,"Government Ayurvedic College and Hospital, Nagpur",Government,Ayurvedic,100,Cardiology,65,Male,No,Gandhibagh,10.71,3.9,89.3,80,64,81,75229,Yes,Yes,3.8,0.985,82.29,Nagpur,Nagpur,Maharashtra
118,"Regional Mental Hospital, Nagpur",Government,Mental Health,300,Emergency Medicine,82,Male,Yes,Mohan Nagar,10.05,4.3,89.6,65,80,5,46857,Yes,Yes,3.9,0.838,82.48,Nagpur,Nagpur,Maharashtra
119,KRIMS Hospitals,Private,Multispecialty,150,Orthopedics,28,Female,No,Koradi Road,5.37,4.5,88.0,53,78,69,6179,Yes,Yes,4.2,0.798,81.09,Nagpur,Nagpur,Maharashtra
120,Swasthyam Superspeciality Hospital,Private,Super Specialty,100,Nephrology,85,Other,No,Civil Lines,4.06,4.6,95.3,66,58,23,71844,Yes,No,3.8,0.894,83.12,Nagpur,Nagpur,Maharashtra
121,Shashwat Multispeciality Hospital,Private,Multispecialty,100,Emergency Medicine,23,Male,No,Sitabuldi,7.59,4.4,86.4,83,78,22,40316,Yes,Yes,3.5,0.778,78.6,Nagpur,Nagpur,Maharashtra
122,Arihant Multispeciality Hospital,Private,Multispecialty,100,Neurology,65,Female,Yes,Ramdaspeth,8.02,4.4,86.2,83,15,56,37701,Yes,Yes,4.4,0.661,76.3,Nagpur,Nagpur,Maharashtra
123,Lata Mangeshkar Hospital,Private/Trust,Multispecialty,150,Gastroenterology,38,Male,No,Dhantoli,6.21,4.3,92.1,63,60,50,76798,Yes,Yes,3.7,0.669,73.06,Nagpur,Nagpur,Maharashtra
124,Shree Vinayak Super Speciality Hospital,Private,Super Specialty,100,Dermatology,26,Male,No,Shankar Nagar,0.98,4.8,85.3,65,11,5,61668,Yes,Yes,3.5,0.932,84.07,Nagpur,Nagpur,Maharashtra
125,"Max Super Speciality Hospital, Nagpur",Private,Super Specialty,200,Pulmonology,41,Female,No,Wardha Road,4.04,3.8,90.7,49,26,18,41135,Yes,No,4.1,0.798,72.58,Nagpur,Nagpur,Maharashtra
126,KIMS-Kingsway Hospitals,Private,Multispecialty,334,Gynecology,2,Female,No,Mankapur,6.88,4.5,91.3,48,87,74,5000,Yes,Yes,4.1,0.604,76.28,Nagpur,Nagpur,Maharashtra
127,Alexis Multispeciality Hospital,Private,Multispecialty,200,Gastroenterology,63,Female,No,Medical Square,4.79,4.1,81.9,46,43,63,12020,Yes,No,4.8,0.686,76.24,Nagpur,Nagpur,Maharashtra
128,"Wockhardt Super Specialty Hospital, Nagpur",Private,Super Specialty,160,ENT,33,Female,No,Central Avenue,2.49,4.4,80.6,81,99,35,9928,Yes,Yes,3.8,0.911,88.68,Nagpur,Nagpur,Maharashtra
129,"CARE Hospitals, Nagpur",Private,Multispecialty,110,Orthopedics,25,Male,No,Dighori,5.88,4.7,80.8,59,69,30,59108,Yes,Yes,4.1,0.667,79.22,Nagpur,Nagpur,Maharashtra
130,Orange City Hospital & Research Institute,Private,Multispecialty,150,Dermatology,25,Male,No,Sakkardara,8.76,4.2,88.6,83,65,11,74246,Yes,Yes,4.9,0.926,84.72,Nagpur,Nagpur,Maharashtra
131,Viveka Hospital,Private,Multispecialty,100,Nephrology,69,Male,No,Khamla,2.53,4.4,83.4,92,48,10,64768,No,Yes,4.6,0.902,83.09,Nagpur,Nagpur,Maharashtra
132,New Era Hospital,Private,Multispecialty,100,Nephrology,67,Female,No,Gandhibagh,19.41,4.1,90.6,75,23,9,83066,Yes,Yes,4.7,1.0,74.56,Nagpur,Nagpur,Maharashtra
133,SevenStar Hospital,Private,Multispecialty,135,Orthopedics,84,Male,Yes,Mohan Nagar,5.64,4.1,91.5,45,94,45,35250,Yes,Yes,3.6,0.638,79.71,Nagpur,Nagpur,Maharashtra
134,Aureus Hospital,Private,Multispecialty,110,Pediatrics,73,Male,No,Koradi Road,11.97,4.6,85.6,67,45,63,43436,Yes,Yes,4.3,0.889,79.77,Nagpur,Nagpur,Maharashtra
135,Neuron Brain Spine & Critical Care Center,Private,Super Specialty,100,General Medicine,61,Male,No,Civil Lines,2.05,4.5,88.6,69,41,64,24382,Yes,Yes,4.4,0.88,82.03,Nagpur,Nagpur,Maharashtra
136,Midas Multispeciality Hospital,Private,Multispecialty,100,Oncology,52,Female,No,Sitabuldi,1.23,4.4,90.3,91,58,40,79113,Yes,No,4.1,0.715,76.9,Nagpur,Nagpur,Maharashtra
137,Suretech Hospital,Private,Multispecialty,100,Nephrology,21,Male,Yes,Ramdaspeth,3.09,4.3,88.3,99,40,22,65181,Yes,Yes,4.3,0.836,85.32,Nagpur,Nagpur,Maharashtra
138,"Government Medical College and Hospital, Nagpur",Government,Teaching Hospital,500,Cardiology,43,Female,No,Dhantoli,7.04,4.6,88.8,54,49,47,74617,Yes,No,3.4,0.978,78.39,Nagpur,Nagpur,Maharashtra
139,Indira Gandhi Government Medical College and Hospital,Government,Teaching Hospital,500,Cardiology,8,Female,Yes,Shankar Nagar,3.99,4.8,81.7,64,18,50,64761,Yes,Yes,4.3,0.808,76.96,Nagpur,Nagpur,Maharashtra
140,Daga Memorial Hospital,Government,Women & General,200,Cardiology,75,Male,No,Wardha Road,8.63,4.4,83.1,71,33,44,59829,Yes,Yes,4.4,0.981,80.44,Nagpur,Nagpur,Maharashtra
141,"Government Dental College and Hospital, Nagpur",Government,Dental,100,Gastroenterology,83,Female,No,Mankapur,2.5,4.4,93.1,57,84,76,52625,No,Yes,4.4,0.742,77.21,Nagpur,Nagpur,Maharashtra
142,"Government Ayurvedic College and Hospital, Nagpur",Government,Ayurvedic,100,General Surgery,51,Female,Yes,Medical Square,5.51,4.6,82.9,67,95,50,70023,Yes,Yes,4.5,0.842,82.57,Nagpur,Nagpur,Maharashtra
143,"Regional Mental Hospital, Nagpur",Government,Mental Health,300,Gastroenterology,9,Other,No,Central Avenue,11.92,4.6,95.5,95,20,5,36540,Yes,Yes,3.7,0.852,78.99,Nagpur,Nagpur,Maharashtra
144,KRIMS Hospitals,Private,Multispecialty,150,Dermatology,77,Male,No,Dighori,7.24,4.2,98.0,77,69,5,29940,Yes,Yes,4.1,0.734,87.71,Nagpur,Nagpur,Maharashtra
145,Swasthyam Superspeciality Hospital,Private,Super Specialty,100,Ophthalmology,46,Male,Yes,Sakkardara,2.04,4.4,76.9,84,33,45,49621,Yes,Yes,4.1,0.925,83.2,Nagpur,Nagpur,Maharashtra
146,Shashwat Multispeciality Hospital,Private,Multispecialty,100,Oncology,83,Female,No,Khamla,6.89,4.2,92.7,75,99,77,99458,Yes,Yes,4.2,0.899,81.93,Nagpur,Nagpur,Maharashtra
147,Arihant Multispeciality Hospital,Private,Multispecialty,100,Pulmonology,74,Female,No,Gandhibagh,5.34,4.0,89.4,50,60,59,109646,Yes,Yes,3.7,0.672,76.69,Nagpur,Nagpur,Maharashtra
148,Lata Mangeshkar Hospital,Private/Trust,Multispecialty,150,General Medicine,18,Male,No,Mohan Nagar,4.66,4.2,95.4,54,74,10,78564,Yes,Yes,3.5,0.701,79.76,Nagpur,Nagpur,Maharashtra
149,Shree Vinayak Super Speciality Hospital,Private,Super Specialty,100,Emergency Medicine,63,Female,No,Koradi Road,8.1,4.7,80.9,89,57,51,82114,No,No,3.8,0.891,74.74,Nagpur,Nagpur,Maharashtra
150,"Max Super Speciality Hospital, Nagpur",Private,Super Specialty,200,Nephrology,30,Male,Yes,Civil Lines,4.22,4.2,90.5,98,16,60,77709,Yes,No,3.6,0.925,76.72,Nagpur,Nagpur,Maharashtra
151,KIMS-Kingsway Hospitals,Private,Multispecialty,334,Pediatrics,43,Female,No,Sitabuldi,10.62,4.5,90.2,56,89,101,79275,Yes,Yes,4.7,0.871,78.63,Nagpur,Nagpur,Maharashtra
152,Alexis Multispeciality Hospital,Private,Multispecialty,200,Cardiology,62,Male,No,Ramdaspeth,2.62,4.2,85.1,75,87,5,44132,Yes,Yes,5.0,0.823,89.48,Nagpur,Nagpur,Maharashtra
153,"Wockhardt Super Specialty Hospital, Nagpur",Private,Super Specialty,160,Pediatrics,13,Female,Yes,Dhantoli,12.4,4.5,90.2,87,33,55,110859,Yes,Yes,4.8,0.825,76.82,Nagpur,Nagpur,Maharashtra
154,"CARE Hospitals, Nagpur",Private,Multispecialty,110,Pulmonology,32,Male,No,Shankar Nagar,13.13,4.7,82.6,50,31,51,54159,Yes,Yes,5.0,0.824,77.03,Nagpur,Nagpur,Maharashtra
155,Orange City Hospital & Research Institute,Private,Multispecialty,150,Neurology,7,Female,No,Wardha Road,0.52,4.6,82.2,99,33,27,92550,Yes,Yes,4.5,0.874,84.21,Nagpur,Nagpur,Maharashtra
156,Viveka Hospital,Private,Multispecialty,100,General Surgery,69,Male,No,Mankapur,6.36,4.9,97.4,95,98,36,67008,Yes,Yes,4.7,0.855,87.95,Nagpur,Nagpur,Maharashtra
157,New Era Hospital,Private,Multispecialty,100,Pulmonology,80,Male,Yes,Medical Square,4.57,4.2,73.4,50,16,27,56065,Yes,Yes,4.6,0.798,73.56,Nagpur,Nagpur,Maharashtra
158,SevenStar Hospital,Private,Multispecialty,135,Ophthalmology,60,Female,No,Central Avenue,8.06,4.3,76.2,72,24,5,62719,Yes,Yes,4.0,0.766,74.43,Nagpur,Nagpur,Maharashtra
159,Aureus Hospital,Private,Multispecialty,110,Nephrology,50,Female,No,Dighori,6.17,4.0,78.1,50,34,36,5000,Yes,Yes,4.9,0.626,71.29,Nagpur,Nagpur,Maharashtra
160,Neuron Brain Spine & Critical Care Center,Private,Super Specialty,100,Ophthalmology,71,Female,No,Sakkardara,2.93,3.5,76.8,65,57,83,44106,Yes,Yes,5.0,0.764,76.54,Nagpur,Nagpur,Maharashtra
161,Midas Multispeciality Hospital,Private,Multispecialty,100,Emergency Medicine,20,Male,No,Khamla,2.0,4.3,82.3,77,20,5,30422,Yes,Yes,4.1,0.756,81.27,Nagpur,Nagpur,Maharashtra
162,Suretech Hospital,Private,Multispecialty,100,Emergency Medicine,47,Male,No,Gandhibagh,23.38,4.2,92.6,72,85,31,44920,No,No,4.0,0.743,71.99,Nagpur,Nagpur,Maharashtra
163,"Government Medical College and Hospital, Nagpur",Government,Teaching Hospital,500,Gastroenterology,36,Male,Yes,Mohan Nagar,1.54,4.3,80.9,96,59,25,43987,Yes,Yes,4.2,0.778,83.13,Nagpur,Nagpur,Maharashtra
164,Indira Gandhi Government Medical College and Hospital,Government,Teaching Hospital,500,Emergency Medicine,78,Female,No,Koradi Road,5.14,4.4,92.6,74,11,90,32969,No,Yes,4.2,0.748,73.22,Nagpur,Nagpur,Maharashtra
165,Daga Memorial Hospital,Government,Women & General,200,Cardiology,38,Male,No,Civil Lines,5.94,4.6,83.8,79,39,25,82266,Yes,Yes,3.2,0.819,81.37,Nagpur,Nagpur,Maharashtra
166,"Government Dental College and Hospital, Nagpur",Government,Dental,100,Emergency Medicine,3,Male,No,Sitabuldi,7.12,4.7,97.1,58,57,67,47321,Yes,Yes,4.3,0.894,82.66,Nagpur,Nagpur,Maharashtra
167,"Government Ayurvedic College and Hospital, Nagpur",Government,Ayurvedic,100,ENT,48,Female,No,Ramdaspeth,7.47,4.3,98.0,97,21,58,49655,No,Yes,4.5,0.909,78.44,Nagpur,Nagpur,Maharashtra
168,"Regional Mental Hospital, Nagpur",Government,Mental Health,300,Ophthalmology,29,Male,No,Dhantoli,7.41,4.4,87.0,93,21,23,33366,Yes,Yes,4.5,0.93,83.82,Nagpur,Nagpur,Maharashtra
169,KRIMS Hospitals,Private,Multispecialty,150,Pulmonology,57,Male,No,Shankar Nagar,3.34,5.0,77.6,89,70,5,52294,No,Yes,4.4,0.743,77.42,Nagpur,Nagpur,Maharashtra
170,Swasthyam Superspeciality Hospital,Private,Super Specialty,100,General Medicine,17,Female,No,Wardha Road,6.52,4.8,98.0,77,94,21,60033,Yes,Yes,4.4,1.0,92.15,Nagpur,Nagpur,Maharashtra
171,Shashwat Multispeciality Hospital,Private,Multispecialty,100,Dermatology,43,Female,No,Mankapur,6.63,4.0,95.6,58,84,20,79199,Yes,Yes,4.4,1.0,85.8,Nagpur,Nagpur,Maharashtra
172,Arihant Multispeciality Hospital,Private,Multispecialty,100,General Surgery,62,Female,No,Medical Square,2.42,4.5,92.3,67,77,24,85947,Yes,Yes,4.7,0.746,86.36,Nagpur,Nagpur,Maharashtra
173,Lata Mangeshkar Hospital,Private/Trust,Multispecialty,150,Gastroenterology,34,Male,No,Central Avenue,2.27,4.3,93.0,86,62,5,75593,Yes,Yes,3.4,0.707,82.6,Nagpur,Nagpur,Maharashtra
174,Shree Vinayak Super Speciality Hospital,Private,Super Specialty,100,Neurology,41,Female,No,Dighori,2.79,4.9,89.3,49,63,41,88826,Yes,Yes,4.2,0.886,80.63,Nagpur,Nagpur,Maharashtra
175,"Max Super Speciality Hospital, Nagpur",Private,Super Specialty,200,General Surgery,33,Female,No,Sakkardara,11.29,4.3,92.0,92,72,59,52802,No,Yes,4.9,0.721,80.57,Nagpur,Nagpur,Maharashtra
176,KIMS-Kingsway Hospitals,Private,Multispecialty,334,General Surgery,15,Female,No,Khamla,1.92,4.4,95.7,98,30,44,40352,Yes,Yes,4.1,0.796,81.73,Nagpur,Nagpur,Maharashtra
177,Alexis Multispeciality Hospital,Private,Multispecialty,200,Gastroenterology,35,Male,No,Gandhibagh,3.54,4.2,86.4,95,10,28,72276,Yes,Yes,4.4,0.797,80.01,Nagpur,Nagpur,Maharashtra
178,"Wockhardt Super Specialty Hospital, Nagpur",Private,Super Specialty,160,Oncology,61,Female,Yes,Mohan Nagar,6.97,4.3,94.0,71,81,7,58529,Yes,Yes,4.8,0.52,77.18,Nagpur,Nagpur,Maharashtra
179,"CARE Hospitals, Nagpur",Private,Multispecialty,110,Neurology,7,Female,No,Koradi Road,12.61,4.5,88.9,69,69,23,76430,Yes,Yes,4.7,0.761,78.74,Nagpur,Nagpur,Maharashtra
180,Orange City Hospital & Research Institute,Private,Multispecialty,150,Cardiology,72,Other,Yes,Civil Lines,4.57,4.6,87.6,78,42,41,56688,Yes,Yes,4.7,0.769,81.36,Nagpur,Nagpur,Maharashtra
181,Viveka Hospital,Private,Multispecialty,100,Oncology,30,Male,No,Sitabuldi,3.06,4.0,87.0,75,86,13,25759,No,Yes,4.0,0.891,82.93,Nagpur,Nagpur,Maharashtra
182,New Era Hospital,Private,Multispecialty,100,Dermatology,58,Female,No,Ramdaspeth,12.56,4.6,83.0,60,32,70,84002,Yes,Yes,4.1,1.0,77.19,Nagpur,Nagpur,Maharashtra
183,SevenStar Hospital,Private,Multispecialty,135,Pediatrics,3,Female,No,Dhantoli,10.45,4.6,90.0,82,71,66,37638,No,Yes,4.6,0.731,75.89,Nagpur,Nagpur,Maharashtra
184,Aureus Hospital,Private,Multispecialty,110,Gynecology,63,Male,No,Shankar Nagar,8.61,4.6,86.5,98,69,34,120868,Yes,Yes,4.4,0.695,82.5,Nagpur,Nagpur,Maharashtra
185,Neuron Brain Spine & Critical Care Center,Private,Super Specialty,100,Nephrology,18,Female,No,Wardha Road,6.64,4.4,87.7,60,49,33,91989,Yes,No,4.0,0.932,78.96,Nagpur,Nagpur,Maharashtra
186,Midas Multispeciality Hospital,Private,Multispecialty,100,Emergency Medicine,36,Female,No,Mankapur,2.9,4.7,93.2,81,60,23,57717,Yes,Yes,4.3,0.612,80.6,Nagpur,Nagpur,Maharashtra
187,Suretech Hospital,Private,Multispecialty,100,Neurology,24,Male,No,Medical Square,5.03,3.8,92.7,62,39,66,16481,Yes,No,3.7,0.735,74.07,Nagpur,Nagpur,Maharashtra
188,"Government Medical College and Hospital, Nagpur",Government,Teaching Hospital,500,Ophthalmology,84,Female,No,Central Avenue,22.21,4.7,93.8,93,66,57,52311,No,Yes,4.7,0.831,75.3,Nagpur,Nagpur,Maharashtra
189,Indira Gandhi Government Medical College and Hospital,Government,Teaching Hospital,500,General Medicine,83,Male,No,Dighori,2.84,4.2,84.3,53,71,69,51121,Yes,Yes,4.3,0.677,80.75,Nagpur,Nagpur,Maharashtra
190,Daga Memorial Hospital,Government,Women & General,200,Dermatology,1,Male,No,Sakkardara,2.28,4.6,83.3,71,43,17,23565,Yes,Yes,4.2,0.931,81.57,Nagpur,Nagpur,Maharashtra
191,"Government Dental College and Hospital, Nagpur",Government,Dental,100,Nephrology,28,Male,No,Khamla,5.47,3.9,84.8,100,25,54,62639,Yes,Yes,4.7,0.813,79.65,Nagpur,Nagpur,Maharashtra
192,"Government Ayurvedic College and Hospital, Nagpur",Government,Ayurvedic,100,Neurology,67,Male,No,Gandhibagh,3.82,4.5,87.4,63,32,29,38420,No,Yes,4.6,0.924,77.84,Nagpur,Nagpur,Maharashtra
193,"Regional Mental Hospital, Nagpur",Government,Mental Health,300,General Surgery,28,Male,No,Mohan Nagar,10.09,4.2,88.2,59,94,45,25022,Yes,Yes,5.0,0.882,79.34,Nagpur,Nagpur,Maharashtra
194,KRIMS Hospitals,Private,Multispecialty,150,Pulmonology,24,Male,No,Koradi Road,15.97,4.7,83.7,97,24,13,38888,No,Yes,4.6,0.809,72.53,Nagpur,Nagpur,Maharashtra
195,Swasthyam Superspeciality Hospital,Private,Super Specialty,100,Pulmonology,56,Male,No,Civil Lines,11.09,4.1,71.6,60,77,80,44968,Yes,Yes,4.8,0.919,77.25,Nagpur,Nagpur,Maharashtra
196,Shashwat Multispeciality Hospital,Private,Multispecialty,100,General Medicine,76,Female,No,Sitabuldi,6.82,4.8,81.0,77,39,37,5000,Yes,Yes,4.4,0.921,83.96,Nagpur,Nagpur,Maharashtra
197,Arihant Multispeciality Hospital,Private,Multispecialty,100,Pulmonology,74,Female,No,Ramdaspeth,6.27,4.4,78.4,53,99,27,105785,Yes,Yes,4.2,0.798,78.79,Nagpur,Nagpur,Maharashtra
198,Lata Mangeshkar Hospital,Private/Trust,Multispecialty,150,Gastroenterology,66,Male,No,Dhantoli,1.39,4.3,84.3,89,32,42,93630,Yes,Yes,3.6,0.73,78.5,Nagpur,Nagpur,Maharashtra
199,Shree Vinayak Super Speciality Hospital,Private,Super Specialty,100,Pulmonology,19,Male,No,Shankar Nagar,7.91,4.3,98.0,48,50,25,24748,Yes,Yes,4.0,1.0,85.27,Nagpur,Nagpur,Maharashtra
200,"Max Super Speciality Hospital, Nagpur",Private,Super Specialty,200,Dermatology,62,Female,No,Wardha Road,3.41,4.7,86.4,58,30,103,46168,No,Yes,4.6,0.68,70.69,Nagpur,Nagpur,Maharashtra
201,KIMS-Kingsway Hospitals,Private,Multispecialty,334,Nephrology,47,Female,No,Mankapur,3.21,3.9,97.0,95,14,25,50739,Yes,Yes,4.5,0.615,76.57,Nagpur,Nagpur,Maharashtra
202,Alexis Multispeciality Hospital,Private,Multispecialty,200,Gastroenterology,65,Female,No,Medical Square,1.59,4.7,90.9,60,37,42,34128,Yes,Yes,4.1,0.732,79.57,Nagpur,Nagpur,Maharashtra
203,"Wockhardt Super Specialty Hospital, Nagpur",Private,Super Specialty,160,Pulmonology,24,Male,Yes,Central Avenue,7.31,4.8,94.0,83,27,22,53105,Yes,No,4.0,0.664,74.88,Nagpur,Nagpur,Maharashtra
204,"CARE Hospitals, Nagpur",Private,Multispecialty,110,Gastroenterology,4,Female,No,Dighori,21.98,4.2,88.0,45,37,55,106917,Yes,Yes,4.3,0.583,65.68,Nagpur,Nagpur,Maharashtra
205,Orange City Hospital & Research Institute,Private,Multispecialty,150,Orthopedics,73,Male,Yes,Sakkardara,0.85,4.7,85.2,72,40,50,41939,No,Yes,3.7,0.787,78.26,Nagpur,Nagpur,Maharashtra
206,Viveka Hospital,Private,Multispecialty,100,Cardiology,61,Female,No,Khamla,9.58,5.0,81.2,61,99,28,105331,No,Yes,4.0,0.972,82.89,Nagpur,Nagpur,Maharashtra
207,New Era Hospital,Private,Multispecialty,100,Gastroenterology,1,Female,No,Gandhibagh,5.53,4.1,89.4,100,17,85,74488,Yes,Yes,3.9,0.936,77.71,Nagpur,Nagpur,Maharashtra
208,SevenStar Hospital,Private,Multispecialty,135,Gynecology,60,Female,No,Mohan Nagar,8.16,4.4,91.3,75,79,55,36846,Yes,No,3.9,0.79,78.21,Nagpur,Nagpur,Maharashtra
209,Aureus Hospital,Private,Multispecialty,110,Oncology,10,Male,No,Koradi Road,10.37,5.0,86.9,92,78,25,49311,Yes,Yes,4.4,0.88,85.88,Nagpur,Nagpur,Maharashtra
210,Neuron Brain Spine & Critical Care Center,Private,Super Specialty,100,General Medicine,60,Male,No,Civil Lines,2.24,4.3,84.4,54,49,111,48413,Yes,Yes,4.2,0.877,79.48,Nagpur,Nagpur,Maharashtra
211,Midas Multispeciality Hospital,Private,Multispecialty,100,Oncology,31,Male,No,Sitabuldi,2.32,4.0,80.9,94,60,62,79416,No,Yes,3.4,0.836,77.61,Nagpur,Nagpur,Maharashtra
212,Suretech Hospital,Private,Multispecialty,100,Emergency Medicine,42,Male,No,Ramdaspeth,1.15,4.5,92.1,45,17,20,36919,Yes,Yes,3.6,0.652,76.61,Nagpur,Nagpur,Maharashtra
213,"Government Medical College and Hospital, Nagpur",Government,Teaching Hospital,500,General Surgery,81,Male,No,Dhantoli,1.46,4.7,85.5,76,84,74,47344,Yes,Yes,4.0,0.872,86.2,Nagpur,Nagpur,Maharashtra
214,Indira Gandhi Government Medical College and Hospital,Government,Teaching Hospital,500,Neurology,9,Male,No,Shankar Nagar,4.77,4.0,94.1,70,42,12,85206,Yes,Yes,4.8,0.768,76.75,Nagpur,Nagpur,Maharashtra
215,Daga Memorial Hospital,Government,Women & General,200,Pulmonology,41,Male,No,Wardha Road,2.23,4.6,79.3,56,12,82,28117,No,No,4.4,0.984,75.1,Nagpur,Nagpur,Maharashtra
216,"Government Dental College and Hospital, Nagpur",Government,Dental,100,Gynecology,6,Female,Yes,Mankapur,2.37,4.4,90.9,89,74,23,21253,No,Yes,4.7,0.809,81.89,Nagpur,Nagpur,Maharashtra
217,"Government Ayurvedic College and Hospital, Nagpur",Government,Ayurvedic,100,Neurology,81,Male,Yes,Medical Square,2.89,4.0,86.0,76,90,17,63262,Yes,Yes,4.4,0.642,81.72,Nagpur,Nagpur,Maharashtra
218,"Regional Mental Hospital, Nagpur",Government,Mental Health,300,Pediatrics,58,Female,No,Central Avenue,3.84,4.2,76.5,95,13,69,5000,Yes,Yes,5.0,0.959,80.96,Nagpur,Nagpur,Maharashtra
219,KRIMS Hospitals,Private,Multispecialty,150,Pulmonology,28,Male,No,Dighori,1.37,4.2,81.8,63,68,51,42631,No,Yes,4.5,0.825,78.86,Nagpur,Nagpur,Maharashtra
220,Swasthyam Superspeciality Hospital,Private,Super Specialty,100,Gastroenterology,37,Male,No,Sakkardara,9.81,4.5,90.9,73,28,19,43902,No,Yes,4.1,0.93,80.16,Nagpur,Nagpur,Maharashtra
221,Shashwat Multispeciality Hospital,Private,Multispecialty,100,Oncology,83,Male,No,Khamla,10.81,3.8,86.1,71,68,64,77752,Yes,No,4.2,0.842,73.98,Nagpur,Nagpur,Maharashtra
222,Arihant Multispeciality Hospital,Private,Multispecialty,100,General Surgery,22,Female,Yes,Gandhibagh,3.61,4.3,86.5,71,37,18,14298,No,Yes,5.0,0.879,77.95,Nagpur,Nagpur,Maharashtra
223,Lata Mangeshkar Hospital,Private/Trust,Multispecialty,150,General Medicine,57,Male,Yes,Mohan Nagar,7.39,4.4,90.5,68,84,24,46371,No,Yes,4.8,0.723,77.38,Nagpur,Nagpur,Maharashtra
224,Shree Vinayak Super Speciality Hospital,Private,Super Specialty,100,Pediatrics,28,Male,No,Koradi Road,5.88,4.5,80.3,50,89,37,62577,Yes,Yes,3.5,0.73,77.56,Nagpur,Nagpur,Maharashtra
225,"Max Super Speciality Hospital, Nagpur",Private,Super Specialty,200,ENT,1,Male,No,Civil Lines,3.99,4.3,89.4,49,82,91,38277,Yes,Yes,4.2,0.686,75.25,Nagpur,Nagpur,Maharashtra
226,KIMS-Kingsway Hospitals,Private,Multispecialty,334,General Surgery,26,Male,No,Sitabuldi,2.51,4.6,91.6,66,60,38,8543,No,No,4.6,0.679,79.17,Nagpur,Nagpur,Maharashtra
227,Alexis Multispeciality Hospital,Private,Multispecialty,200,Neurology,72,Female,No,Ramdaspeth,14.67,4.3,74.8,74,65,48,46048,Yes,Yes,4.3,0.916,78.45,Nagpur,Nagpur,Maharashtra
228,"Wockhardt Super Specialty Hospital, Nagpur",Private,Super Specialty,160,Emergency Medicine,49,Male,No,Dhantoli,10.36,5.0,90.3,79,72,58,101928,Yes,No,4.8,0.677,76.43,Nagpur,Nagpur,Maharashtra
229,"CARE Hospitals, Nagpur",Private,Multispecialty,110,Ophthalmology,52,Male,No,Shankar Nagar,5.4,5.0,98.0,78,44,46,45663,Yes,Yes,4.0,0.838,83.0,Nagpur,Nagpur,Maharashtra
230,Orange City Hospital & Research Institute,Private,Multispecialty,150,Emergency Medicine,2,Male,Yes,Wardha Road,16.91,4.9,82.9,90,24,21,49305,Yes,Yes,3.6,0.746,72.36,Nagpur,Nagpur,Maharashtra
231,Viveka Hospital,Private,Multispecialty,100,Pediatrics,41,Other,Yes,Mankapur,0.67,4.7,78.7,53,57,72,68760,Yes,No,3.2,0.871,79.09,Nagpur,Nagpur,Maharashtra
232,New Era Hospital,Private,Multispecialty,100,ENT,43,Female,Yes,Medical Square,9.81,4.7,94.5,76,86,51,57237,Yes,Yes,3.8,0.923,85.5,Nagpur,Nagpur,Maharashtra
233,SevenStar Hospital,Private,Multispecialty,135,Orthopedics,70,Male,No,Central Avenue,10.45,4.6,86.5,78,75,60,25237,Yes,Yes,4.1,0.829,83.02,Nagpur,Nagpur,Maharashtra
234,Aureus Hospital,Private,Multispecialty,110,Cardiology,28,Female,Yes,Dighori,2.95,4.5,86.2,83,36,43,55314,Yes,No,4.2,0.765,74.75,Nagpur,Nagpur,Maharashtra
235,Neuron Brain Spine & Critical Care Center,Private,Super Specialty,100,ENT,17,Male,No,Sakkardara,1.43,4.3,97.4,77,73,77,63798,Yes,No,4.6,0.789,83.16,Nagpur,Nagpur,Maharashtra
236,Midas Multispeciality Hospital,Private,Multispecialty,100,Orthopedics,72,Female,No,Khamla,4.43,4.3,84.1,56,19,71,35978,Yes,Yes,3.7,0.853,72.84,Nagpur,Nagpur,Maharashtra
237,Suretech Hospital,Private,Multispecialty,100,Oncology,69,Female,No,Gandhibagh,6.76,4.1,92.3,82,78,13,50753,Yes,Yes,4.5,0.615,82.13,Nagpur,Nagpur,Maharashtra
238,"Government Medical College and Hospital, Nagpur",Government,Teaching Hospital,500,Dermatology,18,Male,Yes,Mohan Nagar,6.54,4.3,84.3,57,29,53,59651,Yes,Yes,4.5,1.0,79.84,Nagpur,Nagpur,Maharashtra
239,Indira Gandhi Government Medical College and Hospital,Government,Teaching Hospital,500,Emergency Medicine,33,Female,No,Koradi Road,1.99,4.1,84.7,88,89,78,100024,Yes,Yes,5.0,0.716,80.29,Nagpur,Nagpur,Maharashtra
240,Daga Memorial Hospital,Government,Women & General,200,Gastroenterology,42,Male,Yes,Civil Lines,13.04,4.6,78.1,79,18,64,54027,Yes,Yes,3.9,0.828,70.1,Nagpur,Nagpur,Maharashtra
241,"Government Dental College and Hospital, Nagpur",Government,Dental,100,Pediatrics,49,Female,Yes,Sitabuldi,6.47,4.5,84.2,94,76,71,53403,No,Yes,3.8,0.936,82.57,Nagpur,Nagpur,Maharashtra
242,"Government Ayurvedic College and Hospital, Nagpur",Government,Ayurvedic,100,Pediatrics,69,Female,No,Ramdaspeth,4.52,3.9,86.4,85,84,50,21348,Yes,Yes,4.2,0.852,84.36,Nagpur,Nagpur,Maharashtra
243,"Regional Mental Hospital, Nagpur",Government,Mental Health,300,Pediatrics,49,Female,Yes,Dhantoli,12.39,4.9,89.5,89,50,62,70582,No,Yes,5.0,0.791,76.59,Nagpur,Nagpur,Maharashtra
244,KRIMS Hospitals,Private,Multispecialty,150,Pulmonology,75,Male,Yes,Shankar Nagar,6.32,3.8,88.1,80,52,5,58421,Yes,No,4.5,0.588,71.99,Nagpur,Nagpur,Maharashtra
245,Swasthyam Superspeciality Hospital,Private,Super Specialty,100,Pediatrics,8,Male,Yes,Wardha Road,2.78,4.1,91.4,61,67,33,28745,Yes,Yes,4.4,1.0,89.54,Nagpur,Nagpur,Maharashtra
246,Shashwat Multispeciality Hospital,Private,Multispecialty,100,ENT,7,Female,No,Mankapur,1.43,4.1,83.8,64,57,18,24330,Yes,Yes,3.9,0.831,83.91,Nagpur,Nagpur,Maharashtra
247,Arihant Multispeciality Hospital,Private,Multispecialty,100,Cardiology,2,Male,No,Medical Square,4.47,4.5,92.0,45,34,47,35455,Yes,Yes,4.4,0.846,80.32,Nagpur,Nagpur,Maharashtra
248,Lata Mangeshkar Hospital,Private/Trust,Multispecialty,150,Nephrology,54,Female,No,Central Avenue,9.42,4.8,89.4,85,49,52,61175,Yes,Yes,5.0,0.737,80.24,Nagpur,Nagpur,Maharashtra
249,Shree Vinayak Super Speciality Hospital,Private,Super Specialty,100,Neurology,46,Male,No,Dighori,2.82,3.8,83.5,80,66,60,124992,Yes,Yes,4.6,0.805,81.38,Nagpur,Nagpur,Maharashtra
250,"Max Super Speciality Hospital, Nagpur",Private,Super Specialty,200,Emergency Medicine,4,Female,No,Sakkardara,8.55,4.2,86.8,65,76,54,10331,Yes,Yes,4.3,0.795,81.0,Nagpur,Nagpur,Maharashtra
251,KIMS-Kingsway Hospitals,Private,Multispecialty,334,Pediatrics,52,Male,No,Khamla,9.52,4.2,79.9,90,12,58,82261,No,Yes,4.4,0.743,66.18,Nagpur,Nagpur,Maharashtra
252,Alexis Multispeciality Hospital,Private,Multispecialty,200,Gastroenterology,40,Male,Yes,Gandhibagh,12.27,3.9,86.0,56,10,89,42678,Yes,Yes,4.0,0.894,68.88,Nagpur,Nagpur,Maharashtra
253,"Wockhardt Super Specialty Hospital, Nagpur",Private,Super Specialty,160,General Medicine,83,Male,No,Mohan Nagar,1.93,4.3,86.1,92,70,39,62527,No,Yes,3.8,0.727,79.27,Nagpur,Nagpur,Maharashtra
254,"CARE Hospitals, Nagpur",Private,Multispecialty,110,Dermatology,17,Male,No,Koradi Road,3.22,4.8,83.6,70,90,49,94008,Yes,Yes,4.8,0.734,82.12,Nagpur,Nagpur,Maharashtra
255,Orange City Hospital & Research Institute,Private,Multispecialty,150,Orthopedics,26,Female,No,Civil Lines,5.95,4.0,82.2,54,41,40,35630,Yes,Yes,4.5,0.864,77.82,Nagpur,Nagpur,Maharashtra
256,Viveka Hospital,Private,Multispecialty,100,ENT,46,Female,No,Sitabuldi,6.24,4.4,74.0,61,69,113,76659,Yes,Yes,3.9,0.758,73.47,Nagpur,Nagpur,Maharashtra
257,New Era Hospital,Private,Multispecialty,100,Oncology,75,Male,Yes,Ramdaspeth,5.04,4.5,80.7,80,95,15,96068,Yes,No,4.4,1.0,85.53,Nagpur,Nagpur,Maharashtra
258,SevenStar Hospital,Private,Multispecialty,135,General Surgery,27,Male,No,Dhantoli,3.33,3.9,90.4,55,49,52,22454,Yes,Yes,4.8,0.817,83.12,Nagpur,Nagpur,Maharashtra
259,Aureus Hospital,Private,Multispecialty,110,Ophthalmology,5,Male,No,Shankar Nagar,3.56,4.1,80.7,56,31,5,28591,Yes,Yes,3.6,0.975,80.22,Nagpur,Nagpur,Maharashtra
260,Neuron Brain Spine & Critical Care Center,Private,Super Specialty,100,Dermatology,36,Male,No,Wardha Road,1.12,3.8,98.0,85,40,18,28984,Yes,Yes,5.0,0.775,82.01,Nagpur,Nagpur,Maharashtra
261,Midas Multispeciality Hospital,Private,Multispecialty,100,Cardiology,43,Male,Yes,Mankapur,2.88,4.5,89.9,75,13,17,71645,Yes,Yes,4.6,0.607,73.78,Nagpur,Nagpur,Maharashtra
262,Suretech Hospital,Private,Multispecialty,100,Emergency Medicine,17,Male,No,Medical Square,6.49,4.5,89.3,78,53,56,56702,Yes,Yes,4.1,0.65,79.22,Nagpur,Nagpur,Maharashtra
263,"Government Medical College and Hospital, Nagpur",Government,Teaching Hospital,500,Pulmonology,72,Male,No,Central Avenue,0.59,4.3,83.6,87,53,43,44806,Yes,Yes,3.3,0.748,83.38,Nagpur,Nagpur,Maharashtra
264,Indira Gandhi Government Medical College and Hospital,Government,Teaching Hospital,500,Orthopedics,47,Male,No,Dighori,12.19,4.2,86.6,68,82,20,28889,Yes,Yes,3.5,0.781,80.48,Nagpur,Nagpur,Maharashtra
265,Daga Memorial Hospital,Government,Women & General,200,Nephrology,60,Female,Yes,Sakkardara,6.31,4.6,92.7,50,12,38,46061,Yes,Yes,3.9,0.762,76.86,Nagpur,Nagpur,Maharashtra
266,"Government Dental College and Hospital, Nagpur",Government,Dental,100,General Medicine,62,Male,No,Khamla,1.97,4.1,91.6,82,26,70,48856,No,Yes,4.3,0.903,78.94,Nagpur,Nagpur,Maharashtra
267,"Government Ayurvedic College and Hospital, Nagpur",Government,Ayurvedic,100,Orthopedics,53,Female,No,Gandhibagh,3.87,4.1,95.0,62,92,51,72173,Yes,No,4.1,1.0,85.91,Nagpur,Nagpur,Maharashtra
268,"Regional Mental Hospital, Nagpur",Government,Mental Health,300,Ophthalmology,66,Female,No,Mohan Nagar,6.54,3.8,82.7,74,54,28,70867,No,Yes,3.6,0.836,76.27,Nagpur,Nagpur,Maharashtra
269,KRIMS Hospitals,Private,Multispecialty,150,Pulmonology,41,Female,No,Koradi Road,19.27,4.1,87.0,53,56,41,54216,No,Yes,4.1,0.765,67.98,Nagpur,Nagpur,Maharashtra
270,Swasthyam Superspeciality Hospital,Private,Super Specialty,100,Nephrology,3,Male,No,Civil Lines,4.63,4.2,91.4,49,47,66,72836,Yes,Yes,4.3,1.0,79.62,Nagpur,Nagpur,Maharashtra
271,Shashwat Multispeciality Hospital,Private,Multispecialty,100,Oncology,18,Female,No,Sitabuldi,2.44,4.3,74.7,84,11,41,50992,Yes,No,3.8,0.648,70.76,Nagpur,Nagpur,Maharashtra
272,Arihant Multispeciality Hospital,Private,Multispecialty,100,Gastroenterology,68,Female,No,Ramdaspeth,9.13,4.2,94.2,88,21,24,12093,No,Yes,5.0,0.807,76.69,Nagpur,Nagpur,Maharashtra
273,Lata Mangeshkar Hospital,Private/Trust,Multispecialty,150,Emergency Medicine,42,Male,No,Dhantoli,7.45,4.5,86.7,97,20,49,35546,Yes,Yes,4.5,0.533,77.74,Nagpur,Nagpur,Maharashtra
274,Shree Vinayak Super Speciality Hospital,Private,Super Specialty,100,Cardiology,64,Female,Yes,Shankar Nagar,7.49,4.5,83.1,58,42,73,79366,Yes,Yes,3.9,0.951,75.8,Nagpur,Nagpur,Maharashtra
275,"Max Super Speciality Hospital, Nagpur",Private,Super Specialty,200,Oncology,59,Male,Yes,Wardha Road,10.02,4.3,82.1,84,64,25,63744,Yes,No,3.9,0.875,78.82,Nagpur,Nagpur,Maharashtra
276,KIMS-Kingsway Hospitals,Private,Multispecialty,334,Gastroenterology,6,Male,No,Mankapur,3.67,3.7,88.6,74,75,42,11667,Yes,Yes,4.4,0.667,79.63,Nagpur,Nagpur,Maharashtra
277,Alexis Multispeciality Hospital,Private,Multispecialty,200,Orthopedics,16,Female,No,Medical Square,10.28,3.9,80.0,96,35,11,49360,Yes,Yes,3.7,0.812,78.98,Nagpur,Nagpur,Maharashtra
278,"Wockhardt Super Specialty Hospital, Nagpur",Private,Super Specialty,160,Gynecology,70,Female,No,Central Avenue,2.63,4.2,90.5,73,46,5,35358,Yes,Yes,3.6,0.947,85.34,Nagpur,Nagpur,Maharashtra
279,"CARE Hospitals, Nagpur",Private,Multispecialty,110,Cardiology,77,Male,No,Dighori,2.68,4.7,92.9,59,15,19,86938,No,Yes,3.5,0.536,70.96,Nagpur,Nagpur,Maharashtra
280,Orange City Hospital & Research Institute,Private,Multispecialty,150,General Medicine,59,Male,No,Sakkardara,18.53,4.3,88.1,66,60,73,46411,Yes,Yes,4.4,0.864,75.53,Nagpur,Nagpur,Maharashtra
281,Viveka Hospital,Private,Multispecialty,100,Pediatrics,53,Female,No,Khamla,15.05,4.9,91.3,47,66,15,37766,Yes,Yes,5.0,0.827,82.33,Nagpur,Nagpur,Maharashtra
282,New Era Hospital,Private,Multispecialty,100,Emergency Medicine,9,Female,Yes,Gandhibagh,12.67,4.6,89.2,98,12,43,71019,Yes,Yes,3.7,0.867,75.32,Nagpur,Nagpur,Maharashtra
283,SevenStar Hospital,Private,Multispecialty,135,General Surgery,81,Female,No,Mohan Nagar,5.88,4.1,96.8,83,69,34,67059,Yes,No,4.6,0.611,79.84,Nagpur,Nagpur,Maharashtra
284,Aureus Hospital,Private,Multispecialty,110,Gastroenterology,21,Female,No,Koradi Road,10.71,4.0,93.2,88,63,33,35016,Yes,Yes,4.1,0.669,76.91,Nagpur,Nagpur,Maharashtra
285,Neuron Brain Spine & Critical Care Center,Private,Super Specialty,100,Oncology,15,Female,Yes,Civil Lines,3.65,4.3,85.7,61,30,80,5000,No,Yes,4.0,0.991,76.88,Nagpur,Nagpur,Maharashtra
286,Midas Multispeciality Hospital,Private,Multispecialty,100,Dermatology,18,Female,No,Sitabuldi,3.48,4.0,95.7,69,78,56,48464,No,Yes,4.1,0.705,80.26,Nagpur,Nagpur,Maharashtra
287,Suretech Hospital,Private,Multispecialty,100,Ophthalmology,51,Female,No,Ramdaspeth,5.0,5.0,90.0,84,77,53,55946,Yes,Yes,4.3,0.731,83.81,Nagpur,Nagpur,Maharashtra
288,"Government Medical College and Hospital, Nagpur",Government,Teaching Hospital,500,General Medicine,26,Male,No,Dhantoli,28.23,4.4,79.0,76,22,21,43938,Yes,No,4.5,0.647,67.89,Nagpur,Nagpur,Maharashtra
289,Indira Gandhi Government Medical College and Hospital,Government,Teaching Hospital,500,Cardiology,49,Female,No,Shankar Nagar,7.59,4.4,85.2,53,89,38,5000,Yes,Yes,4.0,0.703,81.39,Nagpur,Nagpur,Maharashtra
290,Daga Memorial Hospital,Government,Women & General,200,Neurology,72,Female,No,Wardha Road,7.29,3.9,88.5,82,63,19,36232,Yes,Yes,4.0,1.0,86.08,Nagpur,Nagpur,Maharashtra
291,"Government Dental College and Hospital, Nagpur",Government,Dental,100,Pulmonology,13,Male,No,Mankapur,0.5,4.5,86.9,46,68,63,16132,Yes,Yes,5.0,0.901,80.58,Nagpur,Nagpur,Maharashtra
292,"Government Ayurvedic College and Hospital, Nagpur",Government,Ayurvedic,100,Pediatrics,40,Female,No,Medical Square,1.42,4.5,90.8,54,20,63,45489,Yes,Yes,3.5,1.0,81.67,Nagpur,Nagpur,Maharashtra
293,"Regional Mental Hospital, Nagpur",Government,Mental Health,300,Cardiology,31,Male,No,Central Avenue,1.71,4.4,85.2,88,66,13,53787,Yes,Yes,4.9,0.874,89.85,Nagpur,Nagpur,Maharashtra
294,KRIMS Hospitals,Private,Multispecialty,150,Nephrology,51,Female,No,Dighori,0.89,4.3,92.5,93,37,40,33328,Yes,Yes,4.4,0.917,88.79,Nagpur,Nagpur,Maharashtra
295,Swasthyam Superspeciality Hospital,Private,Super Specialty,100,Cardiology,48,Female,No,Sakkardara,2.03,4.4,79.7,79,69,7,53671,Yes,Yes,4.4,1.0,89.58,Nagpur,Nagpur,Maharashtra
296,Shashwat Multispeciality Hospital,Private,Multispecialty,100,Orthopedics,3,Other,No,Khamla,2.12,3.6,87.8,52,76,47,28056,Yes,Yes,4.8,0.91,82.08,Nagpur,Nagpur,Maharashtra
297,Arihant Multispeciality Hospital,Private,Multispecialty,100,Pulmonology,66,Female,Yes,Gandhibagh,7.65,4.1,86.4,94,84,50,64542,Yes,Yes,3.9,0.899,85.05,Nagpur,Nagpur,Maharashtra
298,Lata Mangeshkar Hospital,Private/Trust,Multispecialty,150,Neurology,75,Male,No,Mohan Nagar,2.46,4.1,98.0,91,54,28,67814,No,Yes,4.5,0.814,82.14,Nagpur,Nagpur,Maharashtra
299,Shree Vinayak Super Speciality Hospital,Private,Super Specialty,100,Neurology,43,Female,No,Koradi Road,5.23,4.9,81.7,46,28,36,98988,Yes,Yes,3.8,0.91,74.57,Nagpur,Nagpur,Maharashtra
300,"Max Super Speciality Hospital, Nagpur",Private,Super Specialty,200,General Surgery,79,Other,No,Civil Lines,3.3,4.7,80.2,85,19,27,95039,Yes,Yes,3.8,0.797,77.71,Nagpur,Nagpur,Maharashtra
301,KIMS-Kingsway Hospitals,Private,Multispecialty,334,Dermatology,12,Female,No,Sitabuldi,5.36,4.6,87.0,96,91,5,28593,Yes,Yes,4.2,0.855,86.97,Nagpur,Nagpur,Maharashtra
302,Alexis Multispeciality Hospital,Private,Multispecialty,200,Dermatology,24,Female,Yes,Ramdaspeth,12.85,4.5,98.0,75,28,44,64158,Yes,Yes,3.7,0.89,80.59,Nagpur,Nagpur,Maharashtra
303,"Wockhardt Super Specialty Hospital, Nagpur",Private,Super Specialty,160,Nephrology,27,Male,No,Dhantoli,7.52,3.4,95.5,67,90,24,79873,Yes,Yes,4.4,0.889,86.1,Nagpur,Nagpur,Maharashtra
304,"CARE Hospitals, Nagpur",Private,Multispecialty,110,Pediatrics,50,Male,No,Shankar Nagar,1.54,4.2,91.9,70,37,52,49313,Yes,Yes,2.8,0.758,79.87,Nagpur,Nagpur,Maharashtra
305,Orange City Hospital & Research Institute,Private,Multispecialty,150,Nephrology,75,Female,Yes,Wardha Road,4.61,4.5,90.6,68,87,54,32549,Yes,Yes,4.5,0.842,87.02,Nagpur,Nagpur,Maharashtra
306,Viveka Hospital,Private,Multispecialty,100,Pediatrics,35,Male,No,Mankapur,7.04,4.9,77.8,94,43,40,76212,Yes,Yes,4.1,0.969,84.76,Nagpur,Nagpur,Maharashtra
307,New Era Hospital,Private,Multispecialty,100,Pediatrics,77,Female,Yes,Medical Square,16.48,4.4,87.7,68,50,42,59741,Yes,Yes,3.7,0.908,77.18,Nagpur,Nagpur,Maharashtra
308,SevenStar Hospital,Private,Multispecialty,135,Cardiology,52,Male,No,Central Avenue,3.16,3.4,82.0,66,77,59,27350,Yes,Yes,4.6,0.969,84.24,Nagpur,Nagpur,Maharashtra
309,Aureus Hospital,Private,Multispecialty,110,General Surgery,25,Male,Yes,Dighori,1.97,3.8,82.6,96,27,52,25014,Yes,No,4.0,0.736,79.39,Nagpur,Nagpur,Maharashtra
310,Neuron Brain Spine & Critical Care Center,Private,Super Specialty,100,Pediatrics,6,Female,No,Sakkardara,4.84,4.3,83.4,82,34,39,31384,Yes,Yes,4.0,0.837,80.5,Nagpur,Nagpur,Maharashtra
311,Midas Multispeciality Hospital,Private,Multispecialty,100,Cardiology,38,Male,Yes,Khamla,2.16,4.2,91.4,75,38,108,77142,Yes,No,5.0,0.671,68.54,Nagpur,Nagpur,Maharashtra
312,Suretech Hospital,Private,Multispecialty,100,Orthopedics,59,Female,Yes,Gandhibagh,6.14,4.5,92.8,100,27,17,95352,Yes,Yes,3.9,0.669,77.11,Nagpur,Nagpur,Maharashtra
313,"Government Medical College and Hospital, Nagpur",Government,Teaching Hospital,500,Gynecology,70,Female,No,Mohan Nagar,3.04,4.5,89.6,56,71,41,64025,Yes,Yes,4.7,0.824,84.58,Nagpur,Nagpur,Maharashtra
314,Indira Gandhi Government Medical College and Hospital,Government,Teaching Hospital,500,Ophthalmology,47,Female,No,Koradi Road,8.37,4.5,85.9,91,26,58,65661,No,Yes,3.8,0.701,75.69,Nagpur,Nagpur,Maharashtra
315,Daga Memorial Hospital,Government,Women & General,200,Orthopedics,29,Female,Yes,Civil Lines,5.62,4.0,87.7,69,48,51,83237,Yes,Yes,4.3,0.841,78.24,Nagpur,Nagpur,Maharashtra
316,"Government Dental College and Hospital, Nagpur",Government,Dental,100,Nephrology,66,Male,No,Sitabuldi,3.64,4.1,93.4,74,52,43,48233,Yes,Yes,4.2,0.795,82.21,Nagpur,Nagpur,Maharashtra
317,"Government Ayurvedic College and Hospital, Nagpur",Government,Ayurvedic,100,Pulmonology,57,Male,No,Ramdaspeth,0.83,4.4,91.0,74,32,89,39778,Yes,Yes,3.8,0.862,81.24,Nagpur,Nagpur,Maharashtra
318,"Regional Mental Hospital, Nagpur",Government,Mental Health,300,Ophthalmology,31,Male,No,Dhantoli,11.27,4.0,94.4,91,19,85,60000,No,Yes,4.0,0.947,74.08,Nagpur,Nagpur,Maharashtra
319,KRIMS Hospitals,Private,Multispecialty,150,Gastroenterology,59,Male,No,Shankar Nagar,4.73,4.2,95.4,80,36,52,56699,Yes,Yes,4.2,0.979,84.85,Nagpur,Nagpur,Maharashtra
320,Swasthyam Superspeciality Hospital,Private,Super Specialty,100,Pediatrics,19,Male,No,Wardha Road,4.64,4.0,90.1,65,78,56,43813,Yes,Yes,4.4,0.971,84.9,Nagpur,Nagpur,Maharashtra
321,Shashwat Multispeciality Hospital,Private,Multispecialty,100,ENT,41,Male,Yes,Mankapur,17.23,4.2,87.6,93,67,35,54564,Yes,Yes,3.1,1.0,80.75,Nagpur,Nagpur,Maharashtra
322,Arihant Multispeciality Hospital,Private,Multispecialty,100,Gynecology,16,Female,Yes,Medical Square,2.82,4.1,92.5,47,64,33,48861,Yes,Yes,3.6,0.606,74.89,Nagpur,Nagpur,Maharashtra
323,Lata Mangeshkar Hospital,Private/Trust,Multispecialty,150,ENT,20,Male,No,Central Avenue,0.55,4.8,90.4,84,24,19,16597,Yes,Yes,4.6,0.865,87.64,Nagpur,Nagpur,Maharashtra
324,Shree Vinayak Super Speciality Hospital,Private,Super Specialty,100,ENT,53,Female,Yes,Dighori,4.26,3.7,86.6,48,52,8,38906,No,No,3.5,0.937,76.41,Nagpur,Nagpur,Maharashtra
325,"Max Super Speciality Hospital, Nagpur",Private,Super Specialty,200,Oncology,27,Male,No,Sakkardara,2.26,5.0,88.6,64,87,49,21205,Yes,Yes,4.0,0.83,87.95,Nagpur,Nagpur,Maharashtra
326,KIMS-Kingsway Hospitals,Private,Multispecialty,334,Dermatology,53,Male,No,Khamla,6.13,4.3,90.6,81,80,50,94818,Yes,Yes,4.5,0.604,76.4,Nagpur,Nagpur,Maharashtra
327,Alexis Multispeciality Hospital,Private,Multispecialty,200,Nephrology,17,Male,No,Gandhibagh,7.78,4.5,85.3,65,86,46,55644,Yes,Yes,4.8,0.9,81.99,Nagpur,Nagpur,Maharashtra
328,"Wockhardt Super Specialty Hospital, Nagpur",Private,Super Specialty,160,Gynecology,3,Male,No,Mohan Nagar,7.2,4.0,95.2,65,91,5,53716,Yes,Yes,4.0,0.794,84.16,Nagpur,Nagpur,Maharashtra
329,"CARE Hospitals, Nagpur",Private,Multispecialty,110,Pediatrics,21,Other,No,Koradi Road,11.21,4.9,94.3,95,48,22,98285,No,Yes,3.9,0.766,73.82,Nagpur,Nagpur,Maharashtra
330,Orange City Hospital & Research Institute,Private,Multispecialty,150,Gynecology,5,Male,Yes,Civil Lines,3.24,4.1,87.0,99,66,79,63861,Yes,Yes,4.7,0.795,82.44,Nagpur,Nagpur,Maharashtra
331,Viveka Hospital,Private,Multispecialty,100,Dermatology,84,Male,No,Sitabuldi,5.32,4.6,82.6,68,62,60,61363,No,Yes,4.3,0.853,75.5,Nagpur,Nagpur,Maharashtra
332,New Era Hospital,Private,Multispecialty,100,Pulmonology,25,Male,No,Ramdaspeth,1.28,3.4,85.3,45,72,48,69041,No,Yes,4.5,0.971,74.94,Nagpur,Nagpur,Maharashtra
333,SevenStar Hospital,Private,Multispecialty,135,Nephrology,71,Male,Yes,Dhantoli,6.67,4.2,93.0,68,65,43,40903,Yes,No,4.7,0.75,80.13,Nagpur,Nagpur,Maharashtra
334,Aureus Hospital,Private,Multispecialty,110,Pediatrics,44,Female,No,Shankar Nagar,3.93,4.5,89.4,81,49,5,65617,No,Yes,4.6,0.669,75.23,Nagpur,Nagpur,Maharashtra
335,Neuron Brain Spine & Critical Care Center,Private,Super Specialty,100,General Surgery,75,Female,Yes,Wardha Road,3.55,4.2,80.9,47,61,25,82338,Yes,Yes,4.0,0.56,73.55,Nagpur,Nagpur,Maharashtra
336,Midas Multispeciality Hospital,Private,Multispecialty,100,Nephrology,24,Female,Yes,Mankapur,10.98,4.8,87.7,68,39,8,72826,Yes,No,3.7,0.75,73.05,Nagpur,Nagpur,Maharashtra
337,Suretech Hospital,Private,Multispecialty,100,ENT,56,Female,No,Medical Square,12.42,4.0,81.7,91,66,70,65480,Yes,Yes,3.9,0.737,75.67,Nagpur,Nagpur,Maharashtra
338,"Government Medical College and Hospital, Nagpur",Government,Teaching Hospital,500,Emergency Medicine,45,Female,No,Central Avenue,5.13,4.6,82.1,63,12,37,63952,Yes,Yes,3.9,0.946,77.7,Nagpur,Nagpur,Maharashtra
339,Indira Gandhi Government Medical College and Hospital,Government,Teaching Hospital,500,Neurology,75,Female,No,Dighori,11.5,4.5,88.4,83,25,27,30398,Yes,Yes,4.1,0.83,81.69,Nagpur,Nagpur,Maharashtra
340,Daga Memorial Hospital,Government,Women & General,200,Nephrology,7,Male,No,Sakkardara,17.71,4.5,80.0,58,44,57,48681,Yes,Yes,3.8,0.772,69.98,Nagpur,Nagpur,Maharashtra
341,"Government Dental College and Hospital, Nagpur",Government,Dental,100,Pediatrics,41,Male,Yes,Khamla,5.14,4.7,85.7,46,93,60,50300,Yes,Yes,4.6,0.978,86.57,Nagpur,Nagpur,Maharashtra
342,"Government Ayurvedic College and Hospital, Nagpur",Government,Ayurvedic,100,ENT,49,Male,No,Gandhibagh,7.98,3.9,86.0,47,56,32,92043,No,Yes,4.3,0.925,72.82,Nagpur,Nagpur,Maharashtra
343,"Regional Mental Hospital, Nagpur",Government,Mental Health,300,Pediatrics,64,Female,No,Mohan Nagar,3.19,4.5,90.8,63,63,56,50448,Yes,Yes,4.7,0.714,81.14,Nagpur,Nagpur,Maharashtra
344,KRIMS Hospitals,Private,Multispecialty,150,Orthopedics,42,Female,No,Koradi Road,1.46,4.3,88.3,96,62,61,33109,Yes,No,3.9,0.569,77.59,Nagpur,Nagpur,Maharashtra
345,Swasthyam Superspeciality Hospital,Private,Super Specialty,100,Emergency Medicine,17,Male,No,Civil Lines,2.25,3.7,81.4,80,50,100,73159,Yes,Yes,3.8,1.0,79.68,Nagpur,Nagpur,Maharashtra
346,Shashwat Multispeciality Hospital,Private,Multispecialty,100,Pulmonology,8,Female,No,Sitabuldi,2.84,4.3,87.6,47,100,54,28069,Yes,Yes,4.2,0.92,83.72,Nagpur,Nagpur,Maharashtra
347,Arihant Multispeciality Hospital,Private,Multispecialty,100,Orthopedics,34,Male,No,Ramdaspeth,7.55,4.7,88.4,92,88,29,49509,Yes,Yes,3.8,0.682,79.91,Nagpur,Nagpur,Maharashtra
348,Lata Mangeshkar Hospital,Private/Trust,Multispecialty,150,Dermatology,66,Female,No,Dhantoli,3.62,4.5,92.4,85,70,34,68435,Yes,Yes,4.7,0.863,87.45,Nagpur,Nagpur,Maharashtra
349,Shree Vinayak Super Speciality Hospital,Private,Super Specialty,100,General Surgery,6,Female,No,Shankar Nagar,6.68,4.5,88.3,74,69,54,47206,No,Yes,4.0,1.0,80.64,Nagpur,Nagpur,Maharashtra
350,"Max Super Speciality Hospital, Nagpur",Private,Super Specialty,200,Pediatrics,55,Male,Yes,Wardha Road,2.66,4.6,83.8,66,81,65,81373,Yes,No,4.1,0.842,80.37,Nagpur,Nagpur,Maharashtra
351,KIMS-Kingsway Hospitals,Private,Multispecialty,334,Gynecology,58,Male,No,Mankapur,14.97,4.6,80.5,95,81,13,17813,Yes,Yes,4.6,0.8,84.18,Nagpur,Nagpur,Maharashtra
352,Alexis Multispeciality Hospital,Private,Multispecialty,200,Oncology,48,Male,No,Medical Square,0.56,4.1,93.2,61,39,29,69757,Yes,Yes,4.3,0.774,79.5,Nagpur,Nagpur,Maharashtra
353,"Wockhardt Super Specialty Hospital, Nagpur",Private,Super Specialty,160,General Surgery,62,Male,Yes,Central Avenue,2.05,4.5,90.3,83,40,25,78181,Yes,Yes,3.8,0.745,85.86,Nagpur,Nagpur,Maharashtra
354,"CARE Hospitals, Nagpur",Private,Multispecialty,110,Emergency Medicine,33,Male,No,Dighori,4.84,4.5,83.4,61,84,69,84788,Yes,Yes,4.3,0.709,81.23,Nagpur,Nagpur,Maharashtra
355,Orange City Hospital & Research Institute,Private,Multispecialty,150,Oncology,8,Female,Yes,Sakkardara,7.16,4.3,94.4,53,84,78,6711,Yes,Yes,3.5,0.812,79.76,Nagpur,Nagpur,Maharashtra
356,Viveka Hospital,Private,Multispecialty,100,Cardiology,1,Female,No,Khamla,2.46,4.5,90.3,46,68,52,97189,Yes,Yes,4.6,0.983,84.14,Nagpur,Nagpur,Maharashtra
357,New Era Hospital,Private,Multispecialty,100,General Medicine,69,Female,Yes,Gandhibagh,5.48,4.3,84.0,78,95,80,67605,Yes,Yes,4.3,1.0,83.85,Nagpur,Nagpur,Maharashtra
358,SevenStar Hospital,Private,Multispecialty,135,Neurology,1,Male,No,Mohan Nagar,4.78,4.3,85.0,80,47,93,46901,Yes,Yes,4.0,0.966,81.54,Nagpur,Nagpur,Maharashtra
359,Aureus Hospital,Private,Multispecialty,110,Ophthalmology,82,Male,Yes,Koradi Road,4.75,4.4,93.4,71,66,37,48730,No,Yes,3.9,0.729,79.11,Nagpur,Nagpur,Maharashtra
360,Neuron Brain Spine & Critical Care Center,Private,Super Specialty,100,Gastroenterology,28,Male,No,Civil Lines,4.05,4.3,97.6,80,50,5,34286,Yes,No,4.4,0.94,81.59,Nagpur,Nagpur,Maharashtra
361,Midas Multispeciality Hospital,Private,Multispecialty,100,Gynecology,72,Female,No,Sitabuldi,1.43,4.4,94.9,71,43,45,27869,Yes,Yes,4.8,0.696,83.84,Nagpur,Nagpur,Maharashtra
362,Suretech Hospital,Private,Multispecialty,100,Cardiology,83,Female,No,Ramdaspeth,9.71,3.9,93.7,79,26,40,53996,Yes,Yes,3.9,0.744,77.87,Nagpur,Nagpur,Maharashtra
363,"Government Medical College and Hospital, Nagpur",Government,Teaching Hospital,500,Oncology,31,Male,Yes,Dhantoli,1.86,4.0,84.0,86,27,43,63079,Yes,Yes,3.6,0.896,80.35,Nagpur,Nagpur,Maharashtra
364,Indira Gandhi Government Medical College and Hospital,Government,Teaching Hospital,500,Neurology,84,Female,No,Shankar Nagar,4.87,4.4,86.8,98,75,88,29259,Yes,Yes,3.4,0.886,85.68,Nagpur,Nagpur,Maharashtra
365,Daga Memorial Hospital,Government,Women & General,200,ENT,68,Female,Yes,Wardha Road,1.91,4.0,90.9,55,62,81,64294,Yes,Yes,4.0,0.922,80.35,Nagpur,Nagpur,Maharashtra
366,"Government Dental College and Hospital, Nagpur",Government,Dental,100,Neurology,5,Female,No,Mankapur,7.89,4.0,92.0,96,69,45,90423,Yes,Yes,5.0,0.743,79.09,Nagpur,Nagpur,Maharashtra
367,"Government Ayurvedic College and Hospital, Nagpur",Government,Ayurvedic,100,General Medicine,27,Female,No,Medical Square,4.24,4.6,90.1,49,15,59,73081,Yes,Yes,3.2,0.807,73.5,Nagpur,Nagpur,Maharashtra
368,"Regional Mental Hospital, Nagpur",Government,Mental Health,300,Gynecology,23,Female,Yes,Central Avenue,1.6,4.5,90.4,47,44,6,39501,Yes,Yes,4.2,1.0,87.27,Nagpur,Nagpur,Maharashtra
369,KRIMS Hospitals,Private,Multispecialty,150,Orthopedics,31,Male,Yes,Dighori,2.48,4.3,79.5,86,48,50,49308,Yes,Yes,4.5,0.777,81.2,Nagpur,Nagpur,Maharashtra
370,Swasthyam Superspeciality Hospital,Private,Super Specialty,100,General Surgery,56,Female,No,Sakkardara,0.5,3.9,88.8,79,92,60,24899,Yes,Yes,5.0,1.0,90.67,Nagpur,Nagpur,Maharashtra
371,Shashwat Multispeciality Hospital,Private,Multispecialty,100,Nephrology,50,Male,Yes,Khamla,7.5,4.3,89.0,59,59,57,40520,No,Yes,4.4,1.0,80.59,Nagpur,Nagpur,Maharashtra
372,Arihant Multispeciality Hospital,Private,Multispecialty,100,Gastroenterology,73,Male,No,Gandhibagh,12.2,4.3,89.2,50,47,36,15904,Yes,Yes,4.2,0.841,77.04,Nagpur,Nagpur,Maharashtra
373,Lata Mangeshkar Hospital,Private/Trust,Multispecialty,150,Emergency Medicine,59,Male,Yes,Mohan Nagar,7.15,4.0,84.7,86,79,30,74578,No,Yes,4.2,0.792,80.07,Nagpur,Nagpur,Maharashtra
374,Shree Vinayak Super Speciality Hospital,Private,Super Specialty,100,Pediatrics,78,Male,No,Koradi Road,4.31,4.5,86.0,72,96,78,70820,No,Yes,3.6,0.856,79.98,Nagpur,Nagpur,Maharashtra
375,"Max Super Speciality Hospital, Nagpur",Private,Super Specialty,200,General Medicine,77,Female,Yes,Civil Lines,2.77,4.9,92.6,57,13,42,52432,Yes,Yes,5.0,0.755,80.68,Nagpur,Nagpur,Maharashtra
376,KIMS-Kingsway Hospitals,Private,Multispecialty,334,Pediatrics,21,Male,Yes,Sitabuldi,6.73,4.7,77.3,83,47,92,5102,Yes,Yes,4.6,0.75,74.23,Nagpur,Nagpur,Maharashtra
377,Alexis Multispeciality Hospital,Private,Multispecialty,200,Emergency Medicine,45,Male,Yes,Ramdaspeth,7.62,3.7,92.2,66,100,73,5303,No,Yes,3.5,0.826,79.83,Nagpur,Nagpur,Maharashtra
378,"Wockhardt Super Specialty Hospital, Nagpur",Private,Super Specialty,160,Nephrology,70,Male,No,Dhantoli,3.16,3.7,86.0,50,66,49,64471,Yes,Yes,4.3,0.812,78.46,Nagpur,Nagpur,Maharashtra
379,"CARE Hospitals, Nagpur",Private,Multispecialty,110,Nephrology,48,Female,No,Shankar Nagar,7.31,4.5,88.2,90,56,36,42296,Yes,Yes,4.3,0.825,82.06,Nagpur,Nagpur,Maharashtra
380,Orange City Hospital & Research Institute,Private,Multispecialty,150,General Surgery,30,Male,No,Wardha Road,2.05,4.9,96.2,72,24,22,100281,Yes,Yes,4.8,0.943,89.04,Nagpur,Nagpur,Maharashtra
381,Viveka Hospital,Private,Multispecialty,100,General Surgery,56,Female,Yes,Mankapur,0.72,4.8,91.6,60,44,20,60671,Yes,Yes,4.3,0.814,85.18,Nagpur,Nagpur,Maharashtra
382,New Era Hospital,Private,Multispecialty,100,Gastroenterology,9,Female,No,Medical Square,1.14,4.3,85.2,79,84,56,58807,Yes,Yes,5.0,0.967,88.34,Nagpur,Nagpur,Maharashtra
383,SevenStar Hospital,Private,Multispecialty,135,Gastroenterology,63,Female,No,Central Avenue,1.41,4.4,96.2,78,67,36,8537,Yes,Yes,3.4,0.898,89.44,Nagpur,Nagpur,Maharashtra
384,Aureus Hospital,Private,Multispecialty,110,Cardiology,61,Male,No,Dighori,7.3,3.7,79.0,66,13,41,64703,No,Yes,4.7,0.709,69.07,Nagpur,Nagpur,Maharashtra
385,Neuron Brain Spine & Critical Care Center,Private,Super Specialty,100,Dermatology,73,Male,No,Sakkardara,7.53,5.0,85.9,84,22,32,96299,No,Yes,4.7,0.881,77.09,Nagpur,Nagpur,Maharashtra
386,Midas Multispeciality Hospital,Private,Multispecialty,100,Gastroenterology,82,Male,No,Khamla,5.47,4.8,84.4,94,80,6,25403,Yes,Yes,5.0,0.803,86.46,Nagpur,Nagpur,Maharashtra
387,Suretech Hospital,Private,Multispecialty,100,Gynecology,15,Female,No,Gandhibagh,5.11,4.7,82.0,92,38,101,60133,Yes,Yes,4.0,0.594,76.1,Nagpur,Nagpur,Maharashtra
388,"Government Medical College and Hospital, Nagpur",Government,Teaching Hospital,500,ENT,51,Male,No,Mohan Nagar,2.12,4.2,81.9,74,43,56,69309,Yes,Yes,4.0,0.851,79.17,Nagpur,Nagpur,Maharashtra
389,Indira Gandhi Government Medical College and Hospital,Government,Teaching Hospital,500,Pulmonology,47,Male,No,Koradi Road,1.42,4.3,76.7,53,38,69,118208,Yes,Yes,3.7,0.78,74.06,Nagpur,Nagpur,Maharashtra
390,Daga Memorial Hospital,Government,Women & General,200,General Surgery,4,Female,No,Civil Lines,9.51,4.3,79.4,91,24,38,54717,Yes,Yes,4.5,0.97,83.18,Nagpur,Nagpur,Maharashtra
391,"Government Dental College and Hospital, Nagpur",Government,Dental,100,Dermatology,4,Male,No,Sitabuldi,10.41,3.8,83.0,71,92,64,54466,Yes,Yes,4.7,0.934,79.58,Nagpur,Nagpur,Maharashtra
392,"Government Ayurvedic College and Hospital, Nagpur",Government,Ayurvedic,100,Neurology,11,Female,Yes,Ramdaspeth,3.0,4.2,95.9,66,81,95,59430,Yes,Yes,4.2,0.789,83.96,Nagpur,Nagpur,Maharashtra
393,"Regional Mental Hospital, Nagpur",Government,Mental Health,300,Emergency Medicine,14,Female,No,Dhantoli,10.96,4.2,87.7,81,89,64,93839,Yes,Yes,4.6,0.859,82.55,Nagpur,Nagpur,Maharashtra
394,KRIMS Hospitals,Private,Multispecialty,150,Cardiology,39,Male,Yes,Shankar Nagar,11.15,4.3,91.5,86,30,55,66363,Yes,Yes,4.1,0.795,80.36,Nagpur,Nagpur,Maharashtra
395,Swasthyam Superspeciality Hospital,Private,Super Specialty,100,General Medicine,23,Female,No,Wardha Road,8.32,4.9,89.2,65,13,41,68200,No,Yes,4.3,0.962,75.95,Nagpur,Nagpur,Maharashtra
396,Shashwat Multispeciality Hospital,Private,Multispecialty,100,Ophthalmology,35,Male,No,Mankapur,1.64,4.0,87.4,63,93,59,59300,Yes,Yes,4.1,0.907,81.52,Nagpur,Nagpur,Maharashtra
397,Arihant Multispeciality Hospital,Private,Multispecialty,100,Ophthalmology,6,Female,Yes,Medical Square,6.01,3.7,79.1,83,82,5,85615,Yes,Yes,3.8,0.906,89.01,Nagpur,Nagpur,Maharashtra
398,Lata Mangeshkar Hospital,Private/Trust,Multispecialty,150,Neurology,52,Female,No,Central Avenue,2.97,4.3,88.8,74,60,64,18791,No,Yes,3.6,0.934,81.09,Nagpur,Nagpur,Maharashtra
399,Shree Vinayak Super Speciality Hospital,Private,Super Specialty,100,Cardiology,32,Female,Yes,Dighori,4.68,4.9,90.6,49,79,40,53736,No,Yes,4.0,0.821,78.79,Nagpur,Nagpur,Maharashtra
400,"Max Super Speciality Hospital, Nagpur",Private,Super Specialty,200,Orthopedics,30,Male,No,Sakkardara,4.24,3.5,91.4,63,68,32,59523,Yes,Yes,4.6,0.761,79.33,Nagpur,Nagpur,Maharashtra
401,KIMS-Kingsway Hospitals,Private,Multispecialty,334,Orthopedics,38,Male,Yes,Khamla,14.21,3.9,89.4,67,80,66,70168,Yes,Yes,3.7,0.608,72.22,Nagpur,Nagpur,Maharashtra
402,Alexis Multispeciality Hospital,Private,Multispecialty,200,Pulmonology,36,Male,No,Gandhibagh,8.58,4.0,82.1,45,61,7,81611,No,Yes,3.4,0.807,73.87,Nagpur,Nagpur,Maharashtra
403,"Wockhardt Super Specialty Hospital, Nagpur",Private,Super Specialty,160,ENT,84,Male,No,Mohan Nagar,2.9,3.6,90.1,78,42,80,64745,Yes,Yes,4.1,0.766,75.6,Nagpur,Nagpur,Maharashtra
404,"CARE Hospitals, Nagpur",Private,Multispecialty,110,Neurology,62,Female,No,Koradi Road,1.39,4.6,87.6,94,27,31,75765,Yes,Yes,4.0,0.62,82.72,Nagpur,Nagpur,Maharashtra
405,Orange City Hospital & Research Institute,Private,Multispecialty,150,Cardiology,44,Female,No,Civil Lines,7.93,4.0,86.6,49,36,31,33236,Yes,Yes,4.2,0.927,82.09,Nagpur,Nagpur,Maharashtra
406,Viveka Hospital,Private,Multispecialty,100,General Medicine,14,Female,No,Sitabuldi,1.73,4.0,80.0,60,61,52,56987,Yes,Yes,3.8,1.0,79.57,Nagpur,Nagpur,Maharashtra
407,New Era Hospital,Private,Multispecialty,100,Pediatrics,78,Male,No,Ramdaspeth,1.83,3.9,92.7,91,70,90,37857,Yes,Yes,4.0,0.9,85.77,Nagpur,Nagpur,Maharashtra
408,SevenStar Hospital,Private,Multispecialty,135,Gynecology,8,Female,No,Dhantoli,9.95,4.2,83.7,70,49,88,62685,No,Yes,5.0,0.915,73.45,Nagpur,Nagpur,Maharashtra
409,Aureus Hospital,Private,Multispecialty,110,Neurology,76,Male,Yes,Shankar Nagar,2.75,4.9,80.1,53,82,32,44080,Yes,Yes,4.6,0.77,82.65,Nagpur,Nagpur,Maharashtra
410,Neuron Brain Spine & Critical Care Center,Private,Super Specialty,100,General Surgery,62,Male,No,Wardha Road,11.82,4.3,89.0,70,17,8,73401,Yes,No,3.3,0.808,75.29,Nagpur,Nagpur,Maharashtra
411,Midas Multispeciality Hospital,Private,Multispecialty,100,Ophthalmology,79,Female,No,Mankapur,4.84,4.2,84.9,87,35,5,87177,Yes,Yes,3.9,0.669,75.12,Nagpur,Nagpur,Maharashtra
412,Suretech Hospital,Private,Multispecialty,100,Neurology,59,Female,No,Medical Square,0.93,4.0,93.9,94,23,29,56814,Yes,Yes,4.4,0.801,77.13,Nagpur,Nagpur,Maharashtra
413,"Government Medical College and Hospital, Nagpur",Government,Teaching Hospital,500,Oncology,33,Female,Yes,Central Avenue,0.72,3.9,98.0,59,46,25,55853,Yes,Yes,4.2,0.908,80.0,Nagpur,Nagpur,Maharashtra
414,Indira Gandhi Government Medical College and Hospital,Government,Teaching Hospital,500,Pediatrics,13,Female,No,Dighori,5.94,5.0,86.6,94,68,66,21841,Yes,Yes,4.1,0.713,82.94,Nagpur,Nagpur,Maharashtra
415,Daga Memorial Hospital,Government,Women & General,200,General Surgery,37,Male,No,Sakkardara,2.07,4.4,96.9,76,41,48,50170,Yes,Yes,4.8,0.797,85.28,Nagpur,Nagpur,Maharashtra
416,"Government Dental College and Hospital, Nagpur",Government,Dental,100,General Surgery,48,Female,No,Khamla,2.95,4.7,89.3,80,28,37,54790,Yes,Yes,3.9,0.962,83.46,Nagpur,Nagpur,Maharashtra
417,"Government Ayurvedic College and Hospital, Nagpur",Government,Ayurvedic,100,Pediatrics,65,Male,No,Gandhibagh,3.93,4.7,84.0,68,22,45,76614,Yes,Yes,4.1,0.893,79.03,Nagpur,Nagpur,Maharashtra
418,"Regional Mental Hospital, Nagpur",Government,Mental Health,300,Cardiology,48,Female,Yes,Mohan Nagar,10.82,4.2,95.4,51,75,76,33672,Yes,Yes,4.3,0.855,81.2,Nagpur,Nagpur,Maharashtra
419,KRIMS Hospitals,Private,Multispecialty,150,Gynecology,81,Female,Yes,Koradi Road,9.52,4.4,81.3,51,41,30,66927,No,Yes,4.2,0.667,70.71,Nagpur,Nagpur,Maharashtra
420,Swasthyam Superspeciality Hospital,Private,Super Specialty,100,Neurology,40,Male,No,Civil Lines,6.59,4.5,98.0,81,45,42,73590,No,Yes,3.2,0.973,85.46,Nagpur,Nagpur,Maharashtra
421,Shashwat Multispeciality Hospital,Private,Multispecialty,100,Pulmonology,70,Male,Yes,Sitabuldi,1.5,4.0,88.4,51,36,31,92153,Yes,Yes,3.7,0.722,73.14,Nagpur,Nagpur,Maharashtra
422,Arihant Multispeciality Hospital,Private,Multispecialty,100,Pulmonology,44,Female,No,Ramdaspeth,13.88,4.3,81.5,67,87,97,10954,Yes,Yes,3.5,0.857,80.55,Nagpur,Nagpur,Maharashtra
423,Lata Mangeshkar Hospital,Private/Trust,Multispecialty,150,Cardiology,4,Female,No,Dhantoli,15.39,4.3,84.8,100,89,69,20705,No,Yes,4.0,0.803,82.96,Nagpur,Nagpur,Maharashtra
424,Shree Vinayak Super Speciality Hospital,Private,Super Specialty,100,General Surgery,23,Female,No,Shankar Nagar,5.99,4.4,86.5,59,52,5,9107,No,Yes,4.8,0.88,80.43,Nagpur,Nagpur,Maharashtra
425,"Max Super Speciality Hospital, Nagpur",Private,Super Specialty,200,Orthopedics,4,Female,Yes,Wardha Road,2.07,4.5,86.6,88,26,45,64575,Yes,Yes,3.9,0.892,81.76,Nagpur,Nagpur,Maharashtra
426,KIMS-Kingsway Hospitals,Private,Multispecialty,334,Cardiology,83,Male,Yes,Mankapur,2.4,5.0,86.4,45,56,31,46339,No,Yes,3.8,0.912,81.54,Nagpur,Nagpur,Maharashtra
427,Alexis Multispeciality Hospital,Private,Multispecialty,200,Pediatrics,11,Female,No,Medical Square,2.85,3.7,92.1,85,57,43,45240,Yes,Yes,3.7,0.873,87.29,Nagpur,Nagpur,Maharashtra
428,"Wockhardt Super Specialty Hospital, Nagpur",Private,Super Specialty,160,General Surgery,21,Female,Yes,Central Avenue,6.82,3.9,90.3,77,89,92,48669,Yes,Yes,3.7,0.784,82.23,Nagpur,Nagpur,Maharashtra
429,"CARE Hospitals, Nagpur",Private,Multispecialty,110,Gastroenterology,49,Female,No,Dighori,4.33,4.2,86.5,59,65,28,98952,Yes,No,4.1,0.58,70.77,Nagpur,Nagpur,Maharashtra
430,Orange City Hospital & Research Institute,Private,Multispecialty,150,ENT,64,Male,No,Sakkardara,4.64,4.6,72.0,63,56,43,92150,Yes,Yes,4.8,0.851,77.08,Nagpur,Nagpur,Maharashtra
431,Viveka Hospital,Private,Multispecialty,100,Neurology,34,Male,Yes,Khamla,6.44,4.7,94.6,79,88,80,70217,Yes,Yes,4.2,0.897,88.59,Nagpur,Nagpur,Maharashtra
432,New Era Hospital,Private,Multispecialty,100,Orthopedics,84,Male,No,Gandhibagh,13.08,4.5,86.1,64,34,44,38391,Yes,No,4.0,1.0,79.31,Nagpur,Nagpur,Maharashtra
433,SevenStar Hospital,Private,Multispecialty,135,General Surgery,60,Female,Yes,Mohan Nagar,5.31,4.6,88.9,72,21,81,72778,Yes,Yes,3.7,0.611,71.06,Nagpur,Nagpur,Maharashtra
434,Aureus Hospital,Private,Multispecialty,110,Nephrology,54,Male,Yes,Koradi Road,4.1,4.1,86.0,77,100,61,40992,Yes,Yes,3.9,0.719,84.39,Nagpur,Nagpur,Maharashtra
435,Neuron Brain Spine & Critical Care Center,Private,Super Specialty,100,Oncology,37,Male,No,Civil Lines,5.47,4.3,93.2,89,83,100,86277,No,Yes,4.5,0.838,81.4,Nagpur,Nagpur,Maharashtra
436,Midas Multispeciality Hospital,Private,Multispecialty,100,ENT,59,Male,No,Sitabuldi,6.71,4.1,90.5,52,90,5,18611,Yes,Yes,4.4,0.771,85.69,Nagpur,Nagpur,Maharashtra
437,Suretech Hospital,Private,Multispecialty,100,Pediatrics,41,Male,Yes,Ramdaspeth,5.86,4.7,90.3,85,41,5,47738,Yes,Yes,4.9,0.589,83.1,Nagpur,Nagpur,Maharashtra
438,"Government Medical College and Hospital, Nagpur",Government,Teaching Hospital,500,General Surgery,39,Female,Yes,Dhantoli,3.87,4.6,92.1,79,87,34,54010,Yes,Yes,2.9,0.728,83.48,Nagpur,Nagpur,Maharashtra
439,Indira Gandhi Government Medical College and Hospital,Government,Teaching Hospital,500,General Surgery,39,Male,No,Shankar Nagar,2.86,4.6,86.6,62,13,40,54814,Yes,Yes,4.0,0.885,80.62,Nagpur,Nagpur,Maharashtra
440,Daga Memorial Hospital,Government,Women & General,200,Pediatrics,9,Female,Yes,Wardha Road,1.57,4.8,96.9,52,42,33,53095,Yes,Yes,3.5,0.923,80.11,Nagpur,Nagpur,Maharashtra
441,"Government Dental College and Hospital, Nagpur",Government,Dental,100,Neurology,59,Male,No,Mankapur,4.47,4.6,89.7,65,82,45,64579,Yes,Yes,4.7,0.753,81.76,Nagpur,Nagpur,Maharashtra
442,"Government Ayurvedic College and Hospital, Nagpur",Government,Ayurvedic,100,ENT,27,Female,No,Medical Square,11.68,4.2,91.9,49,63,62,21392,Yes,Yes,4.5,0.854,73.89,Nagpur,Nagpur,Maharashtra
443,"Regional Mental Hospital, Nagpur",Government,Mental Health,300,Gynecology,62,Male,No,Central Avenue,14.77,4.4,87.8,50,51,30,51492,No,Yes,5.0,0.921,73.94,Nagpur,Nagpur,Maharashtra
444,KRIMS Hospitals,Private,Multispecialty,150,Orthopedics,54,Female,No,Dighori,3.2,4.5,85.9,62,70,11,56941,No,Yes,4.3,0.856,82.5,Nagpur,Nagpur,Maharashtra
445,Swasthyam Superspeciality Hospital,Private,Super Specialty,100,Pulmonology,67,Male,No,Sakkardara,1.95,4.4,83.3,88,67,20,13475,No,Yes,3.8,0.807,83.37,Nagpur,Nagpur,Maharashtra
446,Shashwat Multispeciality Hospital,Private,Multispecialty,100,Nephrology,49,Female,Yes,Khamla,10.4,5.0,98.0,77,66,42,37026,Yes,Yes,4.6,0.898,84.05,Nagpur,Nagpur,Maharashtra
447,Arihant Multispeciality Hospital,Private,Multispecialty,100,Ophthalmology,77,Female,No,Gandhibagh,0.95,4.1,87.2,49,47,58,99319,No,Yes,3.6,0.761,72.16,Nagpur,Nagpur,Maharashtra
448,Lata Mangeshkar Hospital,Private/Trust,Multispecialty,150,Cardiology,29,Male,No,Mohan Nagar,13.3,4.3,90.6,65,17,60,42545,Yes,Yes,4.0,0.742,74.66,Nagpur,Nagpur,Maharashtra
449,Shree Vinayak Super Speciality Hospital,Private,Super Specialty,100,Gynecology,58,Female,No,Koradi Road,14.23,4.3,85.1,95,39,65,92495,Yes,Yes,4.3,0.799,73.21,Nagpur,Nagpur,Maharashtra
450,"Max Super Speciality Hospital, Nagpur",Private,Super Specialty,200,Gastroenterology,82,Male,No,Civil Lines,0.65,4.9,94.7,99,15,10,66495,Yes,No,4.1,0.919,80.82,Nagpur,Nagpur,Maharashtra
451,KIMS-Kingsway Hospitals,Private,Multispecialty,334,Pediatrics,31,Female,No,Sitabuldi,1.35,4.6,98.0,91,83,30,29903,Yes,Yes,3.8,0.899,91.98,Nagpur,Nagpur,Maharashtra
452,Alexis Multispeciality Hospital,Private,Multispecialty,200,Cardiology,56,Male,No,Ramdaspeth,4.94,4.6,87.1,75,40,59,53400,No,Yes,3.7,0.995,82.71,Nagpur,Nagpur,Maharashtra
453,"Wockhardt Super Specialty Hospital, Nagpur",Private,Super Specialty,160,Emergency Medicine,49,Female,No,Dhantoli,12.49,4.1,98.0,93,34,89,20040,Yes,Yes,4.2,0.685,73.77,Nagpur,Nagpur,Maharashtra
454,"CARE Hospitals, Nagpur",Private,Multispecialty,110,Ophthalmology,61,Female,No,Shankar Nagar,1.58,4.8,87.8,68,75,83,45851,Yes,Yes,3.9,0.595,78.1,Nagpur,Nagpur,Maharashtra
455,Orange City Hospital & Research Institute,Private,Multispecialty,150,Nephrology,49,Male,Yes,Wardha Road,2.69,4.2,98.0,90,61,54,15861,Yes,No,4.7,0.865,86.05,Nagpur,Nagpur,Maharashtra
456,Viveka Hospital,Private,Multispecialty,100,Ophthalmology,17,Female,No,Mankapur,2.6,4.2,90.1,100,38,46,28132,Yes,Yes,4.0,0.888,85.12,Nagpur,Nagpur,Maharashtra
457,New Era Hospital,Private,Multispecialty,100,Nephrology,78,Female,No,Medical Square,20.7,4.4,95.0,74,77,5,45017,Yes,Yes,4.3,1.0,80.94,Nagpur,Nagpur,Maharashtra
458,SevenStar Hospital,Private,Multispecialty,135,Neurology,5,Male,No,Central Avenue,3.25,4.3,98.0,86,32,63,53508,Yes,Yes,4.1,0.519,70.23,Nagpur,Nagpur,Maharashtra
459,Aureus Hospital,Private,Multispecialty,110,Pulmonology,29,Male,Yes,Dighori,3.92,4.3,80.2,100,91,45,29824,Yes,Yes,4.4,0.795,83.44,Nagpur,Nagpur,Maharashtra
460,Neuron Brain Spine & Critical Care Center,Private,Super Specialty,100,Pulmonology,63,Female,No,Sakkardara,7.1,4.4,79.3,99,97,42,83970,Yes,Yes,3.7,0.898,82.98,Nagpur,Nagpur,Maharashtra
461,Midas Multispeciality Hospital,Private,Multispecialty,100,Emergency Medicine,37,Male,No,Khamla,0.88,4.6,85.7,69,25,49,51850,Yes,Yes,4.6,0.644,76.87,Nagpur,Nagpur,Maharashtra
462,Suretech Hospital,Private,Multispecialty,100,General Surgery,37,Female,No,Gandhibagh,2.38,4.2,80.8,67,52,8,28330,Yes,No,4.4,0.65,78.53,Nagpur,Nagpur,Maharashtra
463,"Government Medical College and Hospital, Nagpur",Government,Teaching Hospital,500,Ophthalmology,18,Female,No,Mohan Nagar,20.52,4.1,92.1,66,53,5,33937,Yes,Yes,4.1,0.693,77.03,Nagpur,Nagpur,Maharashtra
464,Indira Gandhi Government Medical College and Hospital,Government,Teaching Hospital,500,Neurology,20,Male,No,Koradi Road,4.88,3.9,86.6,65,14,50,19963,Yes,Yes,4.3,0.903,77.79,Nagpur,Nagpur,Maharashtra
465,Daga Memorial Hospital,Government,Women & General,200,Cardiology,46,Female,No,Civil Lines,4.66,3.6,84.6,87,46,48,84988,No,Yes,4.8,0.951,81.49,Nagpur,Nagpur,Maharashtra
466,"Government Dental College and Hospital, Nagpur",Government,Dental,100,Pulmonology,73,Male,No,Sitabuldi,4.25,4.2,91.7,70,71,40,5000,Yes,Yes,4.4,0.959,87.96,Nagpur,Nagpur,Maharashtra
467,"Government Ayurvedic College and Hospital, Nagpur",Government,Ayurvedic,100,Pediatrics,9,Female,No,Ramdaspeth,10.5,4.8,81.0,56,60,81,8323,Yes,Yes,5.0,0.758,81.19,Nagpur,Nagpur,Maharashtra
468,"Regional Mental Hospital, Nagpur",Government,Mental Health,300,Pediatrics,17,Male,No,Dhantoli,1.86,4.0,92.4,48,47,14,41804,Yes,Yes,4.2,0.952,85.87,Nagpur,Nagpur,Maharashtra
469,KRIMS Hospitals,Private,Multispecialty,150,Orthopedics,56,Male,Yes,Shankar Nagar,7.05,4.0,83.7,70,33,25,72676,Yes,Yes,4.0,0.764,73.02,Nagpur,Nagpur,Maharashtra
470,Swasthyam Superspeciality Hospital,Private,Super Specialty,100,General Medicine,14,Female,No,Wardha Road,5.61,4.9,90.9,62,96,47,58100,Yes,Yes,4.5,0.921,90.08,Nagpur,Nagpur,Maharashtra
471,Shashwat Multispeciality Hospital,Private,Multispecialty,100,Ophthalmology,52,Male,No,Mankapur,7.23,4.9,88.5,99,81,33,24674,No,Yes,4.7,0.78,84.18,Nagpur,Nagpur,Maharashtra
472,Arihant Multispeciality Hospital,Private,Multispecialty,100,Orthopedics,17,Male,Yes,Medical Square,3.53,4.6,92.4,86,12,69,67976,No,Yes,5.0,0.891,74.55,Nagpur,Nagpur,Maharashtra
473,Lata Mangeshkar Hospital,Private/Trust,Multispecialty,150,Nephrology,52,Female,No,Central Avenue,5.1,4.1,91.8,50,36,84,65966,Yes,No,4.2,0.816,73.72,Nagpur,Nagpur,Maharashtra
474,Shree Vinayak Super Speciality Hospital,Private,Super Specialty,100,Emergency Medicine,52,Female,No,Dighori,11.11,4.6,86.0,62,50,53,85686,Yes,Yes,4.6,0.964,79.32,Nagpur,Nagpur,Maharashtra
475,"Max Super Speciality Hospital, Nagpur",Private,Super Specialty,200,Nephrology,48,Male,No,Sakkardara,4.84,3.8,93.0,78,93,53,85992,Yes,Yes,4.1,0.774,84.4,Nagpur,Nagpur,Maharashtra
476,KIMS-Kingsway Hospitals,Private,Multispecialty,334,Gynecology,63,Female,Yes,Khamla,4.31,4.5,90.1,64,82,59,30450,Yes,Yes,4.3,0.601,79.85,Nagpur,Nagpur,Maharashtra
477,Alexis Multispeciality Hospital,Private,Multispecialty,200,Dermatology,55,Other,No,Gandhibagh,1.29,4.4,78.1,87,70,43,67910,Yes,Yes,3.9,0.768,82.14,Nagpur,Nagpur,Maharashtra
478,"Wockhardt Super Specialty Hospital, Nagpur",Private,Super Specialty,160,Orthopedics,34,Male,No,Mohan Nagar,3.76,4.1,84.7,91,89,55,20500,Yes,Yes,4.6,0.69,82.76,Nagpur,Nagpur,Maharashtra
479,"CARE Hospitals, Nagpur",Private,Multispecialty,110,Pulmonology,63,Male,No,Koradi Road,6.88,4.6,95.3,49,90,90,76262,Yes,No,4.3,0.615,74.25,Nagpur,Nagpur,Maharashtra
480,Orange City Hospital & Research Institute,Private,Multispecialty,150,Gastroenterology,77,Female,No,Civil Lines,5.08,4.6,89.0,46,40,89,51452,Yes,Yes,4.0,1.0,82.83,Nagpur,Nagpur,Maharashtra
481,Viveka Hospital,Private,Multispecialty,100,Neurology,42,Male,No,Sitabuldi,5.29,4.5,85.4,85,80,50,70073,Yes,Yes,3.8,0.836,82.21,Nagpur,Nagpur,Maharashtra
482,New Era Hospital,Private,Multispecialty,100,Ophthalmology,79,Male,No,Ramdaspeth,2.75,4.2,86.9,48,17,65,76168,Yes,Yes,4.2,0.899,74.9,Nagpur,Nagpur,Maharashtra
483,SevenStar Hospital,Private,Multispecialty,135,Gynecology,11,Female,No,Dhantoli,5.16,4.0,89.1,56,11,21,18021,No,Yes,4.2,0.697,73.64,Nagpur,Nagpur,Maharashtra
484,Aureus Hospital,Private,Multispecialty,110,General Surgery,22,Male,No,Shankar Nagar,2.53,3.9,91.2,95,63,67,46538,Yes,Yes,3.9,0.834,85.77,Nagpur,Nagpur,Maharashtra
485,Neuron Brain Spine & Critical Care Center,Private,Super Specialty,100,Pediatrics,18,Female,No,Wardha Road,3.96,4.0,90.5,84,55,16,66666,No,Yes,4.6,0.772,77.17,Nagpur,Nagpur,Maharashtra
486,Midas Multispeciality Hospital,Private,Multispecialty,100,Dermatology,56,Female,Yes,Mankapur,5.41,4.9,83.7,50,30,18,56819,No,Yes,4.0,0.805,76.04,Nagpur,Nagpur,Maharashtra
487,Suretech Hospital,Private,Multispecialty,100,Nephrology,55,Male,No,Medical Square,7.79,4.5,91.4,50,64,8,66505,Yes,Yes,5.0,0.708,78.26,Nagpur,Nagpur,Maharashtra
488,"Government Medical College and Hospital, Nagpur",Government,Teaching Hospital,500,Orthopedics,49,Male,No,Central Avenue,11.57,3.8,91.3,97,81,83,39845,No,Yes,3.8,0.804,77.68,Nagpur,Nagpur,Maharashtra
489,Indira Gandhi Government Medical College and Hospital,Government,Teaching Hospital,500,Cardiology,41,Male,No,Dighori,4.11,4.4,89.0,66,36,31,52035,Yes,Yes,4.3,0.578,74.72,Nagpur,Nagpur,Maharashtra
490,Daga Memorial Hospital,Government,Women & General,200,Cardiology,77,Female,No,Sakkardara,5.07,4.2,87.9,76,76,40,31574,Yes,Yes,3.7,1.0,88.15,Nagpur,Nagpur,Maharashtra
491,"Government Dental College and Hospital, Nagpur",Government,Dental,100,Cardiology,50,Female,No,Khamla,3.44,4.8,88.4,47,89,35,104322,Yes,Yes,5.0,0.711,80.28,Nagpur,Nagpur,Maharashtra
492,"Government Ayurvedic College and Hospital, Nagpur",Government,Ayurvedic,100,General Medicine,17,Male,No,Gandhibagh,4.28,4.5,76.9,87,17,36,68310,Yes,No,4.2,0.704,73.65,Nagpur,Nagpur,Maharashtra
493,"Regional Mental Hospital, Nagpur",Government,Mental Health,300,Oncology,23,Female,No,Mohan Nagar,3.73,4.6,84.6,71,58,33,85886,Yes,Yes,4.0,0.928,85.82,Nagpur,Nagpur,Maharashtra
494,KRIMS Hospitals,Private,Multispecialty,150,ENT,59,Female,No,Koradi Road,1.33,4.3,83.6,49,36,5,21336,Yes,Yes,3.8,0.789,79.36,Nagpur,Nagpur,Maharashtra
495,Swasthyam Superspeciality Hospital,Private,Super Specialty,100,Pediatrics,84,Female,No,Civil Lines,5.83,4.3,80.6,75,92,26,64549,Yes,Yes,3.1,0.974,86.72,Nagpur,Nagpur,Maharashtra
496,Shashwat Multispeciality Hospital,Private,Multispecialty,100,Pediatrics,48,Male,Yes,Sitabuldi,13.7,4.0,98.0,79,92,5,40436,Yes,Yes,4.6,0.818,83.34,Nagpur,Nagpur,Maharashtra
497,Arihant Multispeciality Hospital,Private,Multispecialty,100,Pediatrics,51,Other,No,Ramdaspeth,4.17,4.2,80.4,83,80,41,68729,No,Yes,3.5,0.85,78.51,Nagpur,Nagpur,Maharashtra
498,Lata Mangeshkar Hospital,Private/Trust,Multispecialty,150,General Medicine,35,Female,No,Dhantoli,12.27,4.6,82.1,63,77,71,57784,Yes,Yes,3.8,0.733,77.0,Nagpur,Nagpur,Maharashtra
499,Shree Vinayak Super Speciality Hospital,Private,Super Specialty,100,General Surgery,72,Female,No,Shankar Nagar,5.86,4.7,88.0,84,55,17,74083,Yes,Yes,4.4,1.0,85.38,Nagpur,Nagpur,Maharashtra
500,"Max Super Speciality Hospital, Nagpur",Private,Super Specialty,200,Nephrology,60,Male,Yes,Wardha Road,4.43,4.1,88.7,68,58,34,75992,Yes,Yes,4.3,0.774,78.56,Nagpur,Nagpur,Maharashtra
501,Sir JJ Hospital,Government,Teaching Hospital,1500,General Surgery,85,Male,Yes,Borivali,3.76,4.6,81.3,48,47,5,58555,Yes,Yes,4.2,0.917,81.57,Mumbai,Mumbai City,Maharashtra
502,"St. George's Hospital, Mumbai",Government,General Hospital,500,Gastroenterology,59,Female,No,Powai,4.16,3.8,73.1,70,22,71,5000,Yes,Yes,4.8,0.703,78.45,Mumbai,Mumbai City,Maharashtra
503,Gokuldas Tejpal Hospital,Government,General Hospital,500,Neurology,7,Male,No,Andheri,17.11,3.6,95.0,55,29,18,65348,Yes,No,4.7,0.525,66.9,Mumbai,Mumbai City,Maharashtra
504,Cama and Albless Hospital,Government,Women & Children,367,ENT,21,Male,No,Colaba,7.78,4.3,74.5,46,83,64,82675,Yes,Yes,4.6,0.559,71.23,Mumbai,Mumbai City,Maharashtra
505,KEM Hospital,Government,Teaching Hospital,1800,Neurology,8,Female,No,Powai,1.6,4.2,95.2,90,61,39,102562,No,Yes,3.6,0.593,73.22,Mumbai,Mumbai City,Maharashtra
506,Seth GS Medical College and KEM Hospital,Government,Teaching Hospital,1800,Orthopedics,39,Female,No,Colaba,2.0,3.9,98.0,56,96,37,7640,Yes,No,3.9,0.812,83.14,Mumbai,Mumbai City,Maharashtra
507,Tata Memorial Hospital,Trust,Oncology,700,Nephrology,23,Female,No,Kurla,5.54,4.2,83.1,90,96,27,72914,No,No,4.2,0.879,77.59,Mumbai,Mumbai City,Maharashtra
508,Kokilaben Dhirubhai Ambani Hospital,Private,Super Specialty,750,Oncology,58,Male,No,Powai,3.2,5.0,95.7,79,43,7,80134,Yes,Yes,4.4,0.773,83.02,Mumbai,Mumbai Suburban,Maharashtra
509,Lilavati Hospital and Research Centre,Private,Multispecialty,323,Neurology,4,Other,No,Colaba,6.3,4.1,85.0,56,75,46,83689,No,Yes,3.6,0.832,74.88,Mumbai,Mumbai Suburban,Maharashtra
510,Hinduja Hospital,Private,Multispecialty,400,Ophthalmology,39,Female,No,Dadar,13.42,4.5,74.7,52,96,72,44517,Yes,Yes,4.2,0.954,83.27,Mumbai,Mumbai City,Maharashtra
511,Nanavati Max Super Speciality Hospital,Private,Super Specialty,350,Gastroenterology,17,Female,No,Bandra,7.91,4.9,88.5,40,35,118,78290,Yes,Yes,4.3,0.824,77.9,Mumbai,Mumbai Suburban,Maharashtra
512,Breach Candy Hospital Trust,Private,Multispecialty,200,Nephrology,58,Male,No,Borivali,10.19,4.3,90.4,76,14,60,61516,Yes,Yes,3.9,0.71,73.4,Mumbai,Mumbai City,Maharashtra
513,Asian Heart Institute,Private,Cardiac,250,Cardiology,84,Female,No,Borivali,3.19,4.3,86.3,73,78,37,40656,Yes,Yes,3.6,0.794,83.93,Mumbai,Mumbai Suburban,Maharashtra
514,Jaslok Hospital,Private,Multispecialty,343,Pediatrics,29,Female,Yes,Borivali,9.37,4.1,81.5,60,43,56,83363,Yes,Yes,4.0,0.622,69.6,Mumbai,Mumbai City,Maharashtra
515,Bombay Hospital & Medical Research Centre,Private,Multispecialty,725,Orthopedics,55,Female,No,Colaba,1.91,3.9,80.1,45,76,49,29350,Yes,Yes,3.6,1.0,85.61,Mumbai,Mumbai City,Maharashtra
516,P. D. Hinduja Hospital & Medical Research Centre,Private,Multispecialty,400,Pediatrics,11,Male,No,Borivali,0.5,4.6,93.2,92,55,68,40292,Yes,Yes,3.7,0.979,88.74,Mumbai,Mumbai City,Maharashtra
517,B. J. Government Medical College and Sassoon General Hospital,Government,Teaching Hospital,1500,Pediatrics,26,Male,No,Kharadi,5.14,4.4,80.5,47,17,38,48543,Yes,Yes,3.7,0.594,74.65,Pune,Pune,Maharashtra
518,Deenanath Mangeshkar Hospital and Research Center,Private,Multispecialty,900,ENT,76,Male,No,Kothrud,3.02,3.5,95.0,47,60,12,67879,Yes,Yes,4.6,0.691,78.45,Pune,Pune,Maharashtra
519,Ruby Hall Clinic,Private,Multispecialty,700,General Surgery,9,Female,No,Kothrud,3.64,4.6,86.2,83,60,5,88814,No,Yes,4.4,0.921,86.6,Pune,Pune,Maharashtra
520,Jehangir Hospital,Private,Multispecialty,350,General Medicine,50,Male,No,Hadapsar,3.22,4.2,85.4,67,15,5,52552,Yes,Yes,4.0,0.787,77.82,Pune,Pune,Maharashtra
521,Noble Hospitals & Research Centre,Private,Multispecialty,250,Nephrology,34,Female,Yes,Wakad,2.23,4.6,73.3,65,25,83,128224,Yes,Yes,4.1,0.802,74.44,Pune,Pune,Maharashtra
522,Sahyadri Super Speciality Hospital,Private,Super Specialty,350,Gynecology,26,Male,No,Hadapsar,7.98,4.8,87.5,46,74,67,64744,Yes,Yes,3.4,0.853,76.99,Pune,Pune,Maharashtra
523,Aditya Birla Memorial Hospital,Private,Multispecialty,500,Dermatology,33,Male,No,Kharadi,9.12,4.9,81.3,61,85,15,5000,No,Yes,4.4,1.0,85.36,Pune,Pune,Maharashtra
524,"Manipal Hospital, Kharadi",Private,Multispecialty,300,Ophthalmology,10,Male,No,Baner,16.89,4.3,81.1,84,41,41,5000,Yes,Yes,4.1,0.785,75.44,Pune,Pune,Maharashtra
525,"Columbia Asia Hospital, Pune",Private,Multispecialty,100,Neurology,41,Male,No,Baner,8.69,4.6,92.1,82,61,74,46011,Yes,No,4.8,0.873,81.31,Pune,Pune,Maharashtra
526,Armed Forces Medical College and Command Hospital,Government,Teaching Hospital,1200,Pulmonology,35,Female,No,Wakad,7.86,4.6,98.0,76,57,90,67506,Yes,No,5.0,0.708,76.37,Pune,Pune,Maharashtra
527,"Government Medical College and Hospital, Nashik",Government,Teaching Hospital,1000,Gynecology,61,Male,No,Gangapur Road,2.95,3.9,92.2,62,25,76,79660,No,Yes,4.6,0.819,74.05,Nashik,Nashik,Maharashtra
528,"Civil Hospital, Nashik",Government,General Hospital,500,Orthopedics,32,Male,Yes,College Road,2.65,4.1,87.1,51,97,68,50044,No,Yes,3.9,0.778,80.76,Nashik,Nashik,Maharashtra
529,"Wockhardt Hospitals, Nashik",Private,Super Specialty,200,Ophthalmology,75,Female,Yes,Panchavati,7.11,5.0,92.4,75,67,38,144469,Yes,Yes,4.4,0.915,85.34,Nashik,Nashik,Maharashtra
530,"Apollo Hospitals, Nashik",Private,Multispecialty,200,Cardiology,6,Female,No,Nashik Road,0.67,3.8,80.3,54,15,103,68817,Yes,No,5.0,0.635,69.84,Nashik,Nashik,Maharashtra
531,Six Sigma Medicare & Research Institute,Private,Multispecialty,150,Cardiology,80,Female,No,Nashik Road,2.98,4.5,97.6,57,79,45,6327,No,Yes,4.4,0.96,82.37,Nashik,Nashik,Maharashtra
532,"Government Medical College and Hospital, Chhatrapati Sambhajinagar",Government,Teaching Hospital,1200,Dermatology,65,Female,No,Jalna Road,2.76,4.9,93.7,88,84,46,106217,Yes,Yes,4.4,1.0,91.86,Chhatrapati Sambhajinagar,Chhatrapati Sambhajinagar,Maharashtra
533,"Government Superspecialty Hospital, Chhatrapati Sambhajinagar",Government,Super Specialty,500,Cardiology,58,Female,No,Garkheda,13.26,4.3,82.8,78,48,22,5000,Yes,Yes,4.3,0.908,79.52,Chhatrapati Sambhajinagar,Chhatrapati Sambhajinagar,Maharashtra
534,"Cancer Hospital, Chhatrapati Sambhajinagar",Government/Trust,Oncology,300,General Surgery,21,Male,No,Beed Bypass,4.72,4.2,88.5,66,29,72,108351,No,Yes,5.0,0.748,72.08,Chhatrapati Sambhajinagar,Chhatrapati Sambhajinagar,Maharashtra
535,Kamalnayan Bajaj Hospital,Private,Multispecialty,200,Cardiology,25,Female,No,Jalna Road,4.28,5.0,87.9,63,89,92,8652,Yes,Yes,3.7,0.544,82.47,Chhatrapati Sambhajinagar,Chhatrapati Sambhajinagar,Maharashtra
536,"MGM Hospital, Chhatrapati Sambhajinagar",Private/Trust,Teaching Hospital,750,ENT,84,Male,No,Jalna Road,6.34,4.6,79.1,87,44,18,13176,Yes,Yes,3.7,0.692,82.52,Chhatrapati Sambhajinagar,Chhatrapati Sambhajinagar,Maharashtra
537,Dr. Shankarrao Chavan Government Medical College and Hospital,Government,Teaching Hospital,500,ENT,7,Male,No,Taroda,3.99,4.9,71.3,91,66,30,85062,Yes,Yes,4.6,0.837,80.56,Nanded,Nanded,Maharashtra
538,"District Hospital, Nanded",Government,General Hospital,300,Pulmonology,48,Male,No,Vazirabad,2.42,4.4,91.5,64,35,23,23436,Yes,Yes,3.8,0.737,83.49,Nanded,Nanded,Maharashtra
539,"MGM Hospital, Nanded",Private/Trust,Multispecialty,250,Ophthalmology,25,Female,No,Shivaji Nagar,19.08,4.5,85.2,76,24,25,105170,No,No,4.0,0.742,67.28,Nanded,Nanded,Maharashtra
540,Shri Guru Gobind Singhji Memorial Hospital,Government,General Hospital,300,Cardiology,7,Female,No,Shivaji Nagar,8.24,3.9,90.6,75,32,72,132676,Yes,Yes,4.6,1.0,77.74,Nanded,Nanded,Maharashtra
541,Vilasrao Deshmukh Government Medical College and Hospital,Government,Teaching Hospital,500,Nephrology,82,Female,No,Shivaji Chowk,2.34,3.9,95.1,84,100,11,57312,No,Yes,3.6,0.887,87.08,Latur,Latur,Maharashtra
542,"Government Superspecialty Hospital, Latur",Government,Super Specialty,300,Orthopedics,76,Other,No,Ausa Road,11.99,4.2,75.8,88,21,5,75223,Yes,Yes,3.9,0.79,76.52,Latur,Latur,Maharashtra
543,"District Hospital, Latur",Government,General Hospital,250,Nephrology,38,Female,No,Ganj Golai,8.04,3.8,87.5,41,70,5,95426,Yes,Yes,3.5,0.943,76.52,Latur,Latur,Maharashtra
544,MIMSR Medical College and Latur Hospital,Private/Trust,Teaching Hospital,700,ENT,35,Female,No,Shivaji Chowk,12.98,4.8,86.3,41,41,29,28869,Yes,No,4.2,0.82,80.83,Latur,Latur,Maharashtra
545,Rajashree Chhatrapati Shahu Maharaj Government Medical College and CPR Hospital,Government,Teaching Hospital,1000,Pediatrics,34,Female,No,Rajarampuri,6.21,3.9,94.5,75,97,5,45020,Yes,No,5.0,0.783,85.8,Kolhapur,Kolhapur,Maharashtra
546,D. Y. Patil Hospital and Research Institute,Private/Trust,Teaching Hospital,750,Orthopedics,59,Female,No,Rajarampuri,15.19,4.4,93.5,96,24,36,34097,Yes,Yes,4.5,0.905,79.82,Kolhapur,Kolhapur,Maharashtra
547,Aster Aadhar Hospital,Private,Multispecialty,250,Gynecology,58,Female,No,Tarabai Park,8.21,4.6,86.0,84,50,40,84817,Yes,Yes,4.0,0.771,82.32,Kolhapur,Kolhapur,Maharashtra
548,Dr. Vaishampayan Memorial Government Medical College and Chhatrapati Shivaji Maharaj General Hospital,Government,Teaching Hospital,900,Nephrology,26,Female,No,Akkalkot Road,9.38,3.9,73.1,69,35,7,68456,Yes,Yes,3.8,0.602,74.47,Solapur,Solapur,Maharashtra
549,Ashwini Sahakari Rugnalaya,Private/Trust,Multispecialty,300,Oncology,2,Female,No,Akkalkot Road,3.07,3.8,86.0,72,27,67,84023,Yes,Yes,4.4,0.907,80.17,Solapur,Solapur,Maharashtra
550,Yashodhara Super Speciality Hospital,Private,Super Specialty,200,Oncology,53,Female,No,Sadar Bazar,15.67,4.6,85.6,46,37,59,92979,Yes,Yes,3.8,0.634,73.31,Solapur,Solapur,Maharashtra
551,"Government Medical College, Amravati",Government,Teaching Hospital,500,Emergency Medicine,76,Female,No,Amravati,5.55,4.4,79.4,87,82,82,30198,Yes,Yes,4.2,0.935,86.36,Amravati,Amravati,Maharashtra
552,"District Women Hospital, Amravati",Government,Women & Children,250,General Medicine,28,Male,No,Amravati,4.5,3.8,81.5,59,78,37,72377,Yes,No,3.8,0.756,71.52,Amravati,Amravati,Maharashtra
553,Dr. Panjabrao Deshmukh Memorial Medical College,Private/Trust,Teaching Hospital,500,Gastroenterology,48,Female,No,Amravati,6.9,4.1,93.3,45,90,86,77798,Yes,Yes,4.5,1.0,81.4,Amravati,Amravati,Maharashtra
554,"Government Medical College and Hospital, Akola",Government,Teaching Hospital,500,Neurology,47,Female,No,Akola,0.5,4.4,92.2,43,51,45,75285,Yes,Yes,4.8,0.677,78.74,Akola,Akola,Maharashtra
555,"Government Medical College and Super Speciality Hospital, Akola",Government,Super Specialty,300,Gastroenterology,70,Male,Yes,Akola,7.53,4.9,89.8,62,42,34,9039,Yes,Yes,4.8,0.656,79.78,Akola,Akola,Maharashtra
556,"District Hospital, Akola",Government,General Hospital,250,Orthopedics,61,Male,No,Akola,2.77,4.6,93.0,44,74,5,93477,Yes,No,4.0,0.706,81.32,Akola,Akola,Maharashtra
557,Shri Vasantrao Naik Government Medical College and Hospital,Government,Teaching Hospital,1000,Gynecology,44,Female,No,Yavatmal,1.64,4.2,91.2,97,91,67,37220,No,Yes,4.2,0.818,84.84,Yavatmal,Yavatmal,Maharashtra
558,"Government Superspecialty Hospital, Yavatmal",Government,Super Specialty,300,Oncology,48,Female,No,Yavatmal,2.16,4.9,81.2,51,20,41,29151,Yes,Yes,5.0,0.568,77.55,Yavatmal,Yavatmal,Maharashtra
559,"Government Medical College, Chandrapur",Government,Teaching Hospital,500,Neurology,29,Male,No,Chandrapur,7.54,4.6,95.7,98,22,111,64470,Yes,Yes,3.9,0.766,78.14,Chandrapur,Chandrapur,Maharashtra
560,"District Hospital, Chandrapur",Government,General Hospital,250,Pulmonology,5,Female,No,Chandrapur,5.59,4.2,86.2,63,39,31,42983,No,Yes,4.4,0.993,81.27,Chandrapur,Chandrapur,Maharashtra
561,"Government Medical College, Bhandara",Government,Teaching Hospital,500,ENT,49,Male,Yes,Bhandara,2.84,4.9,91.0,46,31,67,68957,Yes,Yes,4.2,0.733,76.89,Bhandara,Bhandara,Maharashtra
562,"District General Hospital, Bhandara",Government,General Hospital,250,Nephrology,1,Male,No,Bhandara,3.59,4.6,86.5,83,25,83,79981,Yes,Yes,3.6,0.954,79.63,Bhandara,Bhandara,Maharashtra
563,"Government Medical College, Gondia",Government,Teaching Hospital,500,Orthopedics,3,Male,No,Gondia,2.94,4.5,96.9,89,48,7,121978,Yes,Yes,4.1,0.938,88.09,Gondia,Gondia,Maharashtra
564,"District Hospital, Gondia",Government,General Hospital,250,General Surgery,46,Female,No,Gondia,5.04,4.1,86.9,98,51,45,21088,No,Yes,3.6,0.684,78.53,Gondia,Gondia,Maharashtra
565,"Government Medical College, Wardha",Government,Teaching Hospital,500,ENT,63,Female,Yes,Wardha,8.05,3.9,79.7,71,32,76,64726,Yes,Yes,3.7,0.613,70.78,Wardha,Wardha,Maharashtra
566,Acharya Vinoba Bhave Rural Hospital,Private/Trust,Teaching Hospital,1000,Cardiology,72,Female,No,Wardha,6.46,4.1,75.3,69,48,93,62085,No,Yes,4.0,0.79,69.77,Wardha,Wardha,Maharashtra
567,"Government Medical College, Jalgaon",Government,Teaching Hospital,500,Pulmonology,66,Female,No,Jalgaon,5.88,4.7,87.6,66,50,26,71473,Yes,Yes,4.4,0.983,83.99,Jalgaon,Jalgaon,Maharashtra
568,"Government Medical College and Hospital, Dhule",Government,Teaching Hospital,500,Oncology,28,Female,No,Dhule,4.09,4.3,88.4,59,79,64,88017,Yes,Yes,5.0,0.8,83.13,Dhule,Dhule,Maharashtra
569,"District Hospital, Nandurbar",Government,General Hospital,250,Pediatrics,67,Female,No,Nandurbar,7.46,4.7,85.2,70,19,60,111407,Yes,Yes,3.9,0.806,74.65,Nandurbar,Nandurbar,Maharashtra
570,"Government Medical College, Nandurbar",Government,Teaching Hospital,500,General Medicine,20,Female,No,Nandurbar,5.21,3.8,88.9,75,67,50,75362,Yes,Yes,4.0,0.931,86.68,Nandurbar,Nandurbar,Maharashtra
571,"Government Medical College, Parbhani",Government,Teaching Hospital,500,Pediatrics,55,Male,Yes,Parbhani,7.45,4.6,90.6,40,91,10,53612,Yes,Yes,4.1,0.85,85.91,Parbhani,Parbhani,Maharashtra
572,"District Hospital, Parbhani",Government,General Hospital,250,Pediatrics,16,Male,No,Parbhani,2.57,4.0,77.8,64,51,31,53697,Yes,Yes,4.3,0.838,80.47,Parbhani,Parbhani,Maharashtra
573,"Government Medical College, Jalna",Government,Teaching Hospital,500,Neurology,18,Male,Yes,Jalna,6.34,4.2,85.1,74,81,39,60105,No,Yes,4.4,0.72,77.31,Jalna,Jalna,Maharashtra
574,"District Women Hospital, Jalna",Government,Women & Children,250,Ophthalmology,8,Female,Yes,Jalna,7.07,3.7,75.7,51,42,58,112464,Yes,Yes,4.5,0.725,71.79,Jalna,Jalna,Maharashtra
575,SRTR Medical College and Government Hospital,Government,Teaching Hospital,750,General Medicine,28,Male,No,Ambajogai,9.08,4.7,92.0,84,66,7,67663,Yes,Yes,3.9,0.783,85.84,Ambajogai,Beed,Maharashtra
576,"Government Medical College, Dharashiv",Government,Teaching Hospital,500,ENT,9,Male,No,Dharashiv,2.42,4.1,84.9,84,82,82,69741,Yes,Yes,3.9,1.0,86.92,Dharashiv,Dharashiv,Maharashtra
577,"District Hospital, Dharashiv",Government,General Hospital,250,Orthopedics,30,Female,No,Dharashiv,0.87,4.3,74.2,80,99,36,40229,No,No,4.2,0.956,81.34,Dharashiv,Dharashiv,Maharashtra
578,"Government Medical College, Ratnagiri",Government,Teaching Hospital,500,Nephrology,40,Female,No,Ratnagiri,8.12,5.0,84.4,54,22,15,66482,No,Yes,4.1,0.713,75.04,Ratnagiri,Ratnagiri,Maharashtra
579,"Government Medical College, Sindhudurg",Government,Teaching Hospital,500,Emergency Medicine,39,Female,No,Sindhudurg,19.07,4.4,76.6,92,97,40,63601,Yes,Yes,4.3,0.722,78.96,Sindhudurg,Sindhudurg,Maharashtra
580,"District Hospital, Sindhudurg",Government,General Hospital,250,Orthopedics,58,Male,No,Sindhudurg,11.47,3.6,89.0,71,55,63,66127,No,Yes,4.4,0.708,71.31,Sindhudurg,Sindhudurg,Maharashtra
581,"Government Medical College, Alibag",Government,Teaching Hospital,500,Oncology,15,Female,Yes,Alibag,12.96,4.2,95.1,61,82,42,96954,Yes,Yes,3.9,0.907,82.0,Alibag,Raigad,Maharashtra
582,"District Hospital, Alibag",Government,General Hospital,250,Neurology,49,Female,No,Alibag,3.75,4.5,81.5,83,87,49,29628,Yes,Yes,4.5,0.843,85.55,Alibag,Raigad,Maharashtra
583,"Government Medical College, Satara",Government,Teaching Hospital,500,Nephrology,79,Male,No,Satara,18.45,4.3,80.7,40,20,74,7556,No,Yes,4.0,0.863,69.8,Satara,Satara,Maharashtra
584,"District Hospital, Satara",Government,General Hospital,250,ENT,84,Male,No,Satara,3.46,5.0,85.7,63,47,46,5000,Yes,No,4.4,0.594,77.73,Satara,Satara,Maharashtra
585,"Government Medical College, Miraj",Government,Teaching Hospital,750,Oncology,50,Male,No,Miraj,5.31,3.2,88.7,49,55,85,95441,Yes,Yes,4.3,0.768,78.64,Miraj,Sangli,Maharashtra
586,Padmabhushan Vasantdada Patil General Hospital,Government,General Hospital,500,Gynecology,52,Female,Yes,Sangli,0.56,4.3,79.7,55,32,62,72270,Yes,Yes,3.6,0.829,80.64,Sangli,Sangli,Maharashtra
587,"Government Medical College, Ambarnath",Government,Teaching Hospital,500,Dermatology,62,Female,No,Ambarnath,5.51,4.4,75.1,41,98,25,21897,Yes,Yes,4.2,0.85,77.5,Ambarnath,Thane,Maharashtra
588,"Government Medical College and Hospital, Ambarnath",Government,Teaching Hospital,Teaching Hospital,Ophthalmology,74,Male,No,Ambarnath,21.02,4.0,85.5,66,72,5,55952,Yes,Yes,2.9,0.784,77.48,Ambarnath,Thane,Maharashtra
589,Sir JJ Hospital,Government,Teaching Hospital,1500,Neurology,29,Male,No,Bandra,1.47,4.1,85.3,94,55,51,95738,Yes,Yes,4.6,0.613,76.75,Mumbai,Mumbai City,Maharashtra
590,"St. George's Hospital, Mumbai",Government,General Hospital,500,Gynecology,8,Male,No,Borivali,10.28,4.6,86.0,58,67,73,47278,Yes,Yes,3.1,1.0,77.78,Mumbai,Mumbai City,Maharashtra
591,Gokuldas Tejpal Hospital,Government,General Hospital,500,Neurology,60,Female,No,Dadar,2.38,4.8,84.3,62,51,52,5000,Yes,Yes,3.8,0.817,80.61,Mumbai,Mumbai City,Maharashtra
592,Cama and Albless Hospital,Government,Women & Children,367,Neurology,39,Male,Yes,Dadar,4.59,3.7,93.6,97,62,72,33668,Yes,Yes,4.8,0.936,85.89,Mumbai,Mumbai City,Maharashtra
593,KEM Hospital,Government,Teaching Hospital,1800,Nephrology,66,Female,No,Borivali,0.5,4.6,80.5,63,41,60,54554,Yes,Yes,4.4,0.722,78.16,Mumbai,Mumbai City,Maharashtra
594,Seth GS Medical College and KEM Hospital,Government,Teaching Hospital,1800,Neurology,83,Male,No,Kurla,9.45,4.5,80.5,78,96,83,45343,Yes,Yes,3.7,0.887,85.08,Mumbai,Mumbai City,Maharashtra
595,Tata Memorial Hospital,Trust,Oncology,700,Orthopedics,70,Male,No,Borivali,6.57,4.4,65.2,44,26,55,88600,Yes,Yes,3.8,0.82,74.17,Mumbai,Mumbai City,Maharashtra
596,Kokilaben Dhirubhai Ambani Hospital,Private,Super Specialty,750,Dermatology,72,Female,No,Andheri,3.62,3.9,76.9,55,100,60,43746,Yes,Yes,4.5,0.94,84.04,Mumbai,Mumbai Suburban,Maharashtra
597,Lilavati Hospital and Research Centre,Private,Multispecialty,323,Gynecology,47,Female,No,Powai,7.43,4.7,98.0,66,12,95,68851,Yes,Yes,4.7,0.661,76.31,Mumbai,Mumbai Suburban,Maharashtra
598,Hinduja Hospital,Private,Multispecialty,400,Ophthalmology,45,Male,No,Borivali,0.5,4.1,80.9,71,38,98,20998,Yes,Yes,5.0,0.649,78.7,Mumbai,Mumbai City,Maharashtra
599,Nanavati Max Super Speciality Hospital,Private,Super Specialty,350,Oncology,43,Female,No,Kurla,12.68,3.9,87.1,78,97,98,84042,No,Yes,4.7,0.814,75.48,Mumbai,Mumbai Suburban,Maharashtra
600,Breach Candy Hospital Trust,Private,Multispecialty,200,General Medicine,35,Female,No,Borivali,2.78,4.2,79.3,78,71,75,5982,No,Yes,4.1,0.796,77.09,Mumbai,Mumbai City,Maharashtra
601,Asian Heart Institute,Private,Cardiac,250,Cardiology,57,Male,No,Powai,1.93,4.3,76.4,56,31,34,5000,Yes,Yes,5.0,0.927,82.44,Mumbai,Mumbai Suburban,Maharashtra
602,Jaslok Hospital,Private,Multispecialty,343,Gastroenterology,19,Male,No,Andheri,2.12,3.8,90.1,51,61,92,40524,No,Yes,3.9,0.821,75.84,Mumbai,Mumbai City,Maharashtra
603,Bombay Hospital & Medical Research Centre,Private,Multispecialty,725,General Surgery,59,Male,No,Andheri,3.09,4.4,83.2,87,42,69,42595,No,Yes,4.6,0.603,76.0,Mumbai,Mumbai City,Maharashtra
604,P. D. Hinduja Hospital & Medical Research Centre,Private,Multispecialty,400,Orthopedics,21,Female,No,Powai,16.51,4.2,90.1,94,31,34,73984,No,Yes,3.4,0.882,74.84,Mumbai,Mumbai City,Maharashtra
605,B. J. Government Medical College and Sassoon General Hospital,Government,Teaching Hospital,1500,Gynecology,11,Male,Yes,Shivajinagar,3.15,3.5,88.7,67,10,5,74682,No,No,4.2,0.824,70.92,Pune,Pune,Maharashtra
606,Deenanath Mangeshkar Hospital and Research Center,Private,Multispecialty,900,General Medicine,45,Male,Yes,Hadapsar,5.05,3.8,78.6,70,87,49,21394,Yes,Yes,4.4,0.492,73.32,Pune,Pune,Maharashtra
607,Ruby Hall Clinic,Private,Multispecialty,700,Pulmonology,8,Female,No,Baner,10.03,4.4,90.5,73,53,31,29651,Yes,Yes,3.9,0.796,83.14,Pune,Pune,Maharashtra
608,Jehangir Hospital,Private,Multispecialty,350,General Surgery,42,Male,No,Baner,10.96,4.5,82.0,52,45,87,16123,Yes,Yes,4.3,0.874,76.73,Pune,Pune,Maharashtra
609,Noble Hospitals & Research Centre,Private,Multispecialty,250,General Surgery,43,Female,No,Baner,6.57,4.3,80.0,88,40,5,29501,Yes,Yes,3.5,0.651,79.24,Pune,Pune,Maharashtra
610,Sahyadri Super Speciality Hospital,Private,Super Specialty,350,Ophthalmology,84,Female,Yes,Baner,5.16,5.0,98.0,52,46,39,62265,Yes,Yes,4.7,0.812,80.61,Pune,Pune,Maharashtra
611,Aditya Birla Memorial Hospital,Private,Multispecialty,500,Pediatrics,73,Female,No,Hadapsar,2.02,4.1,88.1,64,36,44,66408,Yes,Yes,4.3,0.82,78.56,Pune,Pune,Maharashtra
612,"Manipal Hospital, Kharadi",Private,Multispecialty,300,General Surgery,69,Male,No,Wakad,5.93,4.5,88.0,45,60,77,5000,No,Yes,4.7,0.819,82.41,Pune,Pune,Maharashtra
613,"Columbia Asia Hospital, Pune",Private,Multispecialty,100,General Medicine,28,Female,No,Kothrud,3.4,4.5,82.3,67,14,5,117067,No,Yes,4.3,0.852,76.5,Pune,Pune,Maharashtra
614,Armed Forces Medical College and Command Hospital,Government,Teaching Hospital,1200,ENT,38,Female,No,Kothrud,1.07,4.6,98.0,78,36,63,10597,Yes,Yes,3.6,0.752,82.12,Pune,Pune,Maharashtra
615,"Government Medical College and Hospital, Nashik",Government,Teaching Hospital,1000,Emergency Medicine,40,Male,No,Indira Nagar,4.06,4.5,97.6,71,46,45,100699,Yes,No,3.7,0.911,78.74,Nashik,Nashik,Maharashtra
616,"Civil Hospital, Nashik",Government,General Hospital,500,Oncology,22,Female,No,Nashik Road,5.01,4.1,77.2,75,67,98,71431,Yes,Yes,3.1,0.611,74.42,Nashik,Nashik,Maharashtra
617,"Wockhardt Hospitals, Nashik",Private,Super Specialty,200,Pediatrics,62,Female,Yes,Panchavati,4.44,3.9,96.8,79,97,17,85266,Yes,Yes,3.7,0.915,86.2,Nashik,Nashik,Maharashtra
618,"Apollo Hospitals, Nashik",Private,Multispecialty,200,Nephrology,13,Female,No,Gangapur Road,2.96,4.5,88.5,42,61,64,82285,Yes,Yes,4.2,0.671,77.11,Nashik,Nashik,Maharashtra
619,Six Sigma Medicare & Research Institute,Private,Multispecialty,150,Pediatrics,28,Female,No,College Road,3.96,4.7,81.5,64,19,29,69630,Yes,Yes,3.3,0.887,82.83,Nashik,Nashik,Maharashtra
620,"Government Medical College and Hospital, Chhatrapati Sambhajinagar",Government,Teaching Hospital,1200,Ophthalmology,61,Female,Yes,Garkheda,5.52,4.8,89.8,83,57,105,32942,Yes,Yes,3.6,0.623,76.22,Chhatrapati Sambhajinagar,Chhatrapati Sambhajinagar,Maharashtra
621,"Government Superspecialty Hospital, Chhatrapati Sambhajinagar",Government,Super Specialty,500,Gastroenterology,14,Male,Yes,Jalna Road,1.19,4.5,77.7,63,98,40,65321,Yes,Yes,4.1,0.838,85.71,Chhatrapati Sambhajinagar,Chhatrapati Sambhajinagar,Maharashtra
622,"Cancer Hospital, Chhatrapati Sambhajinagar",Government/Trust,Oncology,300,Orthopedics,65,Female,Yes,CIDCO,1.85,4.2,86.2,58,81,62,66549,Yes,Yes,4.2,0.702,79.84,Chhatrapati Sambhajinagar,Chhatrapati Sambhajinagar,Maharashtra
623,Kamalnayan Bajaj Hospital,Private,Multispecialty,200,Gastroenterology,13,Male,Yes,Beed Bypass,23.77,4.2,85.2,97,91,67,11511,Yes,Yes,4.4,0.69,81.19,Chhatrapati Sambhajinagar,Chhatrapati Sambhajinagar,Maharashtra
624,"MGM Hospital, Chhatrapati Sambhajinagar",Private/Trust,Teaching Hospital,750,Pulmonology,26,Male,Yes,Beed Bypass,8.39,4.8,98.0,51,86,28,71026,No,Yes,4.1,0.776,78.18,Chhatrapati Sambhajinagar,Chhatrapati Sambhajinagar,Maharashtra
625,Dr. Shankarrao Chavan Government Medical College and Hospital,Government,Teaching Hospital,500,ENT,80,Male,Yes,Vazirabad,2.11,3.6,81.8,52,18,49,81555,Yes,Yes,4.6,0.872,77.41,Nanded,Nanded,Maharashtra
626,"District Hospital, Nanded",Government,General Hospital,300,Ophthalmology,44,Female,No,Vazirabad,9.99,5.0,73.4,40,25,5,119394,Yes,Yes,3.7,0.81,72.93,Nanded,Nanded,Maharashtra
627,"MGM Hospital, Nanded",Private/Trust,Multispecialty,250,Pediatrics,58,Male,No,CIDCO,12.54,4.2,86.8,81,54,124,5000,Yes,Yes,4.3,0.793,76.35,Nanded,Nanded,Maharashtra
628,Shri Guru Gobind Singhji Memorial Hospital,Government,General Hospital,300,Nephrology,72,Male,Yes,Shivaji Nagar,6.3,4.2,88.5,99,76,106,31591,Yes,Yes,3.6,0.83,89.12,Nanded,Nanded,Maharashtra
629,Vilasrao Deshmukh Government Medical College and Hospital,Government,Teaching Hospital,500,Pediatrics,50,Female,No,Shivaji Chowk,8.7,4.1,79.5,45,33,71,81982,Yes,No,4.7,0.58,63.25,Latur,Latur,Maharashtra
630,"Government Superspecialty Hospital, Latur",Government,Super Specialty,300,Gynecology,13,Male,No,Ausa Road,14.26,4.2,91.2,51,12,41,86587,Yes,Yes,4.2,0.788,70.79,Latur,Latur,Maharashtra
631,"District Hospital, Latur",Government,General Hospital,250,ENT,9,Male,No,Shivaji Chowk,1.55,4.7,85.2,59,19,5,5000,Yes,No,4.1,0.904,80.57,Latur,Latur,Maharashtra
632,MIMSR Medical College and Latur Hospital,Private/Trust,Teaching Hospital,700,Neurology,73,Female,No,Ausa Road,9.1,4.5,74.5,52,73,35,60576,Yes,Yes,5.0,0.946,83.02,Latur,Latur,Maharashtra
633,Rajashree Chhatrapati Shahu Maharaj Government Medical College and CPR Hospital,Government,Teaching Hospital,1000,Dermatology,33,Male,Yes,Tarabai Park,7.72,4.5,98.0,97,94,34,16335,Yes,Yes,4.3,0.75,91.19,Kolhapur,Kolhapur,Maharashtra
634,D. Y. Patil Hospital and Research Institute,Private/Trust,Teaching Hospital,750,Orthopedics,50,Female,No,Shahupuri,4.57,5.0,82.2,57,24,69,68960,Yes,Yes,4.5,0.61,73.55,Kolhapur,Kolhapur,Maharashtra
635,Aster Aadhar Hospital,Private,Multispecialty,250,Pulmonology,14,Male,Yes,Shahupuri,2.51,4.6,85.5,96,96,60,52338,Yes,Yes,3.7,0.981,91.23,Kolhapur,Kolhapur,Maharashtra
636,Dr. Vaishampayan Memorial Government Medical College and Chhatrapati Shivaji Maharaj General Hospital,Government,Teaching Hospital,900,Cardiology,76,Male,No,Akkalkot Road,0.5,4.1,81.8,85,59,66,36224,Yes,Yes,4.0,0.845,82.45,Solapur,Solapur,Maharashtra
637,Ashwini Sahakari Rugnalaya,Private/Trust,Multispecialty,300,General Surgery,16,Female,No,Sadar Bazar,1.58,4.5,94.1,48,22,82,25387,Yes,Yes,3.6,0.781,79.35,Solapur,Solapur,Maharashtra
638,Yashodhara Super Speciality Hospital,Private,Super Specialty,200,Dermatology,65,Female,Yes,Akkalkot Road,2.49,4.3,86.7,79,98,53,135205,Yes,Yes,4.8,0.583,81.43,Solapur,Solapur,Maharashtra
639,"Government Medical College, Amravati",Government,Teaching Hospital,500,Orthopedics,70,Male,No,Amravati,4.71,4.2,95.2,57,24,36,90293,Yes,Yes,4.2,0.89,80.5,Amravati,Amravati,Maharashtra
640,"District Women Hospital, Amravati",Government,Women & Children,250,Gastroenterology,37,Male,No,Amravati,6.76,4.8,81.7,75,59,25,5000,Yes,No,4.2,0.867,82.71,Amravati,Amravati,Maharashtra
641,Dr. Panjabrao Deshmukh Memorial Medical College,Private/Trust,Teaching Hospital,500,Cardiology,72,Male,No,Amravati,4.11,3.2,92.4,43,10,78,31451,No,Yes,4.0,0.715,68.04,Amravati,Amravati,Maharashtra
642,"Government Medical College and Hospital, Akola",Government,Teaching Hospital,500,Gynecology,16,Female,Yes,Akola,6.77,3.7,88.3,99,38,93,105990,Yes,Yes,3.9,1.0,77.85,Akola,Akola,Maharashtra
643,"Government Medical College and Super Speciality Hospital, Akola",Government,Super Specialty,300,Neurology,42,Female,No,Akola,3.56,4.0,81.3,68,31,67,107405,Yes,Yes,4.8,0.68,75.67,Akola,Akola,Maharashtra
644,"District Hospital, Akola",Government,General Hospital,250,Oncology,7,Female,No,Akola,2.67,4.9,98.0,41,31,49,35149,No,Yes,3.3,0.948,80.69,Akola,Akola,Maharashtra
645,Shri Vasantrao Naik Government Medical College and Hospital,Government,Teaching Hospital,1000,Oncology,60,Female,Yes,Yavatmal,11.83,5.0,90.6,77,93,64,89541,Yes,Yes,3.9,0.773,82.41,Yavatmal,Yavatmal,Maharashtra
646,"Government Superspecialty Hospital, Yavatmal",Government,Super Specialty,300,Orthopedics,29,Male,Yes,Yavatmal,2.45,4.0,87.2,79,45,93,64234,Yes,No,3.8,1.0,82.22,Yavatmal,Yavatmal,Maharashtra
647,"Government Medical College, Chandrapur",Government,Teaching Hospital,500,General Medicine,70,Female,No,Chandrapur,5.51,4.0,89.6,44,85,47,98394,No,Yes,4.2,0.658,69.82,Chandrapur,Chandrapur,Maharashtra
648,"District Hospital, Chandrapur",Government,General Hospital,250,Gastroenterology,22,Female,No,Chandrapur,3.3,4.5,86.7,84,30,52,44309,No,No,3.5,0.713,71.46,Chandrapur,Chandrapur,Maharashtra
649,"Government Medical College, Bhandara",Government,Teaching Hospital,500,Emergency Medicine,83,Male,No,Bhandara,7.29,3.9,83.4,66,90,62,12442,Yes,Yes,4.1,1.0,85.04,Bhandara,Bhandara,Maharashtra
650,"District General Hospital, Bhandara",Government,General Hospital,250,Neurology,39,Female,Yes,Bhandara,5.78,4.3,95.2,68,54,78,65949,Yes,Yes,4.0,0.835,85.16,Bhandara,Bhandara,Maharashtra
651,"Government Medical College, Gondia",Government,Teaching Hospital,500,Gynecology,17,Male,No,Gondia,3.62,4.7,87.5,85,89,114,30938,Yes,No,4.5,0.817,83.84,Gondia,Gondia,Maharashtra
652,"District Hospital, Gondia",Government,General Hospital,250,Gynecology,67,Male,No,Gondia,5.93,4.2,98.0,73,55,109,60736,Yes,Yes,4.5,0.637,77.93,Gondia,Gondia,Maharashtra
653,"Government Medical College, Wardha",Government,Teaching Hospital,500,Oncology,57,Male,No,Wardha,3.88,3.9,92.7,84,76,38,34735,Yes,Yes,5.0,0.776,87.31,Wardha,Wardha,Maharashtra
654,Acharya Vinoba Bhave Rural Hospital,Private/Trust,Teaching Hospital,1000,Nephrology,18,Male,Yes,Wardha,4.7,4.4,83.7,76,27,78,91538,Yes,Yes,3.9,0.861,75.94,Wardha,Wardha,Maharashtra
655,"Government Medical College, Jalgaon",Government,Teaching Hospital,500,Pulmonology,61,Female,No,Jalgaon,1.88,4.9,94.1,72,19,37,25963,Yes,Yes,4.4,0.703,79.24,Jalgaon,Jalgaon,Maharashtra
656,"Government Medical College and Hospital, Dhule",Government,Teaching Hospital,500,Dermatology,51,Male,No,Dhule,16.4,4.0,92.3,78,97,36,61577,No,Yes,4.4,0.766,78.01,Dhule,Dhule,Maharashtra
657,"District Hospital, Nandurbar",Government,General Hospital,250,Pediatrics,39,Female,No,Nandurbar,1.86,4.3,93.5,79,77,91,111433,Yes,Yes,3.3,0.811,80.73,Nandurbar,Nandurbar,Maharashtra
658,"Government Medical College, Nandurbar",Government,Teaching Hospital,500,Pulmonology,84,Male,Yes,Nandurbar,2.71,4.2,98.0,67,54,80,55404,Yes,Yes,4.6,0.846,81.83,Nandurbar,Nandurbar,Maharashtra
659,"Government Medical College, Parbhani",Government,Teaching Hospital,500,Gynecology,37,Female,No,Parbhani,6.02,4.9,84.6,77,79,48,38549,Yes,Yes,3.7,0.863,86.76,Parbhani,Parbhani,Maharashtra
660,"District Hospital, Parbhani",Government,General Hospital,250,Dermatology,36,Other,No,Parbhani,4.17,4.1,72.5,49,48,104,84453,Yes,Yes,4.3,0.682,74.3,Parbhani,Parbhani,Maharashtra
661,"Government Medical College, Jalna",Government,Teaching Hospital,500,Dermatology,74,Male,No,Jalna,3.57,4.6,83.5,89,65,5,51829,Yes,Yes,3.9,1.0,90.56,Jalna,Jalna,Maharashtra
662,"District Women Hospital, Jalna",Government,Women & Children,250,Orthopedics,70,Male,No,Jalna,3.45,4.6,89.2,69,56,71,63959,Yes,Yes,3.9,0.906,83.1,Jalna,Jalna,Maharashtra
663,SRTR Medical College and Government Hospital,Government,Teaching Hospital,750,General Surgery,5,Male,No,Ambajogai,3.99,3.8,84.1,95,30,26,5000,Yes,Yes,3.3,1.0,83.66,Ambajogai,Beed,Maharashtra
664,"Government Medical College, Dharashiv",Government,Teaching Hospital,500,Nephrology,46,Male,No,Dharashiv,1.02,4.4,83.3,41,73,98,46486,Yes,Yes,4.0,0.995,84.33,Dharashiv,Dharashiv,Maharashtra
665,"District Hospital, Dharashiv",Government,General Hospital,250,Oncology,74,Male,No,Dharashiv,5.32,4.2,83.2,100,20,20,40893,Yes,Yes,4.4,0.852,80.97,Dharashiv,Dharashiv,Maharashtra
666,"Government Medical College, Ratnagiri",Government,Teaching Hospital,500,Nephrology,37,Female,Yes,Ratnagiri,6.63,4.1,88.8,92,80,36,68466,Yes,Yes,5.0,0.86,86.75,Ratnagiri,Ratnagiri,Maharashtra
667,"Government Medical College, Sindhudurg",Government,Teaching Hospital,500,Gynecology,28,Female,No,Sindhudurg,5.72,4.7,79.3,92,82,37,67511,Yes,Yes,3.4,0.45,75.97,Sindhudurg,Sindhudurg,Maharashtra
668,"District Hospital, Sindhudurg",Government,General Hospital,250,Nephrology,45,Female,No,Sindhudurg,11.65,4.3,81.1,65,26,90,75927,Yes,Yes,4.7,0.836,76.11,Sindhudurg,Sindhudurg,Maharashtra
669,"Government Medical College, Alibag",Government,Teaching Hospital,500,General Medicine,7,Female,No,Alibag,4.63,4.3,81.5,45,81,111,36821,No,Yes,3.8,0.686,74.2,Alibag,Raigad,Maharashtra
670,"District Hospital, Alibag",Government,General Hospital,250,Ophthalmology,52,Female,No,Alibag,8.51,4.8,78.4,96,65,28,21199,Yes,Yes,3.7,0.565,78.98,Alibag,Raigad,Maharashtra
671,"Government Medical College, Satara",Government,Teaching Hospital,500,Pulmonology,8,Female,No,Satara,1.44,4.3,80.1,89,42,47,5000,Yes,Yes,4.3,0.796,82.92,Satara,Satara,Maharashtra
672,"District Hospital, Satara",Government,General Hospital,250,Neurology,31,Female,No,Satara,10.0,4.1,94.0,42,96,59,77456,Yes,Yes,4.0,0.761,77.07,Satara,Satara,Maharashtra
673,"Government Medical College, Miraj",Government,Teaching Hospital,750,General Surgery,31,Male,No,Miraj,4.89,4.5,87.9,85,77,69,59703,Yes,Yes,4.3,0.872,86.78,Miraj,Sangli,Maharashtra
674,Padmabhushan Vasantdada Patil General Hospital,Government,General Hospital,500,Nephrology,5,Male,No,Sangli,9.72,4.7,84.8,57,97,46,20160,Yes,Yes,3.1,0.935,85.41,Sangli,Sangli,Maharashtra
675,"Government Medical College, Ambarnath",Government,Teaching Hospital,500,Oncology,2,Male,No,Ambarnath,13.09,4.8,93.5,72,38,53,66228,Yes,Yes,4.3,0.982,82.83,Ambarnath,Thane,Maharashtra
676,"Government Medical College and Hospital, Ambarnath",Government,Teaching Hospital,Teaching Hospital,Pulmonology,11,Female,Yes,Ambarnath,5.84,4.3,77.1,68,83,52,30567,No,Yes,4.3,0.742,77.9,Ambarnath,Thane,Maharashtra
677,Sir JJ Hospital,Government,Teaching Hospital,1500,Ophthalmology,11,Female,No,Powai,5.97,3.9,97.5,81,42,54,73610,No,Yes,4.5,0.717,75.32,Mumbai,Mumbai City,Maharashtra
678,"St. George's Hospital, Mumbai",Government,General Hospital,500,Ophthalmology,17,Female,No,Powai,7.43,4.2,84.3,61,42,39,9958,Yes,Yes,4.7,0.653,80.94,Mumbai,Mumbai City,Maharashtra
679,Gokuldas Tejpal Hospital,Government,General Hospital,500,General Medicine,27,Female,No,Dadar,12.14,4.7,95.9,95,72,31,78732,Yes,Yes,3.9,0.746,85.8,Mumbai,Mumbai City,Maharashtra
680,Cama and Albless Hospital,Government,Women & Children,367,Emergency Medicine,32,Female,No,Borivali,0.75,4.1,83.1,73,85,64,5000,Yes,Yes,4.8,0.819,88.98,Mumbai,Mumbai City,Maharashtra
681,KEM Hospital,Government,Teaching Hospital,1800,Pediatrics,71,Male,No,Andheri,0.53,4.3,80.2,43,14,59,39900,Yes,No,4.1,0.852,74.12,Mumbai,Mumbai City,Maharashtra
682,Seth GS Medical College and KEM Hospital,Government,Teaching Hospital,1800,Dermatology,13,Female,No,Kurla,2.53,4.0,97.7,80,32,57,14391,Yes,Yes,3.7,0.841,81.17,Mumbai,Mumbai City,Maharashtra
683,Tata Memorial Hospital,Trust,Oncology,700,Orthopedics,13,Male,Yes,Borivali,2.21,4.1,79.7,99,67,45,78858,Yes,Yes,3.7,0.793,80.61,Mumbai,Mumbai City,Maharashtra
684,Kokilaben Dhirubhai Ambani Hospital,Private,Super Specialty,750,Emergency Medicine,38,Female,Yes,Borivali,2.59,4.9,89.0,75,82,90,54387,Yes,Yes,4.3,0.894,87.91,Mumbai,Mumbai Suburban,Maharashtra
685,Lilavati Hospital and Research Centre,Private,Multispecialty,323,General Surgery,3,Male,Yes,Borivali,7.73,5.0,94.0,100,76,5,113805,No,Yes,3.9,0.885,85.69,Mumbai,Mumbai Suburban,Maharashtra
686,Hinduja Hospital,Private,Multispecialty,400,Pulmonology,81,Female,Yes,Bandra,10.05,4.5,87.8,63,78,39,56326,Yes,Yes,3.6,0.646,79.76,Mumbai,Mumbai City,Maharashtra
687,Nanavati Max Super Speciality Hospital,Private,Super Specialty,350,Dermatology,66,Female,No,Andheri,0.5,4.5,96.6,49,98,12,94889,Yes,Yes,4.1,0.769,85.51,Mumbai,Mumbai Suburban,Maharashtra
688,Breach Candy Hospital Trust,Private,Multispecialty,200,Orthopedics,31,Female,No,Dadar,2.27,4.2,93.9,53,95,64,80264,Yes,Yes,3.7,0.948,83.77,Mumbai,Mumbai City,Maharashtra
689,Asian Heart Institute,Private,Cardiac,250,Oncology,17,Female,No,Andheri,6.51,4.0,91.5,76,89,43,43550,Yes,Yes,3.5,1.0,89.89,Mumbai,Mumbai Suburban,Maharashtra
690,Jaslok Hospital,Private,Multispecialty,343,Emergency Medicine,33,Male,No,Colaba,9.85,4.4,81.1,52,29,22,49244,Yes,Yes,3.4,0.867,75.43,Mumbai,Mumbai City,Maharashtra
691,Bombay Hospital & Medical Research Centre,Private,Multispecialty,725,Orthopedics,32,Male,No,Powai,1.4,4.3,87.2,86,13,32,65322,Yes,Yes,4.0,0.982,83.14,Mumbai,Mumbai City,Maharashtra
692,P. D. Hinduja Hospital & Medical Research Centre,Private,Multispecialty,400,Pediatrics,76,Female,No,Bandra,7.95,4.5,94.8,92,18,45,18718,Yes,Yes,4.0,0.745,77.9,Mumbai,Mumbai City,Maharashtra
693,B. J. Government Medical College and Sassoon General Hospital,Government,Teaching Hospital,1500,General Medicine,69,Female,No,Kothrud,1.56,5.0,82.1,48,36,45,26195,No,Yes,4.4,0.706,75.23,Pune,Pune,Maharashtra
694,Deenanath Mangeshkar Hospital and Research Center,Private,Multispecialty,900,Nephrology,35,Male,Yes,Hadapsar,7.28,4.5,98.0,48,51,51,50949,Yes,Yes,4.5,0.74,81.85,Pune,Pune,Maharashtra
695,Ruby Hall Clinic,Private,Multispecialty,700,Gynecology,12,Male,No,Kharadi,15.97,5.0,97.0,49,78,46,37948,Yes,Yes,3.8,0.849,82.97,Pune,Pune,Maharashtra
696,Jehangir Hospital,Private,Multispecialty,350,Pulmonology,85,Female,Yes,Kothrud,0.97,4.6,81.4,96,30,92,86301,No,Yes,3.8,0.911,78.48,Pune,Pune,Maharashtra
697,Noble Hospitals & Research Centre,Private,Multispecialty,250,General Surgery,48,Other,No,Hadapsar,4.21,3.9,78.1,49,54,94,27318,Yes,Yes,3.5,0.766,72.97,Pune,Pune,Maharashtra
698,Sahyadri Super Speciality Hospital,Private,Super Specialty,350,ENT,44,Male,No,Hadapsar,4.11,4.0,90.2,50,77,25,77763,Yes,Yes,4.7,0.639,79.66,Pune,Pune,Maharashtra
699,Aditya Birla Memorial Hospital,Private,Multispecialty,500,General Surgery,72,Male,No,Shivajinagar,6.26,3.5,85.6,72,53,27,87412,Yes,Yes,3.5,0.838,76.71,Pune,Pune,Maharashtra
700,"Manipal Hospital, Kharadi",Private,Multispecialty,300,Nephrology,25,Female,No,Kharadi,8.52,4.7,84.9,60,34,10,57957,Yes,Yes,4.0,0.896,80.29,Pune,Pune,Maharashtra
701,"Columbia Asia Hospital, Pune",Private,Multispecialty,100,Nephrology,30,Male,No,Hadapsar,7.83,4.3,98.0,82,16,48,47312,Yes,Yes,3.7,0.707,75.96,Pune,Pune,Maharashtra
702,Armed Forces Medical College and Command Hospital,Government,Teaching Hospital,1200,Gynecology,57,Male,Yes,Wakad,6.6,3.9,87.8,97,10,32,91584,Yes,Yes,3.3,0.758,72.97,Pune,Pune,Maharashtra
703,"Government Medical College and Hospital, Nashik",Government,Teaching Hospital,1000,Oncology,80,Male,No,Panchavati,8.66,4.4,92.4,48,73,65,28844,Yes,Yes,4.0,0.837,80.99,Nashik,Nashik,Maharashtra
704,"Civil Hospital, Nashik",Government,General Hospital,500,Emergency Medicine,2,Male,No,Gangapur Road,2.79,3.8,90.7,66,77,5,85298,Yes,Yes,4.0,0.666,77.41,Nashik,Nashik,Maharashtra
705,"Wockhardt Hospitals, Nashik",Private,Super Specialty,200,Orthopedics,51,Male,No,Indira Nagar,6.21,4.0,94.6,66,22,62,45249,Yes,Yes,4.0,0.704,74.15,Nashik,Nashik,Maharashtra
706,"Apollo Hospitals, Nashik",Private,Multispecialty,200,Oncology,72,Male,No,Panchavati,3.54,4.2,87.5,83,13,11,114272,Yes,Yes,4.9,0.942,81.57,Nashik,Nashik,Maharashtra
707,Six Sigma Medicare & Research Institute,Private,Multispecialty,150,Orthopedics,65,Male,No,Panchavati,2.52,4.3,91.2,55,89,49,101309,Yes,Yes,4.2,0.831,80.34,Nashik,Nashik,Maharashtra
708,"Government Medical College and Hospital, Chhatrapati Sambhajinagar",Government,Teaching Hospital,1200,General Surgery,40,Other,No,Garkheda,2.57,4.5,86.4,91,25,18,57405,No,Yes,4.1,0.791,80.6,Chhatrapati Sambhajinagar,Chhatrapati Sambhajinagar,Maharashtra
709,"Government Superspecialty Hospital, Chhatrapati Sambhajinagar",Government,Super Specialty,500,Nephrology,84,Male,Yes,Beed Bypass,3.17,4.7,78.4,94,32,34,50354,No,Yes,4.7,0.898,81.41,Chhatrapati Sambhajinagar,Chhatrapati Sambhajinagar,Maharashtra
710,"Cancer Hospital, Chhatrapati Sambhajinagar",Government/Trust,Oncology,300,Cardiology,4,Female,No,Garkheda,3.66,4.5,91.9,44,31,37,99826,No,Yes,4.1,0.77,72.88,Chhatrapati Sambhajinagar,Chhatrapati Sambhajinagar,Maharashtra
711,Kamalnayan Bajaj Hospital,Private,Multispecialty,200,Oncology,2,Male,No,Beed Bypass,7.61,4.1,82.0,52,73,24,41043,Yes,Yes,5.0,0.792,82.1,Chhatrapati Sambhajinagar,Chhatrapati Sambhajinagar,Maharashtra
712,"MGM Hospital, Chhatrapati Sambhajinagar",Private/Trust,Teaching Hospital,750,Neurology,47,Female,No,Jalna Road,6.57,4.3,91.9,62,29,75,117785,No,Yes,4.4,0.753,71.73,Chhatrapati Sambhajinagar,Chhatrapati Sambhajinagar,Maharashtra
713,Dr. Shankarrao Chavan Government Medical College and Hospital,Government,Teaching Hospital,500,General Surgery,2,Female,No,Shivaji Nagar,6.2,4.7,89.1,75,62,5,42662,Yes,Yes,3.7,0.49,80.29,Nanded,Nanded,Maharashtra
714,"District Hospital, Nanded",Government,General Hospital,300,Emergency Medicine,40,Female,No,CIDCO,3.85,4.1,92.8,97,40,90,58158,Yes,Yes,3.5,0.803,84.14,Nanded,Nanded,Maharashtra
715,"MGM Hospital, Nanded",Private/Trust,Multispecialty,250,Pulmonology,21,Female,No,Shivaji Nagar,4.48,4.2,81.4,61,56,5,54768,No,Yes,4.2,0.583,72.48,Nanded,Nanded,Maharashtra
716,Shri Guru Gobind Singhji Memorial Hospital,Government,General Hospital,300,Ophthalmology,3,Female,No,Taroda,11.74,4.5,78.6,46,58,6,59976,Yes,Yes,4.0,0.693,79.5,Nanded,Nanded,Maharashtra
717,Vilasrao Deshmukh Government Medical College and Hospital,Government,Teaching Hospital,500,General Surgery,45,Female,Yes,Ganj Golai,8.1,4.0,98.0,95,78,30,64147,Yes,Yes,4.1,0.897,84.03,Latur,Latur,Maharashtra
718,"Government Superspecialty Hospital, Latur",Government,Super Specialty,300,Nephrology,80,Male,No,Shivaji Chowk,6.0,4.3,82.2,42,65,24,80631,Yes,Yes,4.3,0.852,76.47,Latur,Latur,Maharashtra
719,"District Hospital, Latur",Government,General Hospital,250,ENT,44,Female,No,Barshi Road,10.8,4.3,92.9,78,80,19,33542,Yes,Yes,3.6,0.537,76.54,Latur,Latur,Maharashtra
720,MIMSR Medical College and Latur Hospital,Private/Trust,Teaching Hospital,700,General Surgery,77,Male,No,Ganj Golai,5.87,3.8,78.3,89,83,74,93711,Yes,Yes,4.2,0.884,78.68,Latur,Latur,Maharashtra
721,Rajashree Chhatrapati Shahu Maharaj Government Medical College and CPR Hospital,Government,Teaching Hospital,1000,Ophthalmology,5,Female,No,Udyam Nagar,10.26,3.8,89.8,62,68,16,44906,Yes,Yes,4.2,0.992,85.82,Kolhapur,Kolhapur,Maharashtra
722,D. Y. Patil Hospital and Research Institute,Private/Trust,Teaching Hospital,750,Neurology,32,Male,No,Shahupuri,3.47,4.7,90.1,90,54,60,105293,Yes,Yes,4.5,0.914,85.23,Kolhapur,Kolhapur,Maharashtra
723,Aster Aadhar Hospital,Private,Multispecialty,250,Emergency Medicine,36,Female,No,Udyam Nagar,4.61,4.5,79.2,68,68,5,35895,Yes,Yes,4.6,0.953,84.51,Kolhapur,Kolhapur,Maharashtra
724,Dr. Vaishampayan Memorial Government Medical College and Chhatrapati Shivaji Maharaj General Hospital,Government,Teaching Hospital,900,Pulmonology,17,Female,No,Hotgi Road,5.61,4.7,84.7,75,20,13,30821,Yes,Yes,4.6,0.851,79.83,Solapur,Solapur,Maharashtra
725,Ashwini Sahakari Rugnalaya,Private/Trust,Multispecialty,300,Nephrology,36,Male,Yes,Jule Solapur,15.82,4.3,76.1,44,41,50,32282,No,Yes,4.5,0.855,69.23,Solapur,Solapur,Maharashtra
726,Yashodhara Super Speciality Hospital,Private,Super Specialty,200,Orthopedics,21,Female,No,Akkalkot Road,7.38,3.8,91.3,72,23,117,61685,Yes,No,4.4,0.675,67.38,Solapur,Solapur,Maharashtra
727,"Government Medical College, Amravati",Government,Teaching Hospital,500,General Medicine,12,Male,No,Amravati,6.08,4.8,80.2,53,92,43,60932,Yes,Yes,3.9,0.793,83.55,Amravati,Amravati,Maharashtra
728,"District Women Hospital, Amravati",Government,Women & Children,250,Cardiology,52,Male,No,Amravati,4.27,3.9,98.0,74,64,101,57678,Yes,Yes,3.8,0.743,78.81,Amravati,Amravati,Maharashtra
729,Dr. Panjabrao Deshmukh Memorial Medical College,Private/Trust,Teaching Hospital,500,Neurology,55,Female,No,Amravati,4.39,3.8,98.0,59,82,56,85325,Yes,Yes,4.1,0.622,80.07,Amravati,Amravati,Maharashtra
730,"Government Medical College and Hospital, Akola",Government,Teaching Hospital,500,Orthopedics,63,Female,Yes,Akola,5.94,4.8,90.6,96,91,44,5000,Yes,Yes,3.8,0.842,90.96,Akola,Akola,Maharashtra
731,"Government Medical College and Super Speciality Hospital, Akola",Government,Super Specialty,300,Orthopedics,82,Male,No,Akola,1.9,4.1,89.2,100,67,24,61101,Yes,Yes,4.8,0.765,89.44,Akola,Akola,Maharashtra
732,"District Hospital, Akola",Government,General Hospital,250,ENT,62,Female,No,Akola,12.58,4.0,81.5,73,30,69,35946,Yes,Yes,4.5,0.603,72.43,Akola,Akola,Maharashtra
733,Shri Vasantrao Naik Government Medical College and Hospital,Government,Teaching Hospital,1000,Gynecology,14,Female,No,Yavatmal,11.57,4.0,93.0,70,73,63,73607,No,Yes,4.4,0.763,74.9,Yavatmal,Yavatmal,Maharashtra
734,"Government Superspecialty Hospital, Yavatmal",Government,Super Specialty,300,Cardiology,22,Male,No,Yavatmal,8.21,4.5,91.1,99,30,59,25071,Yes,Yes,4.7,0.658,77.19,Yavatmal,Yavatmal,Maharashtra
735,"Government Medical College, Chandrapur",Government,Teaching Hospital,500,General Surgery,83,Male,No,Chandrapur,6.74,4.1,82.9,66,95,41,35807,No,Yes,4.5,0.671,78.38,Chandrapur,Chandrapur,Maharashtra
736,"District Hospital, Chandrapur",Government,General Hospital,250,Neurology,19,Male,Yes,Chandrapur,13.9,5.0,96.2,70,65,74,24030,No,Yes,4.2,0.8,81.21,Chandrapur,Chandrapur,Maharashtra
737,"Government Medical College, Bhandara",Government,Teaching Hospital,500,Nephrology,37,Female,No,Bhandara,1.81,3.8,75.5,94,27,13,90754,Yes,Yes,4.6,0.817,77.03,Bhandara,Bhandara,Maharashtra
738,"District General Hospital, Bhandara",Government,General Hospital,250,General Surgery,70,Female,No,Bhandara,12.32,3.9,82.8,83,92,52,63132,Yes,No,4.7,0.909,80.87,Bhandara,Bhandara,Maharashtra
739,"Government Medical College, Gondia",Government,Teaching Hospital,500,Emergency Medicine,6,Male,No,Gondia,2.07,4.4,94.6,85,23,52,108150,No,Yes,3.6,0.735,75.03,Gondia,Gondia,Maharashtra
740,"District Hospital, Gondia",Government,General Hospital,250,General Medicine,27,Male,No,Gondia,3.91,4.1,85.0,48,100,43,5000,No,No,5.0,0.815,78.3,Gondia,Gondia,Maharashtra
741,"Government Medical College, Wardha",Government,Teaching Hospital,500,Dermatology,52,Female,No,Wardha,8.14,4.6,78.3,87,84,90,45630,Yes,Yes,3.0,0.865,84.06,Wardha,Wardha,Maharashtra
742,Acharya Vinoba Bhave Rural Hospital,Private/Trust,Teaching Hospital,1000,Gastroenterology,8,Male,No,Wardha,11.86,4.6,92.6,93,99,14,72412,Yes,Yes,4.3,0.692,87.02,Wardha,Wardha,Maharashtra
743,"Government Medical College, Jalgaon",Government,Teaching Hospital,500,Neurology,3,Male,No,Jalgaon,2.64,4.1,91.5,80,26,86,31942,Yes,Yes,4.2,0.712,76.83,Jalgaon,Jalgaon,Maharashtra
744,"Government Medical College and Hospital, Dhule",Government,Teaching Hospital,500,General Surgery,27,Male,Yes,Dhule,6.05,4.5,88.4,41,82,36,18586,No,Yes,4.0,1.0,84.92,Dhule,Dhule,Maharashtra
745,"District Hospital, Nandurbar",Government,General Hospital,250,Orthopedics,16,Male,Yes,Nandurbar,11.1,3.6,98.0,41,34,52,78754,Yes,Yes,4.6,1.0,80.49,Nandurbar,Nandurbar,Maharashtra
746,"Government Medical College, Nandurbar",Government,Teaching Hospital,500,Orthopedics,63,Female,No,Nandurbar,6.09,4.8,89.3,48,49,29,69420,Yes,Yes,4.1,0.641,77.27,Nandurbar,Nandurbar,Maharashtra
747,"Government Medical College, Parbhani",Government,Teaching Hospital,500,Dermatology,43,Female,No,Parbhani,6.23,4.3,93.9,88,86,112,81553,No,Yes,4.5,0.658,78.21,Parbhani,Parbhani,Maharashtra
748,"District Hospital, Parbhani",Government,General Hospital,250,Neurology,43,Male,Yes,Parbhani,1.82,4.4,76.0,85,59,66,15328,Yes,Yes,3.8,0.778,83.78,Parbhani,Parbhani,Maharashtra
749,"Government Medical College, Jalna",Government,Teaching Hospital,500,Oncology,52,Female,No,Jalna,14.35,3.8,88.1,87,73,88,76208,Yes,Yes,4.2,1.0,80.21,Jalna,Jalna,Maharashtra
750,"District Women Hospital, Jalna",Government,Women & Children,250,Oncology,84,Female,No,Jalna,7.65,4.2,93.3,42,27,47,53591,Yes,Yes,4.0,0.952,79.58,Jalna,Jalna,Maharashtra
751,SRTR Medical College and Government Hospital,Government,Teaching Hospital,750,Dermatology,45,Female,No,Ambajogai,10.21,4.4,81.0,99,98,37,53553,Yes,Yes,4.2,0.776,85.34,Ambajogai,Beed,Maharashtra
752,"Government Medical College, Dharashiv",Government,Teaching Hospital,500,Gastroenterology,46,Male,No,Dharashiv,4.22,3.8,75.4,84,82,26,39125,Yes,Yes,4.6,0.786,81.95,Dharashiv,Dharashiv,Maharashtra
753,"District Hospital, Dharashiv",Government,General Hospital,250,Ophthalmology,74,Male,Yes,Dharashiv,0.71,4.8,84.5,53,48,43,29630,No,Yes,4.5,0.961,80.47,Dharashiv,Dharashiv,Maharashtra
754,"Government Medical College, Ratnagiri",Government,Teaching Hospital,500,Pediatrics,73,Male,Yes,Ratnagiri,24.2,4.0,73.6,50,46,22,69063,Yes,Yes,3.9,0.687,67.84,Ratnagiri,Ratnagiri,Maharashtra
755,"Government Medical College, Sindhudurg",Government,Teaching Hospital,500,Ophthalmology,25,Other,No,Sindhudurg,22.1,3.7,64.4,69,33,72,42426,Yes,Yes,3.9,0.708,66.75,Sindhudurg,Sindhudurg,Maharashtra
756,"District Hospital, Sindhudurg",Government,General Hospital,250,Dermatology,46,Male,No,Sindhudurg,15.2,4.6,91.1,84,59,17,12798,No,Yes,4.0,0.807,82.5,Sindhudurg,Sindhudurg,Maharashtra
757,"Government Medical College, Alibag",Government,Teaching Hospital,500,Dermatology,69,Female,No,Alibag,4.56,4.1,66.9,78,61,143,59975,No,Yes,4.1,0.824,72.83,Alibag,Raigad,Maharashtra
758,"District Hospital, Alibag",Government,General Hospital,250,Gynecology,54,Male,No,Alibag,6.42,3.7,77.5,52,62,60,69821,Yes,Yes,4.1,0.693,73.1,Alibag,Raigad,Maharashtra
759,"Government Medical College, Satara",Government,Teaching Hospital,500,Orthopedics,34,Female,Yes,Satara,3.71,3.5,74.8,70,47,86,55254,No,Yes,4.7,0.819,71.54,Satara,Satara,Maharashtra
760,"District Hospital, Satara",Government,General Hospital,250,Orthopedics,66,Female,Yes,Satara,4.1,4.3,72.4,69,21,52,33786,Yes,Yes,3.8,0.941,79.72,Satara,Satara,Maharashtra
761,"Government Medical College, Miraj",Government,Teaching Hospital,750,Gynecology,20,Female,No,Miraj,0.57,4.2,81.6,55,33,20,5000,Yes,Yes,4.8,0.945,83.21,Miraj,Sangli,Maharashtra
762,Padmabhushan Vasantdada Patil General Hospital,Government,General Hospital,500,Orthopedics,2,Female,No,Sangli,2.67,4.8,87.0,85,86,74,48504,Yes,Yes,3.0,0.693,80.47,Sangli,Sangli,Maharashtra
763,"Government Medical College, Ambarnath",Government,Teaching Hospital,500,Cardiology,65,Female,Yes,Ambarnath,4.46,4.4,88.7,61,65,19,5000,Yes,Yes,4.6,0.928,84.01,Ambarnath,Thane,Maharashtra
764,"Government Medical College and Hospital, Ambarnath",Government,Teaching Hospital,Teaching Hospital,Pulmonology,32,Male,No,Ambarnath,9.12,5.0,87.7,98,51,5,27996,Yes,Yes,4.3,0.917,90.09,Ambarnath,Thane,Maharashtra
765,Sir JJ Hospital,Government,Teaching Hospital,1500,Gynecology,37,Female,No,Borivali,7.56,3.6,88.9,64,25,24,84098,Yes,Yes,4.2,0.725,76.39,Mumbai,Mumbai City,Maharashtra
766,"St. George's Hospital, Mumbai",Government,General Hospital,500,Pulmonology,83,Male,No,Borivali,1.03,4.2,96.7,82,39,113,83206,Yes,Yes,4.6,0.854,80.37,Mumbai,Mumbai City,Maharashtra
767,Gokuldas Tejpal Hospital,Government,General Hospital,500,Pulmonology,2,Female,No,Borivali,3.98,3.8,81.6,68,23,100,71330,Yes,Yes,5.0,0.887,78.2,Mumbai,Mumbai City,Maharashtra
768,Cama and Albless Hospital,Government,Women & Children,367,Oncology,55,Female,No,Powai,2.86,4.4,83.2,80,27,30,47786,No,Yes,3.6,0.85,81.42,Mumbai,Mumbai City,Maharashtra
769,KEM Hospital,Government,Teaching Hospital,1800,Gynecology,37,Female,No,Borivali,5.09,4.1,85.9,54,58,22,25863,Yes,Yes,3.8,0.847,79.33,Mumbai,Mumbai City,Maharashtra
770,Seth GS Medical College and KEM Hospital,Government,Teaching Hospital,1800,Pulmonology,36,Female,Yes,Bandra,12.35,4.1,82.6,100,92,76,5000,Yes,Yes,3.2,0.602,80.5,Mumbai,Mumbai City,Maharashtra
771,Tata Memorial Hospital,Trust,Oncology,700,Gastroenterology,2,Female,Yes,Borivali,17.96,4.6,97.8,94,34,84,35466,Yes,Yes,3.9,0.976,77.64,Mumbai,Mumbai City,Maharashtra
772,Kokilaben Dhirubhai Ambani Hospital,Private,Super Specialty,750,General Surgery,38,Female,No,Dadar,2.05,4.3,97.2,84,64,63,43684,Yes,Yes,3.9,0.8,87.02,Mumbai,Mumbai Suburban,Maharashtra
773,Lilavati Hospital and Research Centre,Private,Multispecialty,323,Nephrology,29,Female,Yes,Dadar,4.41,4.2,87.0,41,45,84,83542,Yes,Yes,3.7,0.886,77.65,Mumbai,Mumbai Suburban,Maharashtra
774,Hinduja Hospital,Private,Multispecialty,400,Emergency Medicine,27,Male,Yes,Kurla,3.99,4.3,82.9,71,17,74,40615,No,Yes,4.5,0.789,75.32,Mumbai,Mumbai City,Maharashtra
775,Nanavati Max Super Speciality Hospital,Private,Super Specialty,350,Oncology,57,Female,No,Kurla,2.62,4.3,90.8,83,53,59,60245,Yes,Yes,4.2,0.589,75.05,Mumbai,Mumbai Suburban,Maharashtra
776,Breach Candy Hospital Trust,Private,Multispecialty,200,ENT,15,Female,No,Borivali,3.42,4.2,89.6,74,80,61,116843,Yes,Yes,3.8,0.667,77.86,Mumbai,Mumbai City,Maharashtra
777,Asian Heart Institute,Private,Cardiac,250,Cardiology,40,Female,No,Bandra,17.92,4.5,89.7,81,54,5,63466,Yes,Yes,3.5,0.827,82.87,Mumbai,Mumbai Suburban,Maharashtra
778,Jaslok Hospital,Private,Multispecialty,343,ENT,74,Female,No,Borivali,5.92,4.4,83.5,45,67,22,42873,Yes,Yes,3.9,0.8,79.45,Mumbai,Mumbai City,Maharashtra
779,Bombay Hospital & Medical Research Centre,Private,Multispecialty,725,Cardiology,64,Female,No,Powai,8.01,3.9,91.8,44,35,46,74209,Yes,Yes,4.6,0.812,76.93,Mumbai,Mumbai City,Maharashtra
780,P. D. Hinduja Hospital & Medical Research Centre,Private,Multispecialty,400,Cardiology,78,Female,No,Andheri,6.9,4.7,80.4,48,49,72,52434,Yes,Yes,4.8,0.991,77.99,Mumbai,Mumbai City,Maharashtra
781,B. J. Government Medical College and Sassoon General Hospital,Government,Teaching Hospital,1500,Ophthalmology,74,Female,No,Kothrud,9.55,4.2,83.7,99,62,31,50423,Yes,Yes,4.4,0.771,82.64,Pune,Pune,Maharashtra
782,Deenanath Mangeshkar Hospital and Research Center,Private,Multispecialty,900,Pulmonology,27,Female,No,Baner,5.81,4.2,87.0,86,50,71,47347,Yes,No,3.9,0.892,81.75,Pune,Pune,Maharashtra
783,Ruby Hall Clinic,Private,Multispecialty,700,Cardiology,26,Male,Yes,Hadapsar,2.69,4.2,98.0,86,97,100,5000,Yes,Yes,4.1,0.796,87.01,Pune,Pune,Maharashtra
784,Jehangir Hospital,Private,Multispecialty,350,Pediatrics,1,Female,No,Shivajinagar,11.61,3.9,81.1,52,67,48,15395,No,No,4.2,0.845,73.11,Pune,Pune,Maharashtra
785,Noble Hospitals & Research Centre,Private,Multispecialty,250,General Medicine,70,Male,No,Hadapsar,13.97,4.5,81.2,86,40,54,85431,Yes,Yes,3.5,0.845,73.32,Pune,Pune,Maharashtra
786,Sahyadri Super Speciality Hospital,Private,Super Specialty,350,Orthopedics,84,Male,No,Kharadi,8.7,3.5,78.3,45,44,95,105858,Yes,No,4.6,0.777,66.13,Pune,Pune,Maharashtra
787,Aditya Birla Memorial Hospital,Private,Multispecialty,500,Orthopedics,62,Female,No,Kothrud,7.23,3.7,98.0,77,24,42,51005,No,Yes,4.7,0.62,75.16,Pune,Pune,Maharashtra
788,"Manipal Hospital, Kharadi",Private,Multispecialty,300,Pediatrics,76,Male,Yes,Kothrud,5.29,4.5,78.3,54,85,37,44736,Yes,Yes,4.3,0.736,82.08,Pune,Pune,Maharashtra
789,"Columbia Asia Hospital, Pune",Private,Multispecialty,100,Neurology,46,Male,No,Wakad,8.22,4.8,81.8,67,80,75,31803,Yes,Yes,4.2,0.874,82.9,Pune,Pune,Maharashtra
790,Armed Forces Medical College and Command Hospital,Government,Teaching Hospital,1200,Dermatology,52,Female,No,Wakad,3.1,4.2,93.0,64,83,5,70979,No,Yes,5.0,0.89,83.97,Pune,Pune,Maharashtra
791,"Government Medical College and Hospital, Nashik",Government,Teaching Hospital,1000,Orthopedics,23,Male,No,College Road,5.57,4.3,89.1,42,10,5,27255,Yes,Yes,4.9,0.564,76.63,Nashik,Nashik,Maharashtra
792,"Civil Hospital, Nashik",Government,General Hospital,500,Pulmonology,63,Male,No,Gangapur Road,1.8,4.6,87.2,87,87,25,29996,No,Yes,4.3,0.915,90.02,Nashik,Nashik,Maharashtra
793,"Wockhardt Hospitals, Nashik",Private,Super Specialty,200,Cardiology,40,Female,No,Gangapur Road,4.62,4.6,94.4,77,18,5,27977,No,Yes,4.8,0.782,81.26,Nashik,Nashik,Maharashtra
794,"Apollo Hospitals, Nashik",Private,Multispecialty,200,Pediatrics,53,Male,No,Indira Nagar,2.05,4.2,88.2,55,81,29,21779,Yes,Yes,4.2,0.839,87.54,Nashik,Nashik,Maharashtra
795,Six Sigma Medicare & Research Institute,Private,Multispecialty,150,Dermatology,17,Female,Yes,College Road,2.8,4.0,81.8,96,50,54,46103,No,Yes,4.2,0.745,76.26,Nashik,Nashik,Maharashtra
796,"Government Medical College and Hospital, Chhatrapati Sambhajinagar",Government,Teaching Hospital,1200,Emergency Medicine,44,Female,No,Beed Bypass,5.76,5.0,87.9,45,32,80,69754,No,Yes,4.4,0.812,73.12,Chhatrapati Sambhajinagar,Chhatrapati Sambhajinagar,Maharashtra
797,"Government Superspecialty Hospital, Chhatrapati Sambhajinagar",Government,Super Specialty,500,Neurology,26,Female,No,CIDCO,8.54,4.2,96.5,73,28,5,36339,Yes,Yes,3.7,0.75,82.33,Chhatrapati Sambhajinagar,Chhatrapati Sambhajinagar,Maharashtra
798,"Cancer Hospital, Chhatrapati Sambhajinagar",Government/Trust,Oncology,300,Emergency Medicine,51,Male,No,CIDCO,4.18,4.3,77.0,65,26,74,58267,Yes,Yes,3.4,0.813,73.13,Chhatrapati Sambhajinagar,Chhatrapati Sambhajinagar,Maharashtra
799,Kamalnayan Bajaj Hospital,Private,Multispecialty,200,Emergency Medicine,64,Female,No,CIDCO,5.69,3.8,65.6,42,34,59,5000,Yes,Yes,3.6,0.825,70.85,Chhatrapati Sambhajinagar,Chhatrapati Sambhajinagar,Maharashtra
800,"MGM Hospital, Chhatrapati Sambhajinagar",Private/Trust,Teaching Hospital,750,General Medicine,17,Female,Yes,Garkheda,6.06,4.4,80.6,40,82,5,104531,Yes,Yes,4.2,0.99,82.45,Chhatrapati Sambhajinagar,Chhatrapati Sambhajinagar,Maharashtra
801,Dr. Shankarrao Chavan Government Medical College and Hospital,Government,Teaching Hospital,500,Orthopedics,85,Male,No,Vazirabad,1.64,3.9,78.6,82,34,83,13467,Yes,Yes,3.7,0.7,80.86,Nanded,Nanded,Maharashtra
802,"District Hospital, Nanded",Government,General Hospital,300,Pulmonology,41,Male,No,Shivaji Nagar,3.82,3.8,85.1,88,90,44,40554,Yes,Yes,4.5,0.661,84.8,Nanded,Nanded,Maharashtra
803,"MGM Hospital, Nanded",Private/Trust,Multispecialty,250,Nephrology,48,Female,No,Taroda,21.07,4.3,87.2,89,95,50,95901,Yes,No,5.0,0.776,75.64,Nanded,Nanded,Maharashtra
804,Shri Guru Gobind Singhji Memorial Hospital,Government,General Hospital,300,Cardiology,82,Male,No,Taroda,10.48,4.8,97.0,83,71,83,53943,Yes,Yes,4.7,0.818,84.46,Nanded,Nanded,Maharashtra
805,Vilasrao Deshmukh Government Medical College and Hospital,Government,Teaching Hospital,500,Ophthalmology,36,Male,No,Ausa Road,12.5,4.6,84.4,62,89,6,106759,Yes,Yes,3.8,0.92,81.71,Latur,Latur,Maharashtra
806,"Government Superspecialty Hospital, Latur",Government,Super Specialty,300,Orthopedics,26,Male,No,Barshi Road,5.15,3.8,88.6,66,59,22,17369,Yes,Yes,4.1,0.811,81.03,Latur,Latur,Maharashtra
807,"District Hospital, Latur",Government,General Hospital,250,General Surgery,44,Male,No,Barshi Road,6.18,4.8,84.1,65,40,62,56125,Yes,Yes,3.9,0.776,80.44,Latur,Latur,Maharashtra
808,MIMSR Medical College and Latur Hospital,Private/Trust,Teaching Hospital,700,Neurology,7,Male,No,Shivaji Chowk,1.66,4.5,84.7,47,12,16,102953,No,No,4.3,0.81,71.7,Latur,Latur,Maharashtra
809,Rajashree Chhatrapati Shahu Maharaj Government Medical College and CPR Hospital,Government,Teaching Hospital,1000,Pulmonology,5,Male,No,Tarabai Park,3.82,4.4,87.1,97,18,33,50666,Yes,Yes,4.3,0.738,81.93,Kolhapur,Kolhapur,Maharashtra
810,D. Y. Patil Hospital and Research Institute,Private/Trust,Teaching Hospital,750,Orthopedics,39,Male,Yes,Udyam Nagar,14.73,4.7,88.3,66,22,104,54831,No,Yes,4.4,0.778,73.22,Kolhapur,Kolhapur,Maharashtra
811,Aster Aadhar Hospital,Private,Multispecialty,250,General Medicine,40,Male,No,Tarabai Park,15.93,3.9,86.6,53,94,47,31858,No,No,4.3,0.855,76.96,Kolhapur,Kolhapur,Maharashtra
812,Dr. Vaishampayan Memorial Government Medical College and Chhatrapati Shivaji Maharaj General Hospital,Government,Teaching Hospital,900,General Surgery,63,Male,No,Akkalkot Road,5.25,5.0,81.5,59,27,18,73009,Yes,Yes,4.1,0.708,80.29,Solapur,Solapur,Maharashtra
813,Ashwini Sahakari Rugnalaya,Private/Trust,Multispecialty,300,Dermatology,22,Female,No,Sadar Bazar,11.74,4.1,86.0,72,82,52,42554,Yes,Yes,3.9,0.741,78.64,Solapur,Solapur,Maharashtra
814,Yashodhara Super Speciality Hospital,Private,Super Specialty,200,Emergency Medicine,64,Female,No,Sadar Bazar,9.1,4.3,82.7,68,40,26,43905,No,Yes,4.2,0.834,75.29,Solapur,Solapur,Maharashtra
815,"Government Medical College, Amravati",Government,Teaching Hospital,500,Ophthalmology,52,Female,No,Amravati,14.13,4.7,98.0,65,84,91,49871,Yes,Yes,4.3,0.945,85.95,Amravati,Amravati,Maharashtra
816,"District Women Hospital, Amravati",Government,Women & Children,250,General Surgery,73,Female,No,Amravati,12.54,4.1,92.7,59,45,62,72953,No,Yes,4.8,0.698,72.38,Amravati,Amravati,Maharashtra
817,Dr. Panjabrao Deshmukh Memorial Medical College,Private/Trust,Teaching Hospital,500,Nephrology,76,Female,No,Amravati,13.18,4.9,94.8,80,23,51,26434,Yes,Yes,3.8,0.796,81.21,Amravati,Amravati,Maharashtra
818,"Government Medical College and Hospital, Akola",Government,Teaching Hospital,500,Pediatrics,40,Female,No,Akola,1.69,4.6,88.6,77,43,5,61567,Yes,Yes,4.5,0.92,87.88,Akola,Akola,Maharashtra
819,"Government Medical College and Super Speciality Hospital, Akola",Government,Super Specialty,300,Emergency Medicine,58,Male,No,Akola,3.51,3.9,93.5,45,99,103,88395,No,Yes,4.3,0.81,74.04,Akola,Akola,Maharashtra
820,"District Hospital, Akola",Government,General Hospital,250,Emergency Medicine,6,Male,No,Akola,4.24,4.7,97.7,59,51,68,30558,Yes,Yes,4.2,0.844,83.25,Akola,Akola,Maharashtra
821,Shri Vasantrao Naik Government Medical College and Hospital,Government,Teaching Hospital,1000,Pediatrics,25,Male,No,Yavatmal,6.05,4.3,98.0,85,56,97,48638,Yes,Yes,3.5,0.839,85.03,Yavatmal,Yavatmal,Maharashtra
822,"Government Superspecialty Hospital, Yavatmal",Government,Super Specialty,300,Gynecology,66,Male,No,Yavatmal,11.01,4.2,91.6,88,90,40,100566,Yes,No,4.3,0.865,80.33,Yavatmal,Yavatmal,Maharashtra
823,"Government Medical College, Chandrapur",Government,Teaching Hospital,500,Oncology,54,Female,No,Chandrapur,2.74,4.0,85.4,92,60,56,90450,Yes,Yes,3.2,0.824,79.25,Chandrapur,Chandrapur,Maharashtra
824,"District Hospital, Chandrapur",Government,General Hospital,250,Pulmonology,79,Female,No,Chandrapur,13.42,4.2,86.8,71,19,41,61828,Yes,Yes,4.3,0.572,70.98,Chandrapur,Chandrapur,Maharashtra
825,"Government Medical College, Bhandara",Government,Teaching Hospital,500,Emergency Medicine,84,Female,Yes,Bhandara,10.47,3.9,86.2,97,18,40,7647,Yes,Yes,4.0,0.723,78.57,Bhandara,Bhandara,Maharashtra
826,"District General Hospital, Bhandara",Government,General Hospital,250,Gynecology,27,Male,No,Bhandara,6.59,3.8,82.5,98,58,45,5000,Yes,Yes,4.9,0.885,88.28,Bhandara,Bhandara,Maharashtra
827,"Government Medical College, Gondia",Government,Teaching Hospital,500,Pediatrics,63,Male,No,Gondia,4.17,4.3,97.9,49,27,28,69293,Yes,Yes,3.3,0.619,74.28,Gondia,Gondia,Maharashtra
828,"District Hospital, Gondia",Government,General Hospital,250,Dermatology,14,Male,No,Gondia,1.91,3.9,87.9,77,14,26,48731,Yes,Yes,3.6,0.97,80.0,Gondia,Gondia,Maharashtra
829,"Government Medical College, Wardha",Government,Teaching Hospital,500,Pulmonology,36,Female,No,Wardha,2.5,3.5,80.9,81,83,74,97095,No,Yes,5.0,0.852,77.89,Wardha,Wardha,Maharashtra
830,Acharya Vinoba Bhave Rural Hospital,Private/Trust,Teaching Hospital,1000,General Medicine,33,Female,No,Wardha,9.24,4.5,79.9,85,86,18,47172,Yes,Yes,4.2,0.738,83.6,Wardha,Wardha,Maharashtra
831,"Government Medical College, Jalgaon",Government,Teaching Hospital,500,General Surgery,36,Female,Yes,Jalgaon,4.2,4.5,93.6,67,24,43,79173,Yes,Yes,3.9,0.865,81.18,Jalgaon,Jalgaon,Maharashtra
832,"Government Medical College and Hospital, Dhule",Government,Teaching Hospital,500,Pediatrics,11,Female,Yes,Dhule,1.94,4.6,85.0,76,32,29,36878,No,Yes,4.4,0.994,80.56,Dhule,Dhule,Maharashtra
833,"District Hospital, Nandurbar",Government,General Hospital,250,Neurology,27,Female,No,Nandurbar,3.59,3.7,98.0,59,33,98,20012,No,Yes,3.9,0.867,76.53,Nandurbar,Nandurbar,Maharashtra
834,"Government Medical College, Nandurbar",Government,Teaching Hospital,500,Gastroenterology,65,Male,Yes,Nandurbar,4.82,4.2,92.9,72,75,48,87338,Yes,Yes,3.8,0.683,77.62,Nandurbar,Nandurbar,Maharashtra
835,"Government Medical College, Parbhani",Government,Teaching Hospital,500,Gynecology,45,Female,No,Parbhani,1.65,4.6,87.2,91,76,14,84642,Yes,Yes,4.0,0.723,83.85,Parbhani,Parbhani,Maharashtra
836,"District Hospital, Parbhani",Government,General Hospital,250,Ophthalmology,26,Female,No,Parbhani,0.5,3.6,92.9,87,69,96,20661,No,Yes,4.7,0.962,83.2,Parbhani,Parbhani,Maharashtra
837,"Government Medical College, Jalna",Government,Teaching Hospital,500,General Surgery,12,Female,Yes,Jalna,6.7,4.6,98.0,93,25,66,74369,Yes,Yes,3.9,0.97,87.09,Jalna,Jalna,Maharashtra
838,"District Women Hospital, Jalna",Government,Women & Children,250,General Surgery,79,Female,No,Jalna,6.39,4.5,83.8,92,85,79,92026,No,Yes,4.7,0.862,86.43,Jalna,Jalna,Maharashtra
839,SRTR Medical College and Government Hospital,Government,Teaching Hospital,750,Gastroenterology,36,Male,No,Ambajogai,3.87,4.3,87.4,48,37,5,83424,Yes,Yes,4.8,0.787,77.67,Ambajogai,Beed,Maharashtra
840,"Government Medical College, Dharashiv",Government,Teaching Hospital,500,ENT,24,Female,No,Dharashiv,3.42,4.5,94.1,96,68,11,139361,No,Yes,3.2,0.699,78.25,Dharashiv,Dharashiv,Maharashtra
841,"District Hospital, Dharashiv",Government,General Hospital,250,Pulmonology,41,Female,Yes,Dharashiv,10.67,3.5,97.1,93,72,35,79252,Yes,Yes,4.7,0.92,85.33,Dharashiv,Dharashiv,Maharashtra
842,"Government Medical College, Ratnagiri",Government,Teaching Hospital,500,Gastroenterology,11,Female,No,Ratnagiri,4.15,4.3,88.6,63,14,40,77449,Yes,Yes,5.0,0.947,77.96,Ratnagiri,Ratnagiri,Maharashtra
843,"Government Medical College, Sindhudurg",Government,Teaching Hospital,500,Dermatology,71,Female,No,Sindhudurg,5.68,4.4,86.0,81,95,50,53294,Yes,Yes,4.0,0.663,82.86,Sindhudurg,Sindhudurg,Maharashtra
844,"District Hospital, Sindhudurg",Government,General Hospital,250,Gastroenterology,28,Male,No,Sindhudurg,9.75,4.8,79.0,86,25,40,103777,No,Yes,4.2,0.638,70.44,Sindhudurg,Sindhudurg,Maharashtra
845,"Government Medical College, Alibag",Government,Teaching Hospital,500,Oncology,5,Female,No,Alibag,3.57,4.5,98.0,92,86,9,72354,Yes,Yes,4.1,0.828,89.23,Alibag,Raigad,Maharashtra
846,"District Hospital, Alibag",Government,General Hospital,250,Pediatrics,11,Female,Yes,Alibag,6.82,4.3,89.3,64,54,5,113039,No,Yes,3.6,0.849,76.83,Alibag,Raigad,Maharashtra
847,"Government Medical College, Satara",Government,Teaching Hospital,500,General Surgery,40,Female,No,Satara,23.54,4.2,83.2,77,86,98,85314,No,Yes,4.2,0.919,77.16,Satara,Satara,Maharashtra
848,"District Hospital, Satara",Government,General Hospital,250,Nephrology,22,Female,No,Satara,4.83,4.7,84.5,72,76,66,41265,Yes,Yes,4.2,0.699,78.74,Satara,Satara,Maharashtra
849,"Government Medical College, Miraj",Government,Teaching Hospital,750,ENT,1,Female,No,Miraj,7.15,4.3,89.1,49,41,35,5000,No,Yes,4.8,0.781,78.03,Miraj,Sangli,Maharashtra
850,Padmabhushan Vasantdada Patil General Hospital,Government,General Hospital,500,Gynecology,20,Female,No,Sangli,3.78,4.6,87.5,75,47,50,42472,Yes,Yes,4.0,0.782,81.83,Sangli,Sangli,Maharashtra
851,"Government Medical College, Ambarnath",Government,Teaching Hospital,500,Nephrology,71,Male,No,Ambarnath,9.29,4.3,82.7,53,60,81,69908,Yes,Yes,4.6,0.636,74.57,Ambarnath,Thane,Maharashtra
852,"Government Medical College and Hospital, Ambarnath",Government,Teaching Hospital,Teaching Hospital,Dermatology,10,Male,No,Ambarnath,2.69,4.5,77.8,53,72,90,47844,Yes,No,4.7,0.998,81.52,Ambarnath,Thane,Maharashtra
853,Sir JJ Hospital,Government,Teaching Hospital,1500,Emergency Medicine,25,Male,No,Bandra,4.8,4.4,81.9,96,55,73,67320,Yes,Yes,4.1,0.816,79.08,Mumbai,Mumbai City,Maharashtra
854,"St. George's Hospital, Mumbai",Government,General Hospital,500,General Medicine,39,Male,No,Colaba,6.92,4.5,86.8,61,37,30,57942,Yes,Yes,4.7,0.665,77.35,Mumbai,Mumbai City,Maharashtra
855,Gokuldas Tejpal Hospital,Government,General Hospital,500,Pediatrics,41,Male,No,Bandra,3.7,4.7,83.3,52,96,75,47426,Yes,Yes,4.0,0.958,84.97,Mumbai,Mumbai City,Maharashtra
856,Cama and Albless Hospital,Government,Women & Children,367,Pediatrics,76,Male,No,Colaba,3.64,4.9,88.4,56,81,18,52082,Yes,Yes,4.3,0.801,86.83,Mumbai,Mumbai City,Maharashtra
857,KEM Hospital,Government,Teaching Hospital,1800,Cardiology,70,Male,No,Dadar,7.74,4.9,97.1,64,13,42,50274,Yes,Yes,3.3,0.921,85.25,Mumbai,Mumbai City,Maharashtra
858,Seth GS Medical College and KEM Hospital,Government,Teaching Hospital,1800,Ophthalmology,73,Female,No,Dadar,2.22,4.6,84.9,67,28,71,78766,No,Yes,4.1,0.718,71.74,Mumbai,Mumbai City,Maharashtra
859,Tata Memorial Hospital,Trust,Oncology,700,Gynecology,19,Male,No,Kurla,3.47,3.8,73.8,71,16,5,61594,Yes,No,4.1,0.806,74.92,Mumbai,Mumbai City,Maharashtra
860,Kokilaben Dhirubhai Ambani Hospital,Private,Super Specialty,750,General Surgery,36,Female,No,Colaba,1.78,4.3,82.6,60,32,75,50182,Yes,Yes,4.4,0.719,76.0,Mumbai,Mumbai Suburban,Maharashtra
861,Lilavati Hospital and Research Centre,Private,Multispecialty,323,General Surgery,45,Male,No,Kurla,3.18,4.3,89.5,64,63,44,67075,Yes,No,4.6,0.724,79.04,Mumbai,Mumbai Suburban,Maharashtra
862,Hinduja Hospital,Private,Multispecialty,400,Pediatrics,54,Male,No,Powai,5.39,4.9,93.2,71,63,70,67024,Yes,Yes,5.0,0.629,81.31,Mumbai,Mumbai City,Maharashtra
863,Nanavati Max Super Speciality Hospital,Private,Super Specialty,350,Pulmonology,34,Male,No,Colaba,5.23,3.6,97.0,55,64,13,62172,Yes,No,4.2,0.755,81.27,Mumbai,Mumbai Suburban,Maharashtra
864,Breach Candy Hospital Trust,Private,Multispecialty,200,Cardiology,83,Female,Yes,Colaba,4.27,4.7,91.1,58,95,99,42840,Yes,Yes,4.5,0.856,82.86,Mumbai,Mumbai City,Maharashtra
865,Asian Heart Institute,Private,Cardiac,250,Nephrology,18,Male,No,Dadar,1.94,3.7,85.3,58,45,39,33629,Yes,Yes,3.9,0.672,79.55,Mumbai,Mumbai Suburban,Maharashtra
866,Jaslok Hospital,Private,Multispecialty,343,Dermatology,73,Female,Yes,Kurla,9.07,3.9,80.9,89,75,53,81890,No,Yes,4.6,1.0,81.69,Mumbai,Mumbai City,Maharashtra
867,Bombay Hospital & Medical Research Centre,Private,Multispecialty,725,Dermatology,4,Female,No,Andheri,6.69,4.8,85.7,77,27,59,14019,No,Yes,3.8,0.584,72.72,Mumbai,Mumbai City,Maharashtra
868,P. D. Hinduja Hospital & Medical Research Centre,Private,Multispecialty,400,Pediatrics,7,Male,No,Borivali,8.64,4.2,86.7,56,10,10,13528,Yes,Yes,3.8,0.532,71.45,Mumbai,Mumbai City,Maharashtra
869,B. J. Government Medical College and Sassoon General Hospital,Government,Teaching Hospital,1500,General Surgery,39,Female,Yes,Shivajinagar,6.65,4.7,92.0,95,15,38,59225,Yes,Yes,4.7,0.92,86.81,Pune,Pune,Maharashtra
870,Deenanath Mangeshkar Hospital and Research Center,Private,Multispecialty,900,Orthopedics,19,Other,No,Hadapsar,4.55,4.4,96.6,85,41,20,42507,Yes,Yes,4.9,0.593,79.47,Pune,Pune,Maharashtra
871,Ruby Hall Clinic,Private,Multispecialty,700,Orthopedics,50,Female,No,Wakad,5.06,4.7,84.9,71,47,66,14263,No,Yes,3.7,0.854,83.2,Pune,Pune,Maharashtra
872,Jehangir Hospital,Private,Multispecialty,350,Nephrology,59,Female,Yes,Kharadi,0.5,4.2,98.0,64,31,48,30747,Yes,Yes,4.7,0.898,81.12,Pune,Pune,Maharashtra
873,Noble Hospitals & Research Centre,Private,Multispecialty,250,Pediatrics,16,Male,Yes,Wakad,1.05,4.0,84.3,75,98,60,69742,Yes,Yes,4.2,0.738,83.4,Pune,Pune,Maharashtra
874,Sahyadri Super Speciality Hospital,Private,Super Specialty,350,Orthopedics,57,Male,No,Hadapsar,10.18,4.6,87.7,65,60,85,74834,No,Yes,4.6,0.846,76.48,Pune,Pune,Maharashtra
875,Aditya Birla Memorial Hospital,Private,Multispecialty,500,Gastroenterology,24,Male,No,Hadapsar,7.22,4.5,94.7,100,84,61,45111,Yes,No,4.4,0.9,87.83,Pune,Pune,Maharashtra
876,"Manipal Hospital, Kharadi",Private,Multispecialty,300,Nephrology,10,Male,No,Wakad,9.98,4.4,88.1,50,81,22,81096,No,Yes,4.0,0.824,75.89,Pune,Pune,Maharashtra
877,"Columbia Asia Hospital, Pune",Private,Multispecialty,100,Gynecology,34,Female,No,Kothrud,1.99,4.7,86.9,83,25,43,15962,Yes,Yes,4.3,0.622,79.94,Pune,Pune,Maharashtra
878,Armed Forces Medical College and Command Hospital,Government,Teaching Hospital,1200,General Medicine,78,Male,No,Baner,2.69,4.3,86.8,46,90,5,73279,Yes,Yes,5.0,0.575,80.2,Pune,Pune,Maharashtra
879,"Government Medical College and Hospital, Nashik",Government,Teaching Hospital,1000,Emergency Medicine,30,Male,No,College Road,8.25,4.9,80.5,74,88,90,53493,Yes,Yes,3.6,0.602,74.51,Nashik,Nashik,Maharashtra
880,"Civil Hospital, Nashik",Government,General Hospital,500,General Surgery,14,Female,No,College Road,6.81,4.2,94.1,52,44,31,43072,Yes,Yes,3.7,0.838,76.05,Nashik,Nashik,Maharashtra
881,"Wockhardt Hospitals, Nashik",Private,Super Specialty,200,Pulmonology,36,Female,Yes,Indira Nagar,5.47,4.6,87.5,95,43,65,18595,Yes,Yes,3.2,1.0,87.6,Nashik,Nashik,Maharashtra
882,"Apollo Hospitals, Nashik",Private,Multispecialty,200,Neurology,22,Female,No,Panchavati,7.44,4.8,83.4,85,96,61,29615,Yes,Yes,4.5,0.705,82.49,Nashik,Nashik,Maharashtra
883,Six Sigma Medicare & Research Institute,Private,Multispecialty,150,Gastroenterology,63,Female,No,Panchavati,1.47,4.0,86.1,79,37,5,37358,Yes,No,3.6,1.0,85.36,Nashik,Nashik,Maharashtra
884,"Government Medical College and Hospital, Chhatrapati Sambhajinagar",Government,Teaching Hospital,1200,Pulmonology,48,Female,Yes,Jalna Road,6.47,4.6,85.0,45,85,84,101658,Yes,Yes,4.3,0.97,81.36,Chhatrapati Sambhajinagar,Chhatrapati Sambhajinagar,Maharashtra
885,"Government Superspecialty Hospital, Chhatrapati Sambhajinagar",Government,Super Specialty,500,Cardiology,30,Male,Yes,Beed Bypass,9.89,4.1,78.7,85,91,50,20361,Yes,Yes,4.6,0.819,84.59,Chhatrapati Sambhajinagar,Chhatrapati Sambhajinagar,Maharashtra
886,"Cancer Hospital, Chhatrapati Sambhajinagar",Government/Trust,Oncology,300,Dermatology,64,Male,No,Garkheda,3.06,3.7,88.2,74,59,51,69924,Yes,Yes,4.2,0.73,81.79,Chhatrapati Sambhajinagar,Chhatrapati Sambhajinagar,Maharashtra
887,Kamalnayan Bajaj Hospital,Private,Multispecialty,200,General Medicine,85,Male,No,Garkheda,4.24,4.1,86.7,62,58,39,75656,No,Yes,3.9,0.779,74.7,Chhatrapati Sambhajinagar,Chhatrapati Sambhajinagar,Maharashtra
888,"MGM Hospital, Chhatrapati Sambhajinagar",Private/Trust,Teaching Hospital,750,Orthopedics,34,Female,Yes,Beed Bypass,5.59,4.4,81.4,78,99,34,48577,Yes,Yes,5.0,0.938,86.96,Chhatrapati Sambhajinagar,Chhatrapati Sambhajinagar,Maharashtra
889,Dr. Shankarrao Chavan Government Medical College and Hospital,Government,Teaching Hospital,500,Gynecology,68,Male,No,Shivaji Nagar,0.98,5.0,88.1,66,22,53,56291,Yes,Yes,4.3,0.92,81.32,Nanded,Nanded,Maharashtra
890,"District Hospital, Nanded",Government,General Hospital,300,Emergency Medicine,40,Female,No,CIDCO,1.16,4.1,76.6,94,48,30,21996,Yes,Yes,4.7,0.644,82.26,Nanded,Nanded,Maharashtra
891,"MGM Hospital, Nanded",Private/Trust,Multispecialty,250,General Medicine,43,Other,No,CIDCO,19.81,4.5,82.4,61,75,13,52423,Yes,No,4.2,0.759,76.6,Nanded,Nanded,Maharashtra
892,Shri Guru Gobind Singhji Memorial Hospital,Government,General Hospital,300,Ophthalmology,3,Female,No,CIDCO,6.23,4.3,96.0,100,25,44,50277,Yes,Yes,3.2,1.0,85.93,Nanded,Nanded,Maharashtra
893,Vilasrao Deshmukh Government Medical College and Hospital,Government,Teaching Hospital,500,Orthopedics,50,Female,No,Barshi Road,4.19,4.0,78.1,60,52,75,18620,Yes,Yes,3.9,0.542,73.96,Latur,Latur,Maharashtra
894,"Government Superspecialty Hospital, Latur",Government,Super Specialty,300,Pediatrics,54,Male,Yes,Shivaji Chowk,1.7,4.0,91.4,90,61,110,72564,No,Yes,3.9,0.99,78.1,Latur,Latur,Maharashtra
895,"District Hospital, Latur",Government,General Hospital,250,Oncology,66,Female,No,Ausa Road,3.41,3.9,85.6,66,74,5,75617,No,Yes,5.0,0.734,77.52,Latur,Latur,Maharashtra
896,MIMSR Medical College and Latur Hospital,Private/Trust,Teaching Hospital,700,Dermatology,21,Male,No,Ausa Road,3.98,3.7,86.4,90,24,79,29310,Yes,Yes,4.6,0.834,78.11,Latur,Latur,Maharashtra
897,Rajashree Chhatrapati Shahu Maharaj Government Medical College and CPR Hospital,Government,Teaching Hospital,1000,Pulmonology,55,Female,Yes,Tarabai Park,8.34,4.2,81.0,49,87,43,49740,Yes,Yes,4.4,0.666,74.4,Kolhapur,Kolhapur,Maharashtra
898,D. Y. Patil Hospital and Research Institute,Private/Trust,Teaching Hospital,750,Oncology,78,Female,No,Udyam Nagar,9.13,4.1,81.4,89,41,85,5000,Yes,Yes,4.3,0.843,77.5,Kolhapur,Kolhapur,Maharashtra
899,Aster Aadhar Hospital,Private,Multispecialty,250,Gynecology,28,Female,No,Shahupuri,0.77,4.2,86.6,72,84,38,71884,Yes,Yes,4.3,1.0,91.18,Kolhapur,Kolhapur,Maharashtra
900,Dr. Vaishampayan Memorial Government Medical College and Chhatrapati Shivaji Maharaj General Hospital,Government,Teaching Hospital,900,Orthopedics,74,Female,No,Jule Solapur,1.37,3.9,73.8,74,51,20,38585,Yes,Yes,4.3,0.855,81.4,Solapur,Solapur,Maharashtra
901,Ashwini Sahakari Rugnalaya,Private/Trust,Multispecialty,300,Gastroenterology,3,Male,No,Jule Solapur,13.45,4.5,88.6,68,70,18,37095,Yes,Yes,2.7,1.0,81.47,Solapur,Solapur,Maharashtra
902,Yashodhara Super Speciality Hospital,Private,Super Specialty,200,Gynecology,84,Male,No,Hotgi Road,13.97,5.0,90.9,64,43,93,94029,Yes,Yes,4.7,0.731,74.71,Solapur,Solapur,Maharashtra
903,"Government Medical College, Amravati",Government,Teaching Hospital,500,Cardiology,38,Male,No,Amravati,1.9,5.0,97.0,74,56,55,49063,Yes,No,4.3,0.792,80.08,Amravati,Amravati,Maharashtra
904,"District Women Hospital, Amravati",Government,Women & Children,250,Cardiology,19,Female,No,Amravati,0.57,4.0,92.3,59,99,72,38477,Yes,Yes,3.7,0.79,86.13,Amravati,Amravati,Maharashtra
905,Dr. Panjabrao Deshmukh Memorial Medical College,Private/Trust,Teaching Hospital,500,Neurology,29,Male,No,Amravati,1.17,4.6,89.7,97,15,5,48643,No,Yes,4.7,1.0,85.64,Amravati,Amravati,Maharashtra
906,"Government Medical College and Hospital, Akola",Government,Teaching Hospital,500,Dermatology,30,Female,No,Akola,6.48,4.0,85.0,62,64,72,30283,Yes,Yes,4.6,0.786,81.46,Akola,Akola,Maharashtra
907,"Government Medical College and Super Speciality Hospital, Akola",Government,Super Specialty,300,Neurology,72,Male,Yes,Akola,2.59,4.5,98.0,67,60,20,38187,Yes,Yes,4.6,0.743,84.74,Akola,Akola,Maharashtra
908,"District Hospital, Akola",Government,General Hospital,250,Pulmonology,66,Female,No,Akola,4.89,4.5,76.4,93,29,95,93198,Yes,Yes,4.5,0.761,75.73,Akola,Akola,Maharashtra
909,Shri Vasantrao Naik Government Medical College and Hospital,Government,Teaching Hospital,1000,General Surgery,66,Female,Yes,Yavatmal,3.71,4.2,81.3,84,100,31,51658,Yes,Yes,4.0,0.849,87.49,Yavatmal,Yavatmal,Maharashtra
910,"Government Superspecialty Hospital, Yavatmal",Government,Super Specialty,300,Oncology,42,Female,No,Yavatmal,0.76,4.6,77.2,52,17,83,85062,Yes,Yes,4.1,0.778,75.01,Yavatmal,Yavatmal,Maharashtra
911,"Government Medical College, Chandrapur",Government,Teaching Hospital,500,Pulmonology,40,Male,Yes,Chandrapur,4.38,3.9,88.8,83,37,112,90833,Yes,Yes,3.8,0.882,75.27,Chandrapur,Chandrapur,Maharashtra
912,"District Hospital, Chandrapur",Government,General Hospital,250,Gynecology,79,Male,Yes,Chandrapur,13.2,4.5,89.6,83,98,82,88805,Yes,Yes,4.9,0.853,82.9,Chandrapur,Chandrapur,Maharashtra
913,"Government Medical College, Bhandara",Government,Teaching Hospital,500,Pediatrics,11,Male,No,Bhandara,8.94,3.7,78.1,46,94,23,88814,Yes,Yes,4.4,0.599,72.3,Bhandara,Bhandara,Maharashtra
914,"District General Hospital, Bhandara",Government,General Hospital,250,Cardiology,70,Female,Yes,Bhandara,2.81,4.5,83.1,62,94,105,5000,No,Yes,4.7,0.616,80.85,Bhandara,Bhandara,Maharashtra
915,"Government Medical College, Gondia",Government,Teaching Hospital,500,Gynecology,84,Female,Yes,Gondia,10.77,5.0,82.6,44,91,55,37338,Yes,Yes,4.6,0.919,80.25,Gondia,Gondia,Maharashtra
916,"District Hospital, Gondia",Government,General Hospital,250,Neurology,45,Male,No,Gondia,3.07,3.3,81.9,42,11,71,63883,Yes,Yes,4.4,0.929,73.0,Gondia,Gondia,Maharashtra
917,"Government Medical College, Wardha",Government,Teaching Hospital,500,Dermatology,33,Male,Yes,Wardha,6.34,4.4,91.2,67,92,18,41138,Yes,Yes,3.9,0.91,85.22,Wardha,Wardha,Maharashtra
918,Acharya Vinoba Bhave Rural Hospital,Private/Trust,Teaching Hospital,1000,General Surgery,49,Female,Yes,Wardha,1.31,4.7,84.0,71,56,31,34056,No,Yes,3.9,0.761,78.89,Wardha,Wardha,Maharashtra
919,"Government Medical College, Jalgaon",Government,Teaching Hospital,500,General Surgery,19,Male,No,Jalgaon,3.18,4.3,87.8,45,69,24,44688,Yes,Yes,4.4,0.788,80.86,Jalgaon,Jalgaon,Maharashtra
920,"Government Medical College and Hospital, Dhule",Government,Teaching Hospital,500,Pediatrics,75,Female,No,Dhule,3.9,4.4,98.0,46,58,77,65607,Yes,Yes,4.3,0.756,76.81,Dhule,Dhule,Maharashtra
921,"District Hospital, Nandurbar",Government,General Hospital,250,Gastroenterology,57,Male,No,Nandurbar,7.38,4.9,78.4,41,26,21,47732,Yes,Yes,4.8,0.805,76.8,Nandurbar,Nandurbar,Maharashtra
922,"Government Medical College, Nandurbar",Government,Teaching Hospital,500,Orthopedics,53,Female,No,Nandurbar,7.92,3.7,88.3,42,82,38,32178,Yes,No,4.7,0.58,75.41,Nandurbar,Nandurbar,Maharashtra
923,"Government Medical College, Parbhani",Government,Teaching Hospital,500,Ophthalmology,9,Male,Yes,Parbhani,1.38,3.5,97.9,97,38,17,73272,Yes,Yes,4.5,0.8,83.05,Parbhani,Parbhani,Maharashtra
924,"District Hospital, Parbhani",Government,General Hospital,250,Pediatrics,34,Female,No,Parbhani,7.01,4.7,94.7,44,48,5,63672,Yes,Yes,4.7,0.981,84.84,Parbhani,Parbhani,Maharashtra
925,"Government Medical College, Jalna",Government,Teaching Hospital,500,Ophthalmology,76,Female,Yes,Jalna,6.82,4.9,90.1,98,31,97,67525,Yes,Yes,4.2,0.925,82.77,Jalna,Jalna,Maharashtra
926,"District Women Hospital, Jalna",Government,Women & Children,250,Pulmonology,78,Female,No,Jalna,6.48,3.8,86.5,76,72,99,58764,Yes,Yes,4.1,0.533,79.1,Jalna,Jalna,Maharashtra
927,SRTR Medical College and Government Hospital,Government,Teaching Hospital,750,Cardiology,47,Female,Yes,Ambajogai,2.2,4.4,82.0,41,65,64,53439,Yes,Yes,3.9,0.804,78.3,Ambajogai,Beed,Maharashtra
928,"Government Medical College, Dharashiv",Government,Teaching Hospital,500,ENT,37,Other,No,Dharashiv,8.9,3.9,90.2,61,10,80,73162,Yes,Yes,4.0,0.724,71.95,Dharashiv,Dharashiv,Maharashtra
929,"District Hospital, Dharashiv",Government,General Hospital,250,Pulmonology,5,Female,No,Dharashiv,6.18,4.3,89.6,55,94,91,83109,Yes,Yes,4.4,0.915,84.44,Dharashiv,Dharashiv,Maharashtra
930,"Government Medical College, Ratnagiri",Government,Teaching Hospital,500,Cardiology,80,Male,No,Ratnagiri,6.0,4.1,96.3,54,27,27,84229,Yes,Yes,3.3,0.707,76.67,Ratnagiri,Ratnagiri,Maharashtra
931,"Government Medical College, Sindhudurg",Government,Teaching Hospital,500,Gastroenterology,43,Male,Yes,Sindhudurg,12.16,4.2,98.0,52,31,46,45878,Yes,Yes,4.4,0.806,77.31,Sindhudurg,Sindhudurg,Maharashtra
932,"District Hospital, Sindhudurg",Government,General Hospital,250,Gynecology,23,Female,No,Sindhudurg,7.75,3.7,84.1,63,12,64,69244,Yes,Yes,4.3,0.881,74.28,Sindhudurg,Sindhudurg,Maharashtra
933,"Government Medical College, Alibag",Government,Teaching Hospital,500,Gastroenterology,25,Female,No,Alibag,3.95,4.4,88.2,95,46,72,97070,Yes,No,3.9,0.696,76.71,Alibag,Raigad,Maharashtra
934,"District Hospital, Alibag",Government,General Hospital,250,Neurology,45,Male,Yes,Alibag,8.91,3.7,87.0,51,82,5,76905,No,Yes,3.2,0.872,77.58,Alibag,Raigad,Maharashtra
935,"Government Medical College, Satara",Government,Teaching Hospital,500,Dermatology,50,Male,No,Satara,6.01,4.5,83.0,79,50,86,72951,Yes,Yes,4.3,0.704,83.12,Satara,Satara,Maharashtra
936,"District Hospital, Satara",Government,General Hospital,250,ENT,85,Male,No,Satara,6.44,4.5,94.2,47,100,49,73302,Yes,Yes,3.9,1.0,88.31,Satara,Satara,Maharashtra
937,"Government Medical College, Miraj",Government,Teaching Hospital,750,Gynecology,59,Female,Yes,Miraj,3.63,4.2,88.5,61,62,94,5000,Yes,Yes,3.9,0.963,83.0,Miraj,Sangli,Maharashtra
938,Padmabhushan Vasantdada Patil General Hospital,Government,General Hospital,500,Nephrology,73,Male,Yes,Sangli,3.93,4.8,85.6,66,51,56,115416,Yes,Yes,4.4,0.759,78.28,Sangli,Sangli,Maharashtra
939,"Government Medical College, Ambarnath",Government,Teaching Hospital,500,Ophthalmology,73,Male,No,Ambarnath,4.03,4.0,89.0,46,16,44,54685,Yes,Yes,4.2,0.686,75.51,Ambarnath,Thane,Maharashtra
940,"Government Medical College and Hospital, Ambarnath",Government,Teaching Hospital,Teaching Hospital,Orthopedics,70,Male,No,Ambarnath,9.15,4.2,88.6,41,97,70,48561,Yes,Yes,4.2,0.517,74.34,Ambarnath,Thane,Maharashtra
941,Sir JJ Hospital,Government,Teaching Hospital,1500,Dermatology,54,Male,Yes,Colaba,3.5,4.6,90.3,91,32,5,63647,Yes,Yes,3.8,0.784,81.19,Mumbai,Mumbai City,Maharashtra
942,"St. George's Hospital, Mumbai",Government,General Hospital,500,Nephrology,7,Male,No,Borivali,14.91,3.7,70.9,94,19,19,38733,Yes,Yes,4.6,0.647,72.77,Mumbai,Mumbai City,Maharashtra
943,Gokuldas Tejpal Hospital,Government,General Hospital,500,General Surgery,69,Female,No,Kurla,1.88,4.5,92.3,53,70,52,26622,Yes,Yes,4.6,0.897,83.82,Mumbai,Mumbai City,Maharashtra
944,Cama and Albless Hospital,Government,Women & Children,367,Orthopedics,22,Female,No,Andheri,11.73,4.9,82.9,99,18,65,67653,Yes,Yes,4.3,0.97,83.97,Mumbai,Mumbai City,Maharashtra
945,KEM Hospital,Government,Teaching Hospital,1800,Dermatology,49,Male,No,Andheri,7.1,3.9,77.9,74,23,5,49437,Yes,Yes,4.2,0.878,80.9,Mumbai,Mumbai City,Maharashtra
946,Seth GS Medical College and KEM Hospital,Government,Teaching Hospital,1800,Emergency Medicine,14,Female,No,Bandra,0.5,3.9,91.3,88,64,20,47127,Yes,Yes,5.0,0.704,82.13,Mumbai,Mumbai City,Maharashtra
947,Tata Memorial Hospital,Trust,Oncology,700,Cardiology,25,Female,No,Kurla,0.56,4.6,87.3,52,36,63,71594,Yes,Yes,4.4,0.869,78.7,Mumbai,Mumbai City,Maharashtra
948,Kokilaben Dhirubhai Ambani Hospital,Private,Super Specialty,750,Gynecology,42,Female,Yes,Borivali,4.17,4.6,92.4,94,43,128,22973,No,Yes,3.8,0.759,74.54,Mumbai,Mumbai Suburban,Maharashtra
949,Lilavati Hospital and Research Centre,Private,Multispecialty,323,Cardiology,57,Male,No,Colaba,3.42,4.3,94.9,42,97,26,74920,No,Yes,4.1,0.878,82.8,Mumbai,Mumbai Suburban,Maharashtra
950,Hinduja Hospital,Private,Multispecialty,400,Emergency Medicine,18,Female,Yes,Dadar,2.6,4.1,92.3,89,57,56,43870,Yes,Yes,3.7,0.882,83.03,Mumbai,Mumbai City,Maharashtra
951,Nanavati Max Super Speciality Hospital,Private,Super Specialty,350,ENT,27,Female,No,Powai,8.2,3.9,90.5,100,75,18,75225,No,Yes,4.0,1.0,84.68,Mumbai,Mumbai Suburban,Maharashtra
952,Breach Candy Hospital Trust,Private,Multispecialty,200,General Surgery,1,Female,Yes,Bandra,9.7,4.0,80.8,65,34,56,56023,Yes,Yes,4.6,0.897,78.02,Mumbai,Mumbai City,Maharashtra
953,Asian Heart Institute,Private,Cardiac,250,Dermatology,49,Female,No,Borivali,2.4,5.0,91.7,65,65,67,58700,Yes,Yes,4.0,0.75,83.26,Mumbai,Mumbai Suburban,Maharashtra
954,Jaslok Hospital,Private,Multispecialty,343,Pediatrics,72,Female,Yes,Powai,10.37,4.9,95.6,76,29,68,70088,No,Yes,4.3,0.976,77.61,Mumbai,Mumbai City,Maharashtra
955,Bombay Hospital & Medical Research Centre,Private,Multispecialty,725,General Surgery,74,Female,No,Powai,1.77,4.2,79.0,96,11,26,69080,No,Yes,5.0,0.743,77.01,Mumbai,Mumbai City,Maharashtra
956,P. D. Hinduja Hospital & Medical Research Centre,Private,Multispecialty,400,Pediatrics,34,Male,No,Powai,5.61,4.2,84.9,63,83,30,85860,Yes,Yes,4.2,0.687,78.75,Mumbai,Mumbai City,Maharashtra
957,B. J. Government Medical College and Sassoon General Hospital,Government,Teaching Hospital,1500,Dermatology,85,Female,Yes,Kothrud,9.86,4.5,92.8,72,40,58,99702,No,Yes,4.1,0.788,74.31,Pune,Pune,Maharashtra
958,Deenanath Mangeshkar Hospital and Research Center,Private,Multispecialty,900,Oncology,23,Male,Yes,Kothrud,2.32,4.4,83.5,42,67,5,64800,No,Yes,4.7,0.781,76.65,Pune,Pune,Maharashtra
959,Ruby Hall Clinic,Private,Multispecialty,700,Gynecology,42,Male,No,Baner,4.43,4.2,85.0,61,15,68,32262,Yes,Yes,3.8,0.778,77.34,Pune,Pune,Maharashtra
960,Jehangir Hospital,Private,Multispecialty,350,Gastroenterology,55,Female,No,Kothrud,1.83,4.5,80.6,72,66,73,21105,Yes,Yes,4.5,0.916,86.72,Pune,Pune,Maharashtra
961,Noble Hospitals & Research Centre,Private,Multispecialty,250,Gynecology,12,Female,No,Kothrud,12.43,3.6,83.7,98,70,102,42412,Yes,Yes,4.0,0.961,82.78,Pune,Pune,Maharashtra
962,Sahyadri Super Speciality Hospital,Private,Super Specialty,350,Pulmonology,78,Male,Yes,Baner,8.23,4.4,79.7,61,68,77,29773,Yes,Yes,4.1,0.698,78.08,Pune,Pune,Maharashtra
963,Aditya Birla Memorial Hospital,Private,Multispecialty,500,Orthopedics,62,Female,No,Kothrud,8.49,5.0,93.1,100,20,59,84380,No,No,4.1,0.502,71.72,Pune,Pune,Maharashtra
964,"Manipal Hospital, Kharadi",Private,Multispecialty,300,Neurology,28,Female,Yes,Wakad,10.22,5.0,93.5,57,21,84,23544,Yes,Yes,4.3,0.71,79.55,Pune,Pune,Maharashtra
965,"Columbia Asia Hospital, Pune",Private,Multispecialty,100,Oncology,72,Male,No,Shivajinagar,3.27,5.0,92.1,55,54,47,95928,Yes,Yes,3.3,0.878,84.96,Pune,Pune,Maharashtra
966,Armed Forces Medical College and Command Hospital,Government,Teaching Hospital,1200,Nephrology,46,Female,No,Shivajinagar,5.34,4.1,84.4,53,39,49,71790,Yes,Yes,3.4,0.867,77.96,Pune,Pune,Maharashtra
967,"Government Medical College and Hospital, Nashik",Government,Teaching Hospital,1000,Gynecology,20,Female,No,Panchavati,2.54,4.4,93.1,98,29,87,53371,Yes,Yes,4.9,0.927,82.64,Nashik,Nashik,Maharashtra
968,"Civil Hospital, Nashik",Government,General Hospital,500,Gynecology,23,Female,No,Panchavati,5.99,4.7,90.6,46,59,139,87729,Yes,No,3.8,0.819,77.07,Nashik,Nashik,Maharashtra
969,"Wockhardt Hospitals, Nashik",Private,Super Specialty,200,Gastroenterology,30,Female,Yes,Panchavati,3.68,3.9,83.5,73,52,18,86243,Yes,Yes,4.1,0.59,77.21,Nashik,Nashik,Maharashtra
970,"Apollo Hospitals, Nashik",Private,Multispecialty,200,Orthopedics,65,Female,No,College Road,11.48,3.9,72.8,74,97,86,5000,No,Yes,4.3,0.72,74.74,Nashik,Nashik,Maharashtra
971,Six Sigma Medicare & Research Institute,Private,Multispecialty,150,Oncology,17,Male,No,Nashik Road,6.26,4.0,79.1,76,74,43,50658,Yes,No,4.8,0.879,81.46,Nashik,Nashik,Maharashtra
972,"Government Medical College and Hospital, Chhatrapati Sambhajinagar",Government,Teaching Hospital,1200,Nephrology,77,Female,No,Jalna Road,6.71,4.5,97.9,100,79,14,62625,No,Yes,4.4,0.812,83.38,Chhatrapati Sambhajinagar,Chhatrapati Sambhajinagar,Maharashtra
973,"Government Superspecialty Hospital, Chhatrapati Sambhajinagar",Government,Super Specialty,500,Oncology,75,Female,No,CIDCO,8.53,4.1,87.6,47,62,44,83056,Yes,Yes,3.8,0.778,75.88,Chhatrapati Sambhajinagar,Chhatrapati Sambhajinagar,Maharashtra
974,"Cancer Hospital, Chhatrapati Sambhajinagar",Government/Trust,Oncology,300,Neurology,36,Female,Yes,Jalna Road,20.02,3.5,77.4,55,96,63,66374,Yes,Yes,3.6,0.871,75.34,Chhatrapati Sambhajinagar,Chhatrapati Sambhajinagar,Maharashtra
975,Kamalnayan Bajaj Hospital,Private,Multispecialty,200,Nephrology,63,Male,No,Beed Bypass,6.48,4.4,92.4,68,13,50,128894,Yes,Yes,4.0,0.913,79.29,Chhatrapati Sambhajinagar,Chhatrapati Sambhajinagar,Maharashtra
976,"MGM Hospital, Chhatrapati Sambhajinagar",Private/Trust,Teaching Hospital,750,Cardiology,16,Female,No,CIDCO,10.48,4.3,73.2,64,61,111,29668,Yes,Yes,3.7,0.783,76.73,Chhatrapati Sambhajinagar,Chhatrapati Sambhajinagar,Maharashtra
977,Dr. Shankarrao Chavan Government Medical College and Hospital,Government,Teaching Hospital,500,Neurology,56,Male,No,Shivaji Nagar,12.27,4.8,78.0,59,42,15,48259,Yes,Yes,4.3,0.864,80.25,Nanded,Nanded,Maharashtra
978,"District Hospital, Nanded",Government,General Hospital,300,Neurology,41,Female,No,Shivaji Nagar,0.54,4.1,85.0,44,95,10,35220,Yes,Yes,4.0,0.752,80.71,Nanded,Nanded,Maharashtra
979,"MGM Hospital, Nanded",Private/Trust,Multispecialty,250,Cardiology,33,Female,Yes,Shivaji Nagar,1.3,4.0,90.3,89,68,40,82394,Yes,Yes,4.7,0.858,87.08,Nanded,Nanded,Maharashtra
980,Shri Guru Gobind Singhji Memorial Hospital,Government,General Hospital,300,Orthopedics,85,Male,Yes,Shivaji Nagar,7.07,4.4,83.8,51,21,30,67655,Yes,Yes,4.1,0.835,73.51,Nanded,Nanded,Maharashtra
981,Vilasrao Deshmukh Government Medical College and Hospital,Government,Teaching Hospital,500,Oncology,37,Female,No,Ausa Road,9.17,4.4,88.0,40,16,32,6896,Yes,Yes,4.1,0.866,78.63,Latur,Latur,Maharashtra
982,"Government Superspecialty Hospital, Latur",Government,Super Specialty,300,Neurology,27,Female,No,Ausa Road,1.67,4.6,85.0,67,52,70,74601,No,Yes,3.7,0.959,81.34,Latur,Latur,Maharashtra
983,"District Hospital, Latur",Government,General Hospital,250,ENT,22,Male,No,Ganj Golai,6.02,3.3,80.5,61,55,114,98338,Yes,No,3.4,0.981,74.34,Latur,Latur,Maharashtra
984,MIMSR Medical College and Latur Hospital,Private/Trust,Teaching Hospital,700,General Medicine,44,Male,No,Barshi Road,8.94,4.1,80.8,95,74,25,23375,Yes,Yes,3.5,0.998,85.33,Latur,Latur,Maharashtra
985,Rajashree Chhatrapati Shahu Maharaj Government Medical College and CPR Hospital,Government,Teaching Hospital,1000,Emergency Medicine,26,Female,No,Tarabai Park,1.6,5.0,78.2,70,69,40,32956,Yes,Yes,3.9,0.976,89.63,Kolhapur,Kolhapur,Maharashtra
986,D. Y. Patil Hospital and Research Institute,Private/Trust,Teaching Hospital,750,Gastroenterology,41,Female,No,Tarabai Park,10.63,4.4,83.3,72,58,67,85618,Yes,Yes,4.4,0.774,77.87,Kolhapur,Kolhapur,Maharashtra
987,Aster Aadhar Hospital,Private,Multispecialty,250,Gynecology,17,Male,No,Shahupuri,1.68,4.7,92.8,46,27,14,82970,Yes,Yes,3.8,0.764,77.78,Kolhapur,Kolhapur,Maharashtra
988,Dr. Vaishampayan Memorial Government Medical College and Chhatrapati Shivaji Maharaj General Hospital,Government,Teaching Hospital,900,Emergency Medicine,72,Female,No,Jule Solapur,3.58,3.8,98.0,67,18,84,53794,Yes,Yes,4.4,1.0,81.27,Solapur,Solapur,Maharashtra
989,Ashwini Sahakari Rugnalaya,Private/Trust,Multispecialty,300,Pulmonology,64,Male,No,Sadar Bazar,4.68,4.4,94.7,70,70,62,85995,Yes,Yes,4.0,0.877,84.85,Solapur,Solapur,Maharashtra
990,Yashodhara Super Speciality Hospital,Private,Super Specialty,200,Emergency Medicine,85,Male,Yes,Jule Solapur,7.47,4.0,84.0,98,75,27,11210,Yes,No,3.5,0.499,77.29,Solapur,Solapur,Maharashtra
991,"Government Medical College, Amravati",Government,Teaching Hospital,500,Neurology,44,Female,No,Amravati,9.79,4.9,81.0,85,100,103,77682,Yes,Yes,4.5,0.788,83.23,Amravati,Amravati,Maharashtra
992,"District Women Hospital, Amravati",Government,Women & Children,250,Cardiology,85,Male,No,Amravati,5.4,4.9,88.5,79,36,64,45047,Yes,Yes,3.6,0.735,75.66,Amravati,Amravati,Maharashtra
993,Dr. Panjabrao Deshmukh Memorial Medical College,Private/Trust,Teaching Hospital,500,ENT,58,Male,No,Amravati,2.0,4.0,87.8,44,33,72,51542,Yes,Yes,3.8,0.955,76.86,Amravati,Amravati,Maharashtra
994,"Government Medical College and Hospital, Akola",Government,Teaching Hospital,500,Neurology,42,Male,No,Akola,10.15,3.6,98.0,40,82,5,5000,Yes,Yes,4.5,0.943,85.75,Akola,Akola,Maharashtra
995,"Government Medical College and Super Speciality Hospital, Akola",Government,Super Specialty,300,Gynecology,76,Male,No,Akola,2.91,4.0,82.9,95,87,66,66554,Yes,No,3.5,0.992,82.54,Akola,Akola,Maharashtra
996,"District Hospital, Akola",Government,General Hospital,250,Pediatrics,44,Male,No,Akola,16.72,4.3,98.0,44,77,72,79042,Yes,Yes,3.7,0.91,77.87,Akola,Akola,Maharashtra
997,Shri Vasantrao Naik Government Medical College and Hospital,Government,Teaching Hospital,1000,Gastroenterology,35,Female,Yes,Yavatmal,3.98,4.5,84.8,89,28,80,70158,Yes,Yes,4.0,0.834,80.48,Yavatmal,Yavatmal,Maharashtra
998,"Government Superspecialty Hospital, Yavatmal",Government,Super Specialty,300,General Surgery,67,Male,No,Yavatmal,1.38,4.2,88.9,41,21,97,38877,Yes,Yes,3.6,0.647,69.59,Yavatmal,Yavatmal,Maharashtra
999,"Government Medical College, Chandrapur",Government,Teaching Hospital,500,Pediatrics,43,Female,No,Chandrapur,8.19,4.9,78.7,67,61,44,5000,Yes,Yes,3.9,0.835,87.68,Chandrapur,Chandrapur,Maharashtra
1000,"District Hospital, Chandrapur",Government,General Hospital,250,Neurology,13,Male,Yes,Chandrapur,4.39,4.0,83.0,42,34,5,85368,Yes,Yes,4.4,0.829,77.82,Chandrapur,Chandrapur,Maharashtra
1001,"Government Medical College, Bhandara",Government,Teaching Hospital,500,Cardiology,27,Female,No,Bhandara,5.81,4.6,88.9,44,56,5,20787,Yes,Yes,4.3,0.872,84.02,Bhandara,Bhandara,Maharashtra
1002,"District General Hospital, Bhandara",Government,General Hospital,250,Nephrology,23,Male,Yes,Bhandara,3.34,4.3,81.3,48,24,71,40010,Yes,No,4.2,0.774,75.29,Bhandara,Bhandara,Maharashtra
1003,"Government Medical College, Gondia",Government,Teaching Hospital,500,General Medicine,44,Male,Yes,Gondia,2.68,4.4,93.2,50,89,51,54819,No,Yes,4.4,0.76,79.95,Gondia,Gondia,Maharashtra
1004,"District Hospital, Gondia",Government,General Hospital,250,Orthopedics,51,Female,No,Gondia,2.96,4.2,87.8,99,47,52,61438,Yes,Yes,3.8,0.858,83.89,Gondia,Gondia,Maharashtra
1005,"Government Medical College, Wardha",Government,Teaching Hospital,500,Emergency Medicine,34,Male,No,Wardha,8.34,4.1,88.2,55,28,37,50634,Yes,No,4.8,0.932,74.49,Wardha,Wardha,Maharashtra
1006,Acharya Vinoba Bhave Rural Hospital,Private/Trust,Teaching Hospital,1000,Cardiology,79,Female,No,Wardha,6.33,4.8,90.8,47,75,80,27173,No,Yes,4.4,0.591,76.82,Wardha,Wardha,Maharashtra
1007,"Government Medical College, Jalgaon",Government,Teaching Hospital,500,Oncology,75,Female,Yes,Jalgaon,6.18,3.8,84.7,70,85,26,74562,Yes,Yes,3.9,0.745,79.01,Jalgaon,Jalgaon,Maharashtra
1008,"Government Medical College and Hospital, Dhule",Government,Teaching Hospital,500,Neurology,61,Male,No,Dhule,0.55,5.0,89.2,63,29,54,80342,Yes,Yes,5.0,0.819,83.89,Dhule,Dhule,Maharashtra
1009,"District Hospital, Nandurbar",Government,General Hospital,250,Nephrology,39,Female,No,Nandurbar,0.91,4.2,82.9,69,51,44,76995,Yes,Yes,3.4,0.731,81.35,Nandurbar,Nandurbar,Maharashtra
1010,"Government Medical College, Nandurbar",Government,Teaching Hospital,500,Nephrology,45,Male,No,Nandurbar,7.95,4.0,86.7,69,20,52,74225,Yes,Yes,3.9,0.752,75.02,Nandurbar,Nandurbar,Maharashtra
1011,"Government Medical College, Parbhani",Government,Teaching Hospital,500,Neurology,83,Female,No,Parbhani,17.65,4.1,88.0,75,77,95,80642,Yes,Yes,4.8,0.716,78.65,Parbhani,Parbhani,Maharashtra
1012,"District Hospital, Parbhani",Government,General Hospital,250,Pediatrics,79,Female,No,Parbhani,3.59,4.2,85.1,80,12,50,15089,Yes,No,4.0,0.768,72.85,Parbhani,Parbhani,Maharashtra
1013,"Government Medical College, Jalna",Government,Teaching Hospital,500,Pulmonology,82,Female,No,Jalna,5.31,4.7,82.8,56,24,89,55048,Yes,Yes,5.0,0.835,78.3,Jalna,Jalna,Maharashtra
1014,"District Women Hospital, Jalna",Government,Women & Children,250,Pulmonology,75,Female,No,Jalna,5.39,4.6,88.9,98,88,73,42753,Yes,Yes,3.4,0.78,86.37,Jalna,Jalna,Maharashtra
1015,SRTR Medical College and Government Hospital,Government,Teaching Hospital,750,General Surgery,57,Male,Yes,Ambajogai,0.67,3.6,70.6,100,57,70,75251,Yes,Yes,3.9,0.669,77.72,Ambajogai,Beed,Maharashtra
1016,"Government Medical College, Dharashiv",Government,Teaching Hospital,500,Emergency Medicine,77,Male,No,Dharashiv,3.22,4.0,91.5,64,91,55,42577,Yes,Yes,4.1,0.599,79.55,Dharashiv,Dharashiv,Maharashtra
1017,"District Hospital, Dharashiv",Government,General Hospital,250,Orthopedics,32,Male,Yes,Dharashiv,10.23,3.9,85.4,46,74,50,65203,Yes,Yes,4.7,0.786,74.06,Dharashiv,Dharashiv,Maharashtra
1018,"Government Medical College, Ratnagiri",Government,Teaching Hospital,500,Emergency Medicine,69,Female,No,Ratnagiri,13.09,4.3,93.3,74,42,5,8639,Yes,Yes,3.7,0.949,84.31,Ratnagiri,Ratnagiri,Maharashtra
1019,"Government Medical College, Sindhudurg",Government,Teaching Hospital,500,Cardiology,10,Male,No,Sindhudurg,0.88,4.4,83.0,64,86,63,56355,Yes,Yes,3.9,0.755,81.8,Sindhudurg,Sindhudurg,Maharashtra
1020,"District Hospital, Sindhudurg",Government,General Hospital,250,Nephrology,43,Female,Yes,Sindhudurg,3.18,4.1,89.0,74,23,39,72752,Yes,Yes,4.1,0.765,82.28,Sindhudurg,Sindhudurg,Maharashtra
1021,"Government Medical College, Alibag",Government,Teaching Hospital,500,Nephrology,44,Male,No,Alibag,3.43,4.0,91.0,49,47,81,25521,Yes,No,5.0,0.799,77.76,Alibag,Raigad,Maharashtra
1022,"District Hospital, Alibag",Government,General Hospital,250,Pediatrics,16,Male,No,Alibag,13.23,5.0,90.5,81,47,88,68443,Yes,Yes,4.7,0.613,77.67,Alibag,Raigad,Maharashtra
1023,"Government Medical College, Satara",Government,Teaching Hospital,500,Oncology,40,Female,No,Satara,9.24,4.6,93.2,100,63,19,108021,Yes,Yes,4.7,0.745,84.54,Satara,Satara,Maharashtra
1024,"District Hospital, Satara",Government,General Hospital,250,Neurology,14,Female,No,Satara,5.38,4.0,93.9,69,26,18,37210,No,Yes,3.8,0.69,74.97,Satara,Satara,Maharashtra
1025,"Government Medical College, Miraj",Government,Teaching Hospital,750,ENT,40,Male,No,Miraj,6.15,3.6,84.2,75,24,44,50822,Yes,Yes,5.0,0.751,75.62,Miraj,Sangli,Maharashtra
1026,Padmabhushan Vasantdada Patil General Hospital,Government,General Hospital,500,Neurology,35,Male,Yes,Sangli,3.02,4.4,82.5,44,92,21,77089,No,Yes,4.1,0.886,80.78,Sangli,Sangli,Maharashtra
1027,"Government Medical College, Ambarnath",Government,Teaching Hospital,500,Cardiology,83,Female,No,Ambarnath,4.42,4.1,85.6,50,99,53,76708,No,Yes,4.3,0.719,77.75,Ambarnath,Thane,Maharashtra
1028,"Government Medical College and Hospital, Ambarnath",Government,Teaching Hospital,Teaching Hospital,Pediatrics,26,Male,No,Ambarnath,5.27,4.8,85.5,66,38,114,40517,Yes,No,3.7,0.849,74.05,Ambarnath,Thane,Maharashtra
1029,Sir JJ Hospital,Government,Teaching Hospital,1500,Pulmonology,66,Male,Yes,Borivali,6.32,4.5,98.0,62,72,41,78953,Yes,Yes,3.3,0.98,85.65,Mumbai,Mumbai City,Maharashtra
1030,"St. George's Hospital, Mumbai",Government,General Hospital,500,Pediatrics,42,Male,No,Powai,7.94,4.5,73.1,78,51,99,77697,Yes,Yes,3.8,1.0,77.16,Mumbai,Mumbai City,Maharashtra
1031,Gokuldas Tejpal Hospital,Government,General Hospital,500,Oncology,6,Female,No,Kurla,4.16,4.4,85.9,43,94,5,68203,Yes,Yes,4.2,0.639,79.22,Mumbai,Mumbai City,Maharashtra
1032,Cama and Albless Hospital,Government,Women & Children,367,Orthopedics,58,Female,Yes,Dadar,3.75,4.1,90.7,44,85,11,52129,Yes,Yes,4.6,0.73,82.93,Mumbai,Mumbai City,Maharashtra
1033,KEM Hospital,Government,Teaching Hospital,1800,Nephrology,12,Female,No,Dadar,1.92,4.0,74.3,43,92,18,44965,No,No,4.3,0.768,78.15,Mumbai,Mumbai City,Maharashtra
1034,Seth GS Medical College and KEM Hospital,Government,Teaching Hospital,1800,Emergency Medicine,50,Female,Yes,Powai,0.61,4.4,95.7,65,68,35,78456,Yes,Yes,4.3,0.886,85.8,Mumbai,Mumbai City,Maharashtra
1035,Tata Memorial Hospital,Trust,Oncology,700,Pediatrics,12,Female,Yes,Dadar,2.74,3.9,86.1,65,90,80,134080,Yes,Yes,4.4,0.812,80.4,Mumbai,Mumbai City,Maharashtra
1036,Kokilaben Dhirubhai Ambani Hospital,Private,Super Specialty,750,Ophthalmology,15,Female,Yes,Kurla,1.66,4.1,91.3,78,72,5,100200,Yes,Yes,4.4,0.982,87.07,Mumbai,Mumbai Suburban,Maharashtra
1037,Lilavati Hospital and Research Centre,Private,Multispecialty,323,General Medicine,45,Male,Yes,Borivali,4.24,5.0,90.2,72,74,55,102547,Yes,Yes,4.4,0.541,79.48,Mumbai,Mumbai Suburban,Maharashtra
1038,Hinduja Hospital,Private,Multispecialty,400,Gynecology,49,Male,No,Powai,5.87,4.0,88.0,61,23,27,110081,Yes,Yes,4.1,0.756,75.81,Mumbai,Mumbai City,Maharashtra
1039,Nanavati Max Super Speciality Hospital,Private,Super Specialty,350,Pulmonology,23,Male,No,Borivali,5.25,4.6,85.0,83,41,17,90341,Yes,Yes,3.7,0.705,78.3,Mumbai,Mumbai Suburban,Maharashtra
1040,Breach Candy Hospital Trust,Private,Multispecialty,200,Gastroenterology,61,Male,Yes,Borivali,8.66,4.0,82.4,55,10,43,63098,No,Yes,3.1,0.903,69.57,Mumbai,Mumbai City,Maharashtra
1041,Asian Heart Institute,Private,Cardiac,250,Gastroenterology,20,Female,No,Bandra,2.7,4.1,88.2,91,51,5,60569,No,No,4.2,1.0,81.64,Mumbai,Mumbai Suburban,Maharashtra
1042,Jaslok Hospital,Private,Multispecialty,343,Emergency Medicine,74,Female,No,Kurla,3.22,4.6,89.0,63,67,20,51904,Yes,Yes,4.0,0.73,85.26,Mumbai,Mumbai City,Maharashtra
1043,Bombay Hospital & Medical Research Centre,Private,Multispecialty,725,Neurology,54,Female,No,Andheri,8.96,4.7,81.4,63,43,42,40875,Yes,Yes,4.4,0.732,79.25,Mumbai,Mumbai City,Maharashtra
1044,P. D. Hinduja Hospital & Medical Research Centre,Private,Multispecialty,400,Gastroenterology,66,Female,No,Andheri,1.76,4.1,91.9,49,86,34,94102,Yes,Yes,4.0,0.688,79.92,Mumbai,Mumbai City,Maharashtra
1045,B. J. Government Medical College and Sassoon General Hospital,Government,Teaching Hospital,1500,Cardiology,64,Female,No,Shivajinagar,3.59,5.0,82.6,83,35,64,67955,Yes,Yes,3.8,0.857,83.32,Pune,Pune,Maharashtra
1046,Deenanath Mangeshkar Hospital and Research Center,Private,Multispecialty,900,ENT,28,Female,No,Shivajinagar,6.44,4.7,89.0,68,73,33,5000,Yes,Yes,4.6,0.951,87.59,Pune,Pune,Maharashtra
1047,Ruby Hall Clinic,Private,Multispecialty,700,Cardiology,60,Male,No,Hadapsar,2.68,4.7,90.6,95,61,34,52049,Yes,Yes,4.3,0.809,89.01,Pune,Pune,Maharashtra
1048,Jehangir Hospital,Private,Multispecialty,350,Pulmonology,22,Female,No,Wakad,7.61,3.8,90.5,46,28,115,62756,Yes,Yes,4.2,0.797,74.28,Pune,Pune,Maharashtra
1049,Noble Hospitals & Research Centre,Private,Multispecialty,250,Cardiology,77,Male,No,Hadapsar,7.38,5.0,85.5,40,96,32,44041,Yes,Yes,4.4,0.7,79.2,Pune,Pune,Maharashtra
1050,Sahyadri Super Speciality Hospital,Private,Super Specialty,350,Pulmonology,55,Female,No,Kothrud,7.93,4.1,98.0,91,67,46,81754,Yes,No,3.8,0.933,77.97,Pune,Pune,Maharashtra
1051,Aditya Birla Memorial Hospital,Private,Multispecialty,500,Gynecology,48,Female,Yes,Shivajinagar,8.54,4.3,83.5,77,57,72,82706,No,Yes,4.4,0.734,76.55,Pune,Pune,Maharashtra
1052,"Manipal Hospital, Kharadi",Private,Multispecialty,300,Orthopedics,22,Female,No,Kharadi,7.49,4.1,97.8,56,10,82,30506,Yes,No,3.9,0.835,76.83,Pune,Pune,Maharashtra
1053,"Columbia Asia Hospital, Pune",Private,Multispecialty,100,Cardiology,69,Male,No,Baner,8.89,4.1,78.1,99,59,28,63474,Yes,No,4.2,0.637,75.64,Pune,Pune,Maharashtra
1054,Armed Forces Medical College and Command Hospital,Government,Teaching Hospital,1200,Cardiology,25,Male,No,Kharadi,9.52,4.4,91.2,55,30,5,10035,Yes,No,4.4,0.722,75.27,Pune,Pune,Maharashtra
1055,"Government Medical College and Hospital, Nashik",Government,Teaching Hospital,1000,Ophthalmology,48,Male,No,Panchavati,4.33,3.9,90.0,81,99,16,5000,Yes,Yes,4.1,0.831,86.62,Nashik,Nashik,Maharashtra
1056,"Civil Hospital, Nashik",Government,General Hospital,500,ENT,14,Female,No,Panchavati,10.54,4.0,95.5,68,11,106,40009,No,Yes,4.4,0.741,72.16,Nashik,Nashik,Maharashtra
1057,"Wockhardt Hospitals, Nashik",Private,Super Specialty,200,Gastroenterology,6,Female,No,College Road,4.29,4.3,91.2,47,57,36,76102,Yes,Yes,4.4,0.707,79.13,Nashik,Nashik,Maharashtra
1058,"Apollo Hospitals, Nashik",Private,Multispecialty,200,General Medicine,73,Male,Yes,College Road,8.0,4.1,86.5,40,54,47,32241,Yes,Yes,3.6,0.742,75.07,Nashik,Nashik,Maharashtra
1059,Six Sigma Medicare & Research Institute,Private,Multispecialty,150,Pulmonology,66,Male,Yes,Gangapur Road,3.34,3.6,79.7,62,94,57,32903,Yes,Yes,4.5,0.732,81.33,Nashik,Nashik,Maharashtra
1060,"Government Medical College and Hospital, Chhatrapati Sambhajinagar",Government,Teaching Hospital,1200,General Surgery,27,Female,Yes,Garkheda,2.66,4.4,84.3,90,72,38,29902,Yes,Yes,4.6,0.778,83.56,Chhatrapati Sambhajinagar,Chhatrapati Sambhajinagar,Maharashtra
1061,"Government Superspecialty Hospital, Chhatrapati Sambhajinagar",Government,Super Specialty,500,Pulmonology,78,Male,No,Beed Bypass,7.18,3.8,80.1,77,54,68,85989,Yes,Yes,3.4,0.859,79.17,Chhatrapati Sambhajinagar,Chhatrapati Sambhajinagar,Maharashtra
1062,"Cancer Hospital, Chhatrapati Sambhajinagar",Government/Trust,Oncology,300,Nephrology,7,Male,No,Beed Bypass,7.33,3.2,92.7,89,74,50,61133,No,Yes,3.7,0.74,76.13,Chhatrapati Sambhajinagar,Chhatrapati Sambhajinagar,Maharashtra
1063,Kamalnayan Bajaj Hospital,Private,Multispecialty,200,Gynecology,2,Female,Yes,Beed Bypass,6.98,4.4,85.0,71,13,26,113948,Yes,Yes,5.0,0.722,75.81,Chhatrapati Sambhajinagar,Chhatrapati Sambhajinagar,Maharashtra
1064,"MGM Hospital, Chhatrapati Sambhajinagar",Private/Trust,Teaching Hospital,750,Oncology,76,Female,No,Jalna Road,8.68,5.0,95.7,59,54,30,149820,Yes,Yes,4.5,0.808,78.58,Chhatrapati Sambhajinagar,Chhatrapati Sambhajinagar,Maharashtra
1065,Dr. Shankarrao Chavan Government Medical College and Hospital,Government,Teaching Hospital,500,Dermatology,63,Female,No,Vazirabad,4.07,4.0,84.1,45,28,5,26012,No,Yes,4.4,0.796,76.41,Nanded,Nanded,Maharashtra
1066,"District Hospital, Nanded",Government,General Hospital,300,Oncology,26,Female,No,Shivaji Nagar,0.61,4.6,85.3,72,93,37,89192,No,Yes,4.7,0.697,82.19,Nanded,Nanded,Maharashtra
1067,"MGM Hospital, Nanded",Private/Trust,Multispecialty,250,Oncology,36,Female,Yes,Taroda,1.91,4.5,80.9,46,55,18,104658,Yes,Yes,5.0,0.962,83.44,Nanded,Nanded,Maharashtra
1068,Shri Guru Gobind Singhji Memorial Hospital,Government,General Hospital,300,Pediatrics,33,Other,Yes,Vazirabad,0.79,3.9,87.6,75,26,27,10260,No,Yes,4.0,1.0,79.38,Nanded,Nanded,Maharashtra
1069,Vilasrao Deshmukh Government Medical College and Hospital,Government,Teaching Hospital,500,Oncology,2,Female,No,Shivaji Chowk,1.54,4.1,90.3,93,69,125,74474,No,Yes,4.9,0.99,81.72,Latur,Latur,Maharashtra
1070,"Government Superspecialty Hospital, Latur",Government,Super Specialty,300,General Medicine,6,Female,No,Shivaji Chowk,6.48,4.1,92.3,44,53,69,45007,Yes,Yes,4.6,0.732,77.2,Latur,Latur,Maharashtra
1071,"District Hospital, Latur",Government,General Hospital,250,Dermatology,52,Male,No,Barshi Road,7.57,4.7,82.5,53,18,74,67789,Yes,Yes,4.4,0.643,73.22,Latur,Latur,Maharashtra
1072,MIMSR Medical College and Latur Hospital,Private/Trust,Teaching Hospital,700,Emergency Medicine,69,Female,No,Ganj Golai,14.54,4.2,85.5,74,49,58,70722,Yes,Yes,4.2,0.605,77.16,Latur,Latur,Maharashtra
1073,Rajashree Chhatrapati Shahu Maharaj Government Medical College and CPR Hospital,Government,Teaching Hospital,1000,General Surgery,72,Female,No,Shahupuri,4.71,3.9,88.7,63,36,67,71004,Yes,Yes,5.0,0.823,79.81,Kolhapur,Kolhapur,Maharashtra
1074,D. Y. Patil Hospital and Research Institute,Private/Trust,Teaching Hospital,750,Gynecology,66,Female,No,Tarabai Park,4.82,4.5,86.5,98,53,80,36802,Yes,Yes,3.4,0.992,85.92,Kolhapur,Kolhapur,Maharashtra
1075,Aster Aadhar Hospital,Private,Multispecialty,250,Pulmonology,58,Female,No,Udyam Nagar,7.36,3.9,81.5,77,32,104,55452,No,Yes,3.8,0.718,70.48,Kolhapur,Kolhapur,Maharashtra
1076,Dr. Vaishampayan Memorial Government Medical College and Chhatrapati Shivaji Maharaj General Hospital,Government,Teaching Hospital,900,ENT,17,Female,Yes,Akkalkot Road,2.27,5.0,80.3,91,43,39,42388,No,Yes,4.3,0.95,84.53,Solapur,Solapur,Maharashtra
1077,Ashwini Sahakari Rugnalaya,Private/Trust,Multispecialty,300,Pulmonology,13,Female,No,Akkalkot Road,3.09,4.5,87.0,92,21,45,58570,No,Yes,4.1,0.888,78.41,Solapur,Solapur,Maharashtra
1078,Yashodhara Super Speciality Hospital,Private,Super Specialty,200,Ophthalmology,77,Male,No,Akkalkot Road,2.08,3.9,87.6,56,21,28,79797,No,Yes,4.7,0.479,69.39,Solapur,Solapur,Maharashtra
1079,"Government Medical College, Amravati",Government,Teaching Hospital,500,Oncology,69,Female,No,Amravati,2.52,4.6,82.9,97,96,66,69101,Yes,Yes,4.8,0.849,92.61,Amravati,Amravati,Maharashtra
1080,"District Women Hospital, Amravati",Government,Women & Children,250,Nephrology,34,Female,Yes,Amravati,3.11,3.9,87.6,85,37,36,52282,Yes,Yes,4.7,0.814,80.58,Amravati,Amravati,Maharashtra
1081,Dr. Panjabrao Deshmukh Memorial Medical College,Private/Trust,Teaching Hospital,500,General Surgery,83,Female,No,Amravati,1.48,3.8,86.2,56,11,21,30147,Yes,Yes,3.9,0.781,81.58,Amravati,Amravati,Maharashtra
1082,"Government Medical College and Hospital, Akola",Government,Teaching Hospital,500,Ophthalmology,7,Female,No,Akola,0.93,5.0,98.0,78,92,75,36263,Yes,Yes,4.3,0.875,94.45,Akola,Akola,Maharashtra
1083,"Government Medical College and Super Speciality Hospital, Akola",Government,Super Specialty,300,Neurology,24,Female,No,Akola,12.94,4.2,98.0,86,62,69,69488,Yes,Yes,3.8,0.62,77.62,Akola,Akola,Maharashtra
1084,"District Hospital, Akola",Government,General Hospital,250,ENT,43,Male,No,Akola,9.91,4.1,80.0,47,16,5,48524,Yes,Yes,3.8,0.718,75.08,Akola,Akola,Maharashtra
1085,Shri Vasantrao Naik Government Medical College and Hospital,Government,Teaching Hospital,1000,Pediatrics,21,Male,No,Yavatmal,2.14,4.3,90.3,95,79,80,13675,Yes,Yes,3.8,0.78,87.39,Yavatmal,Yavatmal,Maharashtra
1086,"Government Superspecialty Hospital, Yavatmal",Government,Super Specialty,300,Oncology,71,Male,No,Yavatmal,3.12,4.4,80.5,44,29,15,59905,Yes,Yes,4.8,0.933,82.41,Yavatmal,Yavatmal,Maharashtra
1087,"Government Medical College, Chandrapur",Government,Teaching Hospital,500,Cardiology,44,Female,Yes,Chandrapur,9.5,3.8,89.5,47,25,71,48700,No,Yes,4.0,0.875,71.01,Chandrapur,Chandrapur,Maharashtra
1088,"District Hospital, Chandrapur",Government,General Hospital,250,Pediatrics,4,Female,Yes,Chandrapur,2.27,4.0,90.6,79,34,28,91459,Yes,No,4.9,0.932,81.97,Chandrapur,Chandrapur,Maharashtra
1089,"Government Medical College, Bhandara",Government,Teaching Hospital,500,Emergency Medicine,35,Male,No,Bhandara,2.43,5.0,89.1,61,91,90,8794,Yes,Yes,4.5,0.762,85.76,Bhandara,Bhandara,Maharashtra
1090,"District General Hospital, Bhandara",Government,General Hospital,250,ENT,2,Male,No,Bhandara,7.37,4.5,94.7,45,77,49,71938,No,Yes,5.0,1.0,85.8,Bhandara,Bhandara,Maharashtra
1091,"Government Medical College, Gondia",Government,Teaching Hospital,500,Pulmonology,4,Male,No,Gondia,3.72,4.0,87.9,74,42,47,59708,Yes,Yes,4.0,0.608,77.24,Gondia,Gondia,Maharashtra
1092,"District Hospital, Gondia",Government,General Hospital,250,ENT,20,Female,Yes,Gondia,10.87,4.6,87.9,60,57,62,39345,Yes,Yes,4.2,0.849,80.34,Gondia,Gondia,Maharashtra
1093,"Government Medical College, Wardha",Government,Teaching Hospital,500,Nephrology,56,Female,No,Wardha,10.22,4.3,83.5,82,29,71,123276,Yes,Yes,4.2,0.675,73.11,Wardha,Wardha,Maharashtra
1094,Acharya Vinoba Bhave Rural Hospital,Private/Trust,Teaching Hospital,1000,Ophthalmology,57,Male,Yes,Wardha,9.11,3.9,97.6,40,93,46,91809,Yes,Yes,4.5,0.885,84.97,Wardha,Wardha,Maharashtra
1095,"Government Medical College, Jalgaon",Government,Teaching Hospital,500,General Surgery,54,Male,Yes,Jalgaon,4.15,5.0,84.2,79,40,48,80510,No,Yes,3.8,0.85,79.93,Jalgaon,Jalgaon,Maharashtra
1096,"Government Medical College and Hospital, Dhule",Government,Teaching Hospital,500,Oncology,71,Male,No,Dhule,7.55,4.3,94.2,87,30,54,40184,Yes,Yes,4.3,0.883,83.87,Dhule,Dhule,Maharashtra
1097,"District Hospital, Nandurbar",Government,General Hospital,250,Ophthalmology,48,Female,No,Nandurbar,2.95,4.4,90.4,87,79,51,49392,Yes,Yes,4.2,0.884,87.09,Nandurbar,Nandurbar,Maharashtra
1098,"Government Medical College, Nandurbar",Government,Teaching Hospital,500,Cardiology,9,Male,No,Nandurbar,4.77,3.8,98.0,40,71,21,85194,Yes,Yes,3.9,0.858,80.12,Nandurbar,Nandurbar,Maharashtra
1099,"Government Medical College, Parbhani",Government,Teaching Hospital,500,Gynecology,84,Female,No,Parbhani,13.39,4.2,86.1,98,63,95,34847,Yes,Yes,4.2,0.617,74.97,Parbhani,Parbhani,Maharashtra
1100,"District Hospital, Parbhani",Government,General Hospital,250,Pulmonology,63,Female,No,Parbhani,6.76,4.9,77.5,78,63,42,28231,Yes,Yes,4.2,0.623,79.73,Parbhani,Parbhani,Maharashtra
1101,"Government Medical College, Jalna",Government,Teaching Hospital,500,Orthopedics,85,Female,No,Jalna,8.17,4.1,91.5,95,77,81,43904,Yes,Yes,3.7,1.0,87.59,Jalna,Jalna,Maharashtra
1102,"District Women Hospital, Jalna",Government,Women & Children,250,Orthopedics,35,Female,Yes,Jalna,10.24,5.0,91.3,90,12,73,58002,Yes,No,4.6,1.0,79.44,Jalna,Jalna,Maharashtra
1103,SRTR Medical College and Government Hospital,Government,Teaching Hospital,750,Orthopedics,12,Male,No,Ambajogai,9.75,4.4,94.5,75,65,97,42644,Yes,Yes,4.5,0.83,80.12,Ambajogai,Beed,Maharashtra
1104,"Government Medical College, Dharashiv",Government,Teaching Hospital,500,Gynecology,26,Female,Yes,Dharashiv,1.76,4.7,80.1,73,49,102,41156,Yes,No,4.1,0.779,74.76,Dharashiv,Dharashiv,Maharashtra
1105,"District Hospital, Dharashiv",Government,General Hospital,250,Emergency Medicine,16,Female,No,Dharashiv,0.5,4.3,77.0,90,27,53,21617,Yes,Yes,4.1,0.834,81.15,Dharashiv,Dharashiv,Maharashtra
1106,"Government Medical College, Ratnagiri",Government,Teaching Hospital,500,Emergency Medicine,2,Male,No,Ratnagiri,6.07,3.7,95.3,40,33,34,80139,Yes,Yes,3.9,0.45,71.27,Ratnagiri,Ratnagiri,Maharashtra
1107,"Government Medical College, Sindhudurg",Government,Teaching Hospital,500,Dermatology,33,Female,Yes,Sindhudurg,13.71,4.1,72.6,79,34,42,71991,Yes,Yes,5.0,0.837,78.02,Sindhudurg,Sindhudurg,Maharashtra
1108,"District Hospital, Sindhudurg",Government,General Hospital,250,Ophthalmology,20,Male,No,Sindhudurg,5.07,4.5,85.1,87,58,74,100116,Yes,Yes,4.4,0.962,82.67,Sindhudurg,Sindhudurg,Maharashtra
1109,"Government Medical College, Alibag",Government,Teaching Hospital,500,Gastroenterology,53,Male,No,Alibag,4.91,3.8,83.8,56,59,74,20918,Yes,Yes,4.0,0.861,80.9,Alibag,Raigad,Maharashtra
1110,"District Hospital, Alibag",Government,General Hospital,250,Gynecology,46,Female,No,Alibag,7.18,4.7,82.1,42,30,71,98744,Yes,Yes,4.5,0.629,71.52,Alibag,Raigad,Maharashtra
1111,"Government Medical College, Satara",Government,Teaching Hospital,500,Cardiology,10,Male,No,Satara,2.7,4.5,81.5,40,86,42,5000,Yes,No,5.0,0.924,83.78,Satara,Satara,Maharashtra
1112,"District Hospital, Satara",Government,General Hospital,250,Neurology,52,Female,Yes,Satara,3.45,4.6,80.8,65,22,47,41906,Yes,No,4.0,0.729,74.88,Satara,Satara,Maharashtra
1113,"Government Medical College, Miraj",Government,Teaching Hospital,750,ENT,8,Female,Yes,Miraj,14.87,4.5,94.1,62,43,75,73191,Yes,Yes,3.9,0.647,71.46,Miraj,Sangli,Maharashtra
1114,Padmabhushan Vasantdada Patil General Hospital,Government,General Hospital,500,Cardiology,65,Male,No,Sangli,4.39,4.0,97.8,77,72,102,55214,Yes,Yes,4.4,0.649,80.83,Sangli,Sangli,Maharashtra
1115,"Government Medical College, Ambarnath",Government,Teaching Hospital,500,Ophthalmology,62,Female,No,Ambarnath,4.15,4.7,98.0,40,82,14,7777,Yes,Yes,3.9,0.695,82.59,Ambarnath,Thane,Maharashtra
1116,"Government Medical College and Hospital, Ambarnath",Government,Teaching Hospital,Teaching Hospital,Neurology,78,Female,No,Ambarnath,6.13,3.9,85.8,44,93,67,96970,Yes,Yes,3.9,0.712,74.72,Ambarnath,Thane,Maharashtra
1117,Sir JJ Hospital,Government,Teaching Hospital,1500,General Medicine,83,Female,Yes,Kurla,5.07,4.7,83.0,95,57,89,66911,Yes,Yes,4.4,0.654,78.54,Mumbai,Mumbai City,Maharashtra
1118,"St. George's Hospital, Mumbai",Government,General Hospital,500,General Surgery,78,Female,No,Borivali,20.73,4.7,95.9,41,75,46,6750,Yes,Yes,4.1,0.605,74.52,Mumbai,Mumbai City,Maharashtra
1119,Gokuldas Tejpal Hospital,Government,General Hospital,500,Ophthalmology,36,Female,No,Kurla,1.75,4.7,90.9,71,23,9,65712,Yes,Yes,4.9,0.718,81.22,Mumbai,Mumbai City,Maharashtra
1120,Cama and Albless Hospital,Government,Women & Children,367,Dermatology,47,Female,No,Borivali,4.85,4.3,86.5,64,76,84,5000,No,Yes,4.5,0.885,81.24,Mumbai,Mumbai City,Maharashtra
1121,KEM Hospital,Government,Teaching Hospital,1800,General Medicine,56,Female,No,Andheri,11.64,4.3,81.7,70,25,47,133654,Yes,Yes,4.3,0.807,71.76,Mumbai,Mumbai City,Maharashtra
1122,Seth GS Medical College and KEM Hospital,Government,Teaching Hospital,1800,Gastroenterology,66,Male,No,Andheri,3.29,4.4,78.3,65,44,61,62452,Yes,Yes,4.2,0.973,83.16,Mumbai,Mumbai City,Maharashtra
1123,Tata Memorial Hospital,Trust,Oncology,700,Orthopedics,31,Male,No,Colaba,6.37,4.6,98.0,42,31,74,53476,No,No,4.5,0.695,71.31,Mumbai,Mumbai City,Maharashtra
1124,Kokilaben Dhirubhai Ambani Hospital,Private,Super Specialty,750,Oncology,57,Female,No,Bandra,6.06,4.5,85.6,93,93,106,69901,Yes,No,4.1,0.73,81.04,Mumbai,Mumbai Suburban,Maharashtra
1125,Lilavati Hospital and Research Centre,Private,Multispecialty,323,General Medicine,22,Female,No,Kurla,4.28,4.3,98.0,70,63,50,51155,Yes,Yes,4.2,0.756,85.39,Mumbai,Mumbai Suburban,Maharashtra
1126,Hinduja Hospital,Private,Multispecialty,400,Gastroenterology,78,Female,No,Dadar,8.48,3.8,89.1,96,88,78,63808,Yes,Yes,3.7,1.0,88.78,Mumbai,Mumbai City,Maharashtra
1127,Nanavati Max Super Speciality Hospital,Private,Super Specialty,350,Orthopedics,28,Male,No,Borivali,11.59,4.9,88.1,61,74,66,38194,Yes,Yes,3.9,1.0,80.67,Mumbai,Mumbai Suburban,Maharashtra
1128,Breach Candy Hospital Trust,Private,Multispecialty,200,Gynecology,56,Other,Yes,Colaba,4.85,4.7,81.4,74,52,105,43701,Yes,Yes,4.4,0.54,73.54,Mumbai,Mumbai City,Maharashtra
1129,Asian Heart Institute,Private,Cardiac,250,General Surgery,20,Male,Yes,Powai,4.06,4.4,80.0,89,63,60,83392,Yes,Yes,5.0,0.987,86.43,Mumbai,Mumbai Suburban,Maharashtra
1130,Jaslok Hospital,Private,Multispecialty,343,Nephrology,62,Female,No,Dadar,6.04,3.6,97.6,56,71,52,59346,Yes,Yes,4.5,1.0,83.41,Mumbai,Mumbai City,Maharashtra
1131,Bombay Hospital & Medical Research Centre,Private,Multispecialty,725,Dermatology,43,Female,No,Powai,7.59,3.9,95.7,94,36,68,64402,Yes,Yes,4.6,0.813,79.72,Mumbai,Mumbai City,Maharashtra
1132,P. D. Hinduja Hospital & Medical Research Centre,Private,Multispecialty,400,Gynecology,81,Male,Yes,Kurla,6.97,5.0,79.0,71,66,49,75060,Yes,Yes,3.5,0.948,84.67,Mumbai,Mumbai City,Maharashtra
1133,B. J. Government Medical College and Sassoon General Hospital,Government,Teaching Hospital,1500,Emergency Medicine,8,Female,No,Shivajinagar,3.07,4.0,95.9,59,71,54,81420,Yes,Yes,3.7,0.734,78.16,Pune,Pune,Maharashtra
1134,Deenanath Mangeshkar Hospital and Research Center,Private,Multispecialty,900,Pulmonology,6,Female,No,Shivajinagar,1.91,5.0,92.1,86,97,74,42873,Yes,Yes,3.7,0.899,90.62,Pune,Pune,Maharashtra
1135,Ruby Hall Clinic,Private,Multispecialty,700,Dermatology,84,Male,No,Shivajinagar,1.21,4.0,73.0,61,67,70,79590,Yes,Yes,4.5,0.903,76.76,Pune,Pune,Maharashtra
1136,Jehangir Hospital,Private,Multispecialty,350,General Medicine,45,Female,Yes,Wakad,10.88,3.9,90.6,97,32,32,10656,Yes,Yes,3.1,0.805,78.31,Pune,Pune,Maharashtra
1137,Noble Hospitals & Research Centre,Private,Multispecialty,250,ENT,37,Male,Yes,Kharadi,4.07,4.6,75.3,59,59,79,18477,No,Yes,3.7,0.928,76.01,Pune,Pune,Maharashtra
1138,Sahyadri Super Speciality Hospital,Private,Super Specialty,350,General Surgery,21,Female,No,Kharadi,1.07,4.2,79.3,65,91,10,76104,No,Yes,4.7,0.537,73.69,Pune,Pune,Maharashtra
1139,Aditya Birla Memorial Hospital,Private,Multispecialty,500,ENT,43,Female,No,Baner,0.95,4.8,92.6,40,47,49,32224,Yes,Yes,3.5,0.693,81.27,Pune,Pune,Maharashtra
1140,"Manipal Hospital, Kharadi",Private,Multispecialty,300,ENT,10,Female,No,Wakad,1.92,4.1,88.0,46,71,34,59435,Yes,Yes,5.0,0.662,78.76,Pune,Pune,Maharashtra
1141,"Columbia Asia Hospital, Pune",Private,Multispecialty,100,Dermatology,11,Female,No,Kharadi,10.57,4.2,82.1,86,93,97,44079,No,Yes,4.0,0.611,74.95,Pune,Pune,Maharashtra
1142,Armed Forces Medical College and Command Hospital,Government,Teaching Hospital,1200,Pediatrics,50,Female,No,Shivajinagar,7.18,4.5,88.9,65,86,32,95972,No,Yes,4.3,0.579,75.9,Pune,Pune,Maharashtra
1143,"Government Medical College and Hospital, Nashik",Government,Teaching Hospital,1000,Pediatrics,4,Female,Yes,College Road,5.67,3.9,87.9,43,95,5,82111,Yes,Yes,3.8,0.722,79.6,Nashik,Nashik,Maharashtra
1144,"Civil Hospital, Nashik",Government,General Hospital,500,Gynecology,5,Female,Yes,College Road,2.41,4.8,89.0,66,45,93,81926,Yes,Yes,4.5,0.585,78.87,Nashik,Nashik,Maharashtra
1145,"Wockhardt Hospitals, Nashik",Private,Super Specialty,200,Neurology,10,Male,No,College Road,2.27,4.3,98.0,61,59,69,54018,No,Yes,4.4,0.743,76.6,Nashik,Nashik,Maharashtra
1146,"Apollo Hospitals, Nashik",Private,Multispecialty,200,Nephrology,45,Female,No,College Road,3.14,4.5,83.2,70,41,67,76239,No,Yes,5.0,0.76,78.77,Nashik,Nashik,Maharashtra
1147,Six Sigma Medicare & Research Institute,Private,Multispecialty,150,Emergency Medicine,50,Male,No,Indira Nagar,3.13,3.8,91.5,44,57,47,80860,Yes,Yes,4.4,0.73,77.76,Nashik,Nashik,Maharashtra
1148,"Government Medical College and Hospital, Chhatrapati Sambhajinagar",Government,Teaching Hospital,1200,ENT,10,Female,Yes,Jalna Road,15.54,3.4,85.6,70,49,59,89603,Yes,Yes,4.1,0.767,69.69,Chhatrapati Sambhajinagar,Chhatrapati Sambhajinagar,Maharashtra
1149,"Government Superspecialty Hospital, Chhatrapati Sambhajinagar",Government,Super Specialty,500,Nephrology,27,Female,No,CIDCO,1.02,4.6,95.6,94,18,69,47910,Yes,Yes,3.5,0.624,81.63,Chhatrapati Sambhajinagar,Chhatrapati Sambhajinagar,Maharashtra
1150,"Cancer Hospital, Chhatrapati Sambhajinagar",Government/Trust,Oncology,300,Orthopedics,5,Male,No,Beed Bypass,6.63,3.9,90.3,78,59,70,5000,Yes,Yes,3.5,0.612,78.97,Chhatrapati Sambhajinagar,Chhatrapati Sambhajinagar,Maharashtra
1151,Kamalnayan Bajaj Hospital,Private,Multispecialty,200,Gastroenterology,23,Male,No,Beed Bypass,5.26,4.5,73.5,95,28,86,111024,Yes,Yes,4.2,0.759,73.99,Chhatrapati Sambhajinagar,Chhatrapati Sambhajinagar,Maharashtra
1152,"MGM Hospital, Chhatrapati Sambhajinagar",Private/Trust,Teaching Hospital,750,Ophthalmology,15,Male,No,Beed Bypass,1.99,4.6,79.7,77,32,77,96060,Yes,Yes,4.4,0.883,81.01,Chhatrapati Sambhajinagar,Chhatrapati Sambhajinagar,Maharashtra
1153,Dr. Shankarrao Chavan Government Medical College and Hospital,Government,Teaching Hospital,500,Nephrology,51,Female,No,Vazirabad,12.51,4.0,79.7,55,76,24,14358,Yes,Yes,4.7,0.612,76.29,Nanded,Nanded,Maharashtra
1154,"District Hospital, Nanded",Government,General Hospital,300,Gastroenterology,49,Male,No,Shivaji Nagar,5.53,4.3,97.2,88,37,71,47275,Yes,Yes,4.4,0.93,84.86,Nanded,Nanded,Maharashtra
1155,"MGM Hospital, Nanded",Private/Trust,Multispecialty,250,General Medicine,66,Female,Yes,Taroda,5.72,4.5,94.0,94,43,66,71775,No,Yes,4.3,0.99,83.49,Nanded,Nanded,Maharashtra
1156,Shri Guru Gobind Singhji Memorial Hospital,Government,General Hospital,300,Gastroenterology,32,Male,No,CIDCO,1.69,4.0,83.3,45,90,96,95951,Yes,Yes,4.0,0.919,82.63,Nanded,Nanded,Maharashtra
1157,Vilasrao Deshmukh Government Medical College and Hospital,Government,Teaching Hospital,500,Pediatrics,18,Female,No,Ganj Golai,12.76,3.9,81.6,41,87,102,55184,Yes,No,4.8,0.849,76.4,Latur,Latur,Maharashtra
1158,"Government Superspecialty Hospital, Latur",Government,Super Specialty,300,Pediatrics,17,Female,Yes,Ausa Road,0.54,4.6,90.5,91,93,69,50266,Yes,Yes,4.2,0.715,85.5,Latur,Latur,Maharashtra
1159,"District Hospital, Latur",Government,General Hospital,250,Dermatology,3,Male,Yes,Shivaji Chowk,8.33,4.2,75.8,80,42,28,33358,Yes,Yes,5.0,0.806,82.2,Latur,Latur,Maharashtra
1160,MIMSR Medical College and Latur Hospital,Private/Trust,Teaching Hospital,700,Dermatology,71,Female,No,Ausa Road,7.32,4.5,92.7,52,22,58,58758,Yes,Yes,4.4,0.868,75.3,Latur,Latur,Maharashtra
1161,Rajashree Chhatrapati Shahu Maharaj Government Medical College and CPR Hospital,Government,Teaching Hospital,1000,Nephrology,11,Female,No,Udyam Nagar,0.94,4.6,84.1,81,64,42,38170,Yes,Yes,3.9,0.88,86.54,Kolhapur,Kolhapur,Maharashtra
1162,D. Y. Patil Hospital and Research Institute,Private/Trust,Teaching Hospital,750,Pediatrics,59,Female,No,Tarabai Park,1.49,4.4,97.5,69,33,54,44101,Yes,Yes,4.0,0.719,82.03,Kolhapur,Kolhapur,Maharashtra
1163,Aster Aadhar Hospital,Private,Multispecialty,250,General Surgery,70,Female,Yes,Tarabai Park,0.77,3.9,79.8,85,29,97,73470,No,Yes,4.1,0.875,75.62,Kolhapur,Kolhapur,Maharashtra
1164,Dr. Vaishampayan Memorial Government Medical College and Chhatrapati Shivaji Maharaj General Hospital,Government,Teaching Hospital,900,Emergency Medicine,70,Male,No,Sadar Bazar,2.02,4.5,74.9,47,64,75,51311,No,Yes,3.2,0.685,75.51,Solapur,Solapur,Maharashtra
1165,Ashwini Sahakari Rugnalaya,Private/Trust,Multispecialty,300,Neurology,35,Male,No,Sadar Bazar,6.78,3.7,95.7,51,26,55,80168,Yes,Yes,4.5,0.834,73.87,Solapur,Solapur,Maharashtra
1166,Yashodhara Super Speciality Hospital,Private,Super Specialty,200,Neurology,43,Female,No,Hotgi Road,2.31,4.4,85.0,40,42,95,50819,Yes,Yes,3.9,0.729,78.51,Solapur,Solapur,Maharashtra
1167,"Government Medical College, Amravati",Government,Teaching Hospital,500,Gynecology,34,Male,No,Amravati,7.32,4.5,94.9,94,21,5,32224,Yes,No,4.0,0.802,82.78,Amravati,Amravati,Maharashtra
1168,"District Women Hospital, Amravati",Government,Women & Children,250,Gastroenterology,16,Female,No,Amravati,4.34,4.7,83.9,55,11,44,59940,No,Yes,4.4,0.773,73.8,Amravati,Amravati,Maharashtra
1169,Dr. Panjabrao Deshmukh Memorial Medical College,Private/Trust,Teaching Hospital,500,Gastroenterology,40,Male,Yes,Amravati,10.95,4.8,85.4,89,68,25,40779,Yes,No,2.7,0.744,78.62,Amravati,Amravati,Maharashtra
1170,"Government Medical College and Hospital, Akola",Government,Teaching Hospital,500,Gastroenterology,60,Female,No,Akola,1.29,4.3,88.9,67,25,42,50203,Yes,Yes,3.4,0.856,79.7,Akola,Akola,Maharashtra
1171,"Government Medical College and Super Speciality Hospital, Akola",Government,Super Specialty,300,Nephrology,53,Male,No,Akola,3.26,5.0,88.2,52,96,78,79325,Yes,No,3.6,0.737,79.88,Akola,Akola,Maharashtra
1172,"District Hospital, Akola",Government,General Hospital,250,ENT,60,Female,Yes,Akola,0.79,4.6,86.1,58,33,70,10676,No,Yes,4.8,0.651,75.81,Akola,Akola,Maharashtra
1173,Shri Vasantrao Naik Government Medical College and Hospital,Government,Teaching Hospital,1000,Emergency Medicine,85,Female,No,Yavatmal,4.59,4.7,89.6,45,85,32,74549,Yes,Yes,4.0,0.789,81.14,Yavatmal,Yavatmal,Maharashtra
1174,"Government Superspecialty Hospital, Yavatmal",Government,Super Specialty,300,Emergency Medicine,41,Female,No,Yavatmal,2.58,4.1,96.2,90,76,51,30476,Yes,Yes,4.3,0.879,88.89,Yavatmal,Yavatmal,Maharashtra
1175,"Government Medical College, Chandrapur",Government,Teaching Hospital,500,Pulmonology,9,Female,Yes,Chandrapur,5.47,5.0,98.0,70,57,21,96569,Yes,Yes,4.2,1.0,87.75,Chandrapur,Chandrapur,Maharashtra
1176,"District Hospital, Chandrapur",Government,General Hospital,250,Nephrology,71,Female,No,Chandrapur,3.84,5.0,87.9,55,16,62,30472,Yes,Yes,4.2,0.882,81.1,Chandrapur,Chandrapur,Maharashtra
1177,"Government Medical College, Bhandara",Government,Teaching Hospital,500,Oncology,59,Female,Yes,Bhandara,4.77,3.7,93.0,54,97,86,29915,No,No,3.8,0.748,75.96,Bhandara,Bhandara,Maharashtra
1178,"District General Hospital, Bhandara",Government,General Hospital,250,General Medicine,52,Male,No,Bhandara,2.26,4.7,96.8,83,73,82,124207,Yes,Yes,3.9,0.856,84.84,Bhandara,Bhandara,Maharashtra
1179,"Government Medical College, Gondia",Government,Teaching Hospital,500,Nephrology,35,Female,No,Gondia,7.14,4.0,89.0,45,52,68,45291,No,Yes,4.4,0.673,74.2,Gondia,Gondia,Maharashtra
1180,"District Hospital, Gondia",Government,General Hospital,250,Oncology,84,Female,No,Gondia,3.0,4.5,87.3,88,68,16,75352,Yes,Yes,4.3,0.905,86.21,Gondia,Gondia,Maharashtra
1181,"Government Medical College, Wardha",Government,Teaching Hospital,500,Ophthalmology,67,Male,No,Wardha,8.45,3.5,85.3,88,51,50,53859,Yes,Yes,3.5,0.924,80.89,Wardha,Wardha,Maharashtra
1182,Acharya Vinoba Bhave Rural Hospital,Private/Trust,Teaching Hospital,1000,Ophthalmology,28,Male,No,Wardha,2.5,4.5,88.2,78,88,66,76174,Yes,Yes,4.1,0.738,78.1,Wardha,Wardha,Maharashtra
1183,"Government Medical College, Jalgaon",Government,Teaching Hospital,500,Cardiology,23,Female,No,Jalgaon,2.52,4.4,86.2,73,100,24,5000,Yes,Yes,4.6,0.945,92.17,Jalgaon,Jalgaon,Maharashtra
1184,"Government Medical College and Hospital, Dhule",Government,Teaching Hospital,500,Oncology,37,Male,Yes,Dhule,10.31,5.0,96.4,49,87,84,56668,No,Yes,3.1,0.817,79.02,Dhule,Dhule,Maharashtra
1185,"District Hospital, Nandurbar",Government,General Hospital,250,General Surgery,22,Male,No,Nandurbar,20.85,3.6,89.3,91,92,73,41205,Yes,Yes,3.8,0.644,75.18,Nandurbar,Nandurbar,Maharashtra
1186,"Government Medical College, Nandurbar",Government,Teaching Hospital,500,General Medicine,63,Male,No,Nandurbar,5.8,4.0,71.8,65,52,45,40599,Yes,Yes,4.4,0.745,73.23,Nandurbar,Nandurbar,Maharashtra
1187,"Government Medical College, Parbhani",Government,Teaching Hospital,500,Dermatology,84,Female,Yes,Parbhani,8.76,5.0,88.5,52,27,77,62819,No,No,3.8,0.813,72.59,Parbhani,Parbhani,Maharashtra
1188,"District Hospital, Parbhani",Government,General Hospital,250,Nephrology,82,Female,Yes,Parbhani,7.47,4.4,87.9,62,58,35,61433,Yes,Yes,4.4,0.686,76.64,Parbhani,Parbhani,Maharashtra
1189,"Government Medical College, Jalna",Government,Teaching Hospital,500,Pediatrics,22,Male,No,Jalna,6.24,4.5,96.1,81,30,78,60668,Yes,Yes,4.7,0.87,83.27,Jalna,Jalna,Maharashtra
1190,"District Women Hospital, Jalna",Government,Women & Children,250,Pediatrics,74,Male,No,Jalna,3.86,3.8,98.0,55,20,72,61138,No,Yes,4.7,0.795,75.19,Jalna,Jalna,Maharashtra
1191,SRTR Medical College and Government Hospital,Government,Teaching Hospital,750,Gastroenterology,64,Male,No,Ambajogai,18.85,4.4,81.9,89,11,15,70305,Yes,No,3.4,0.827,70.8,Ambajogai,Beed,Maharashtra
1192,"Government Medical College, Dharashiv",Government,Teaching Hospital,500,Emergency Medicine,29,Female,No,Dharashiv,3.42,4.0,92.1,55,70,70,19188,Yes,Yes,4.1,1.0,86.35,Dharashiv,Dharashiv,Maharashtra
1193,"District Hospital, Dharashiv",Government,General Hospital,250,Gynecology,29,Female,No,Dharashiv,1.81,4.5,85.5,71,23,100,5000,Yes,Yes,4.4,0.567,78.08,Dharashiv,Dharashiv,Maharashtra
1194,"Government Medical College, Ratnagiri",Government,Teaching Hospital,500,Oncology,77,Male,No,Ratnagiri,2.17,4.1,94.9,61,31,124,66180,Yes,Yes,4.9,0.769,79.42,Ratnagiri,Ratnagiri,Maharashtra
1195,"Government Medical College, Sindhudurg",Government,Teaching Hospital,500,Pediatrics,77,Male,No,Sindhudurg,1.88,4.1,90.2,97,27,79,6169,Yes,Yes,3.9,0.882,82.9,Sindhudurg,Sindhudurg,Maharashtra
1196,"District Hospital, Sindhudurg",Government,General Hospital,250,Cardiology,76,Female,No,Sindhudurg,8.25,4.6,93.7,90,28,93,16834,Yes,Yes,4.2,0.803,79.32,Sindhudurg,Sindhudurg,Maharashtra
1197,"Government Medical College, Alibag",Government,Teaching Hospital,500,Pediatrics,51,Male,No,Alibag,10.6,4.3,85.7,53,81,50,83696,No,Yes,4.5,0.942,79.51,Alibag,Raigad,Maharashtra
1198,"District Hospital, Alibag",Government,General Hospital,250,Gynecology,14,Female,No,Alibag,7.84,3.8,98.0,95,66,103,59992,Yes,Yes,4.6,0.815,82.77,Alibag,Raigad,Maharashtra
1199,"Government Medical College, Satara",Government,Teaching Hospital,500,Cardiology,38,Male,No,Satara,3.64,3.5,67.6,86,63,91,22123,Yes,Yes,4.5,0.981,77.86,Satara,Satara,Maharashtra
1200,"District Hospital, Satara",Government,General Hospital,250,Cardiology,80,Male,No,Satara,7.43,5.0,90.5,50,74,64,36048,Yes,Yes,4.1,0.677,80.12,Satara,Satara,Maharashtra
1201,"Government Medical College, Miraj",Government,Teaching Hospital,750,Orthopedics,79,Female,No,Miraj,7.3,4.6,80.6,54,93,5,102910,Yes,Yes,4.3,0.94,86.52,Miraj,Sangli,Maharashtra
1202,Padmabhushan Vasantdada Patil General Hospital,Government,General Hospital,500,Pediatrics,43,Female,No,Sangli,1.05,4.2,85.5,68,73,5,55600,No,Yes,4.8,0.787,81.84,Sangli,Sangli,Maharashtra
1203,"Government Medical College, Ambarnath",Government,Teaching Hospital,500,Neurology,35,Female,No,Ambarnath,4.14,4.2,86.8,91,35,30,87396,Yes,Yes,3.5,0.789,77.26,Ambarnath,Thane,Maharashtra
1204,"Government Medical College and Hospital, Ambarnath",Government,Teaching Hospital,Teaching Hospital,Dermatology,54,Male,No,Ambarnath,5.63,3.8,98.0,88,48,52,24123,No,Yes,3.9,0.747,80.16,Ambarnath,Thane,Maharashtra
1205,Sir JJ Hospital,Government,Teaching Hospital,1500,Gynecology,27,Female,No,Colaba,5.25,4.8,82.4,73,38,50,94979,Yes,Yes,5.0,0.642,76.84,Mumbai,Mumbai City,Maharashtra
1206,"St. George's Hospital, Mumbai",Government,General Hospital,500,Nephrology,54,Male,No,Powai,7.85,4.1,82.3,89,44,65,66176,Yes,Yes,3.9,0.841,80.03,Mumbai,Mumbai City,Maharashtra
1207,Gokuldas Tejpal Hospital,Government,General Hospital,500,General Medicine,72,Male,No,Powai,5.0,4.5,89.3,97,64,56,65448,Yes,Yes,4.2,0.856,84.93,Mumbai,Mumbai City,Maharashtra
1208,Cama and Albless Hospital,Government,Women & Children,367,Pediatrics,74,Female,No,Andheri,3.72,4.8,96.8,80,46,34,83218,Yes,Yes,4.9,0.739,84.77,Mumbai,Mumbai City,Maharashtra
1209,KEM Hospital,Government,Teaching Hospital,1800,Gynecology,9,Female,No,Bandra,10.08,4.5,92.3,69,16,66,53396,Yes,Yes,4.6,1.0,82.11,Mumbai,Mumbai City,Maharashtra
1210,Seth GS Medical College and KEM Hospital,Government,Teaching Hospital,1800,Pediatrics,72,Female,No,Kurla,5.04,4.2,92.5,92,32,69,123845,Yes,Yes,4.1,1.0,83.04,Mumbai,Mumbai City,Maharashtra
1211,Tata Memorial Hospital,Trust,Oncology,700,Oncology,23,Other,No,Andheri,6.72,4.5,81.1,44,84,46,70825,Yes,Yes,4.3,0.851,82.0,Mumbai,Mumbai City,Maharashtra
1212,Kokilaben Dhirubhai Ambani Hospital,Private,Super Specialty,750,Pediatrics,64,Male,No,Bandra,8.02,5.0,84.3,40,85,52,64842,Yes,Yes,3.8,0.782,78.19,Mumbai,Mumbai Suburban,Maharashtra
1213,Lilavati Hospital and Research Centre,Private,Multispecialty,323,Nephrology,56,Female,No,Kurla,8.8,4.5,84.3,43,20,58,68096,Yes,Yes,5.0,0.894,79.21,Mumbai,Mumbai Suburban,Maharashtra
1214,Hinduja Hospital,Private,Multispecialty,400,Pediatrics,54,Female,Yes,Bandra,0.5,4.4,94.7,97,81,63,5000,Yes,Yes,3.7,0.896,92.08,Mumbai,Mumbai City,Maharashtra
1215,Nanavati Max Super Speciality Hospital,Private,Super Specialty,350,Pulmonology,25,Female,No,Bandra,3.65,4.8,97.1,96,40,49,5000,Yes,Yes,4.3,0.712,85.07,Mumbai,Mumbai Suburban,Maharashtra
1216,Breach Candy Hospital Trust,Private,Multispecialty,200,Neurology,40,Male,No,Dadar,0.5,3.7,95.8,95,32,63,53052,No,Yes,4.6,0.684,72.69,Mumbai,Mumbai City,Maharashtra
1217,Asian Heart Institute,Private,Cardiac,250,Cardiology,3,Female,No,Dadar,4.52,4.6,91.0,71,85,83,43282,No,Yes,4.2,0.622,75.13,Mumbai,Mumbai Suburban,Maharashtra
1218,Jaslok Hospital,Private,Multispecialty,343,General Medicine,40,Female,No,Colaba,6.08,3.6,97.9,72,80,56,5000,No,Yes,4.2,0.854,80.65,Mumbai,Mumbai City,Maharashtra
1219,Bombay Hospital & Medical Research Centre,Private,Multispecialty,725,Nephrology,1,Female,No,Dadar,6.4,4.2,86.1,49,12,49,106366,Yes,Yes,4.4,0.791,73.04,Mumbai,Mumbai City,Maharashtra
1220,P. D. Hinduja Hospital & Medical Research Centre,Private,Multispecialty,400,Gastroenterology,15,Male,No,Dadar,5.08,3.7,86.2,73,63,56,38979,Yes,Yes,4.6,0.614,77.44,Mumbai,Mumbai City,Maharashtra
1221,B. J. Government Medical College and Sassoon General Hospital,Government,Teaching Hospital,1500,General Medicine,50,Male,No,Kothrud,7.35,4.2,91.5,95,72,56,48239,Yes,Yes,4.4,0.525,77.93,Pune,Pune,Maharashtra
1222,Deenanath Mangeshkar Hospital and Research Center,Private,Multispecialty,900,General Medicine,30,Female,No,Kharadi,6.34,4.5,82.7,55,13,21,87486,Yes,Yes,3.7,0.893,76.01,Pune,Pune,Maharashtra
1223,Ruby Hall Clinic,Private,Multispecialty,700,Emergency Medicine,80,Male,No,Shivajinagar,8.48,4.8,79.4,83,38,57,67857,Yes,No,4.3,0.706,73.84,Pune,Pune,Maharashtra
1224,Jehangir Hospital,Private,Multispecialty,350,Pediatrics,21,Male,No,Hadapsar,1.29,5.0,86.2,88,40,73,86105,Yes,Yes,4.2,0.643,81.14,Pune,Pune,Maharashtra
1225,Noble Hospitals & Research Centre,Private,Multispecialty,250,Gastroenterology,38,Male,Yes,Kothrud,5.38,4.3,98.0,98,20,52,61920,No,Yes,4.7,0.762,74.7,Pune,Pune,Maharashtra
1226,Sahyadri Super Speciality Hospital,Private,Super Specialty,350,ENT,43,Female,No,Shivajinagar,0.93,4.7,82.7,85,10,60,5000,Yes,Yes,4.7,0.653,79.11,Pune,Pune,Maharashtra
1227,Aditya Birla Memorial Hospital,Private,Multispecialty,500,ENT,4,Male,No,Hadapsar,4.36,4.4,97.0,89,17,21,32736,Yes,Yes,4.8,0.853,85.08,Pune,Pune,Maharashtra
1228,"Manipal Hospital, Kharadi",Private,Multispecialty,300,Orthopedics,53,Male,No,Hadapsar,0.5,4.2,85.6,74,98,52,115950,Yes,Yes,3.9,0.913,83.27,Pune,Pune,Maharashtra
1229,"Columbia Asia Hospital, Pune",Private,Multispecialty,100,Dermatology,5,Male,No,Shivajinagar,4.37,3.9,88.9,64,12,44,101833,Yes,Yes,4.0,1.0,75.62,Pune,Pune,Maharashtra
1230,Armed Forces Medical College and Command Hospital,Government,Teaching Hospital,1200,General Surgery,19,Male,Yes,Baner,3.34,4.2,92.4,85,49,12,54268,No,Yes,4.1,0.686,77.81,Pune,Pune,Maharashtra
1231,"Government Medical College and Hospital, Nashik",Government,Teaching Hospital,1000,Pulmonology,44,Male,No,Panchavati,7.02,4.1,94.3,99,35,37,56537,Yes,Yes,5.0,0.88,86.92,Nashik,Nashik,Maharashtra
1232,"Civil Hospital, Nashik",Government,General Hospital,500,Emergency Medicine,48,Male,No,College Road,9.22,3.8,87.2,75,95,106,31374,Yes,Yes,4.3,0.868,80.79,Nashik,Nashik,Maharashtra
1233,"Wockhardt Hospitals, Nashik",Private,Super Specialty,200,Gynecology,22,Male,No,Gangapur Road,10.1,5.0,89.3,93,98,78,97183,Yes,Yes,4.2,0.75,81.97,Nashik,Nashik,Maharashtra
1234,"Apollo Hospitals, Nashik",Private,Multispecialty,200,Ophthalmology,20,Female,No,Gangapur Road,7.0,4.5,84.4,83,39,56,79689,Yes,Yes,4.1,0.796,74.13,Nashik,Nashik,Maharashtra
1235,Six Sigma Medicare & Research Institute,Private,Multispecialty,150,Dermatology,29,Male,Yes,Gangapur Road,3.47,4.4,92.5,90,56,22,41722,Yes,Yes,3.9,0.808,79.37,Nashik,Nashik,Maharashtra
1236,"Government Medical College and Hospital, Chhatrapati Sambhajinagar",Government,Teaching Hospital,1200,Emergency Medicine,21,Female,Yes,CIDCO,1.7,4.3,85.7,60,58,30,27709,Yes,No,3.9,0.764,79.03,Chhatrapati Sambhajinagar,Chhatrapati Sambhajinagar,Maharashtra
1237,"Government Superspecialty Hospital, Chhatrapati Sambhajinagar",Government,Super Specialty,500,Gynecology,43,Male,No,Jalna Road,5.38,3.8,83.8,66,79,5,49216,Yes,Yes,4.5,0.916,85.76,Chhatrapati Sambhajinagar,Chhatrapati Sambhajinagar,Maharashtra
1238,"Cancer Hospital, Chhatrapati Sambhajinagar",Government/Trust,Oncology,300,Cardiology,10,Female,No,Jalna Road,6.44,4.4,95.7,47,55,26,56758,No,No,4.2,0.88,75.42,Chhatrapati Sambhajinagar,Chhatrapati Sambhajinagar,Maharashtra
1239,Kamalnayan Bajaj Hospital,Private,Multispecialty,200,Neurology,30,Female,Yes,Jalna Road,4.9,3.7,86.4,71,57,24,83238,No,Yes,4.2,0.67,74.11,Chhatrapati Sambhajinagar,Chhatrapati Sambhajinagar,Maharashtra
1240,"MGM Hospital, Chhatrapati Sambhajinagar",Private/Trust,Teaching Hospital,750,Neurology,33,Female,Yes,Beed Bypass,1.47,4.9,81.3,48,59,5,16945,No,Yes,3.7,0.547,79.21,Chhatrapati Sambhajinagar,Chhatrapati Sambhajinagar,Maharashtra
1241,Dr. Shankarrao Chavan Government Medical College and Hospital,Government,Teaching Hospital,500,ENT,72,Female,Yes,Vazirabad,6.75,4.7,89.8,98,16,45,68494,Yes,No,4.0,0.979,81.12,Nanded,Nanded,Maharashtra
1242,"District Hospital, Nanded",Government,General Hospital,300,ENT,21,Female,No,Vazirabad,2.51,3.2,88.5,86,55,74,60758,Yes,Yes,4.8,0.77,81.12,Nanded,Nanded,Maharashtra
1243,"MGM Hospital, Nanded",Private/Trust,Multispecialty,250,General Surgery,60,Male,Yes,Taroda,6.52,4.6,90.3,84,16,48,34445,Yes,No,4.1,0.556,75.77,Nanded,Nanded,Maharashtra
1244,Shri Guru Gobind Singhji Memorial Hospital,Government,General Hospital,300,Emergency Medicine,10,Female,No,Shivaji Nagar,1.32,4.7,75.4,64,88,50,32532,Yes,Yes,3.9,0.668,81.98,Nanded,Nanded,Maharashtra
1245,Vilasrao Deshmukh Government Medical College and Hospital,Government,Teaching Hospital,500,Gynecology,57,Female,No,Shivaji Chowk,2.98,4.6,93.0,73,12,86,79351,Yes,Yes,4.0,1.0,78.59,Latur,Latur,Maharashtra
1246,"Government Superspecialty Hospital, Latur",Government,Super Specialty,300,Neurology,7,Female,No,Barshi Road,2.83,4.5,80.3,89,88,96,59260,Yes,Yes,4.2,0.585,83.5,Latur,Latur,Maharashtra
1247,"District Hospital, Latur",Government,General Hospital,250,Neurology,76,Male,No,Shivaji Chowk,7.66,4.6,72.5,92,29,17,87820,Yes,Yes,4.4,0.72,78.9,Latur,Latur,Maharashtra
1248,MIMSR Medical College and Latur Hospital,Private/Trust,Teaching Hospital,700,Oncology,44,Male,Yes,Shivaji Chowk,0.53,4.1,78.1,91,29,80,14533,No,Yes,4.9,0.699,75.68,Latur,Latur,Maharashtra
1249,Rajashree Chhatrapati Shahu Maharaj Government Medical College and CPR Hospital,Government,Teaching Hospital,1000,Neurology,16,Female,No,Shahupuri,0.5,5.0,83.5,93,20,21,56165,Yes,Yes,4.8,0.767,81.41,Kolhapur,Kolhapur,Maharashtra
1250,D. Y. Patil Hospital and Research Institute,Private/Trust,Teaching Hospital,750,Pulmonology,59,Female,Yes,Rajarampuri,3.51,4.4,95.8,53,36,52,5000,Yes,Yes,4.3,0.802,81.23,Kolhapur,Kolhapur,Maharashtra
1251,Aster Aadhar Hospital,Private,Multispecialty,250,General Surgery,22,Male,Yes,Shahupuri,6.7,4.5,86.0,58,89,41,34599,Yes,Yes,4.1,0.839,83.42,Kolhapur,Kolhapur,Maharashtra
1252,Dr. Vaishampayan Memorial Government Medical College and Chhatrapati Shivaji Maharaj General Hospital,Government,Teaching Hospital,900,Dermatology,68,Male,No,Sadar Bazar,0.99,4.6,88.2,70,75,113,71571,Yes,Yes,4.1,0.504,75.79,Solapur,Solapur,Maharashtra
1253,Ashwini Sahakari Rugnalaya,Private/Trust,Multispecialty,300,General Medicine,36,Female,No,Hotgi Road,2.54,4.3,80.2,95,77,21,71037,Yes,Yes,4.2,0.96,88.67,Solapur,Solapur,Maharashtra
1254,Yashodhara Super Speciality Hospital,Private,Super Specialty,200,Pediatrics,1,Male,Yes,Akkalkot Road,1.84,3.5,84.0,97,17,5,107106,Yes,Yes,3.9,0.808,79.68,Solapur,Solapur,Maharashtra
1255,"Government Medical College, Amravati",Government,Teaching Hospital,500,Orthopedics,76,Male,No,Amravati,0.6,3.7,77.3,89,100,86,48122,Yes,Yes,4.1,0.727,85.94,Amravati,Amravati,Maharashtra
1256,"District Women Hospital, Amravati",Government,Women & Children,250,Pulmonology,47,Female,No,Amravati,4.58,4.0,90.8,60,87,49,41937,Yes,Yes,4.5,0.664,81.08,Amravati,Amravati,Maharashtra
1257,Dr. Panjabrao Deshmukh Memorial Medical College,Private/Trust,Teaching Hospital,500,Pulmonology,84,Male,No,Amravati,5.71,4.6,94.3,71,26,30,89605,Yes,Yes,3.7,0.842,80.45,Amravati,Amravati,Maharashtra
1258,"Government Medical College and Hospital, Akola",Government,Teaching Hospital,500,Gastroenterology,77,Female,Yes,Akola,8.02,4.3,93.9,67,15,70,35512,Yes,Yes,4.6,0.813,79.75,Akola,Akola,Maharashtra
1259,"Government Medical College and Super Speciality Hospital, Akola",Government,Super Specialty,300,ENT,16,Female,No,Akola,5.63,4.2,93.0,46,53,58,72505,No,Yes,4.3,0.652,69.64,Akola,Akola,Maharashtra
1260,"District Hospital, Akola",Government,General Hospital,250,Dermatology,62,Female,No,Akola,4.31,3.9,90.1,61,68,59,71790,Yes,Yes,4.8,1.0,86.27,Akola,Akola,Maharashtra
1261,Shri Vasantrao Naik Government Medical College and Hospital,Government,Teaching Hospital,1000,ENT,2,Female,No,Yavatmal,6.58,4.6,95.9,54,61,34,39417,Yes,No,4.4,0.823,81.87,Yavatmal,Yavatmal,Maharashtra
1262,"Government Superspecialty Hospital, Yavatmal",Government,Super Specialty,300,Dermatology,68,Male,No,Yavatmal,1.28,4.3,82.8,84,89,39,119375,No,Yes,4.1,0.543,73.79,Yavatmal,Yavatmal,Maharashtra
1263,"Government Medical College, Chandrapur",Government,Teaching Hospital,500,Ophthalmology,57,Female,No,Chandrapur,7.08,4.7,81.6,50,67,7,22450,No,Yes,5.0,0.912,82.25,Chandrapur,Chandrapur,Maharashtra
1264,"District Hospital, Chandrapur",Government,General Hospital,250,Ophthalmology,9,Female,No,Chandrapur,4.04,3.7,86.7,82,25,45,68965,Yes,Yes,4.4,0.932,81.19,Chandrapur,Chandrapur,Maharashtra
1265,"Government Medical College, Bhandara",Government,Teaching Hospital,500,Ophthalmology,83,Female,Yes,Bhandara,1.34,3.8,88.4,49,20,65,5000,Yes,Yes,3.7,0.869,77.74,Bhandara,Bhandara,Maharashtra
1266,"District General Hospital, Bhandara",Government,General Hospital,250,Cardiology,13,Female,No,Bhandara,20.48,4.7,91.8,83,51,97,23382,Yes,Yes,4.7,0.902,80.01,Bhandara,Bhandara,Maharashtra
1267,"Government Medical College, Gondia",Government,Teaching Hospital,500,Oncology,31,Female,No,Gondia,6.83,4.0,86.4,70,40,79,48093,Yes,Yes,4.7,0.672,80.92,Gondia,Gondia,Maharashtra
1268,"District Hospital, Gondia",Government,General Hospital,250,Orthopedics,63,Male,No,Gondia,6.62,4.1,86.0,56,75,12,66149,Yes,Yes,3.9,0.765,80.69,Gondia,Gondia,Maharashtra
1269,"Government Medical College, Wardha",Government,Teaching Hospital,500,Dermatology,4,Female,Yes,Wardha,3.57,4.7,79.8,54,65,38,59297,Yes,Yes,3.6,0.846,81.51,Wardha,Wardha,Maharashtra
1270,Acharya Vinoba Bhave Rural Hospital,Private/Trust,Teaching Hospital,1000,Pulmonology,1,Female,No,Wardha,8.9,3.7,83.1,71,84,5,62587,Yes,Yes,3.6,0.595,76.54,Wardha,Wardha,Maharashtra
1271,"Government Medical College, Jalgaon",Government,Teaching Hospital,500,Pediatrics,71,Male,No,Jalgaon,4.44,3.8,96.7,62,62,5,87230,Yes,Yes,4.2,0.619,73.87,Jalgaon,Jalgaon,Maharashtra
1272,"Government Medical College and Hospital, Dhule",Government,Teaching Hospital,500,ENT,35,Male,No,Dhule,7.22,4.5,97.3,74,80,13,44996,Yes,Yes,4.1,0.714,85.03,Dhule,Dhule,Maharashtra
1273,"District Hospital, Nandurbar",Government,General Hospital,250,Cardiology,7,Female,No,Nandurbar,5.86,4.4,86.2,61,93,48,59297,No,Yes,5.0,0.896,80.11,Nandurbar,Nandurbar,Maharashtra
1274,"Government Medical College, Nandurbar",Government,Teaching Hospital,500,Pediatrics,2,Male,Yes,Nandurbar,5.02,3.9,87.1,69,58,64,31833,Yes,Yes,3.5,0.669,77.97,Nandurbar,Nandurbar,Maharashtra
1275,"Government Medical College, Parbhani",Government,Teaching Hospital,500,Dermatology,50,Male,Yes,Parbhani,3.47,4.5,81.5,69,73,9,19411,Yes,Yes,3.6,0.933,87.6,Parbhani,Parbhani,Maharashtra
1276,"District Hospital, Parbhani",Government,General Hospital,250,Pediatrics,78,Male,Yes,Parbhani,3.49,4.4,92.0,42,43,17,33648,Yes,Yes,3.4,0.903,82.65,Parbhani,Parbhani,Maharashtra
1277,"Government Medical College, Jalna",Government,Teaching Hospital,500,Nephrology,62,Male,No,Jalna,2.77,3.8,82.2,75,94,10,90206,No,Yes,4.2,0.859,82.99,Jalna,Jalna,Maharashtra
1278,"District Women Hospital, Jalna",Government,Women & Children,250,Emergency Medicine,8,Female,No,Jalna,4.33,3.9,88.9,84,22,49,5000,Yes,Yes,3.6,0.535,74.13,Jalna,Jalna,Maharashtra
1279,SRTR Medical College and Government Hospital,Government,Teaching Hospital,750,Cardiology,64,Male,No,Ambajogai,13.18,3.7,90.0,73,29,82,85590,Yes,Yes,4.2,0.899,78.24,Ambajogai,Beed,Maharashtra
1280,"Government Medical College, Dharashiv",Government,Teaching Hospital,500,General Surgery,5,Female,No,Dharashiv,6.92,4.0,87.7,89,45,46,45330,Yes,Yes,3.9,0.707,75.62,Dharashiv,Dharashiv,Maharashtra
1281,"District Hospital, Dharashiv",Government,General Hospital,250,General Surgery,53,Female,No,Dharashiv,3.42,4.2,90.2,61,58,81,31985,Yes,Yes,3.7,0.861,81.92,Dharashiv,Dharashiv,Maharashtra
1282,"Government Medical College, Ratnagiri",Government,Teaching Hospital,500,Cardiology,14,Female,Yes,Ratnagiri,11.26,4.4,87.4,71,59,56,56635,Yes,Yes,4.0,0.682,76.57,Ratnagiri,Ratnagiri,Maharashtra
1283,"Government Medical College, Sindhudurg",Government,Teaching Hospital,500,Pediatrics,32,Male,Yes,Sindhudurg,0.85,4.9,81.5,63,18,18,91474,Yes,Yes,3.9,0.844,81.34,Sindhudurg,Sindhudurg,Maharashtra
1284,"District Hospital, Sindhudurg",Government,General Hospital,250,General Medicine,67,Male,No,Sindhudurg,10.56,4.1,85.7,98,67,28,17172,Yes,Yes,4.4,0.868,81.25,Sindhudurg,Sindhudurg,Maharashtra
1285,"Government Medical College, Alibag",Government,Teaching Hospital,500,Cardiology,83,Female,Yes,Alibag,2.93,4.2,82.7,57,31,66,29584,No,No,3.8,0.579,68.89,Alibag,Raigad,Maharashtra
1286,"District Hospital, Alibag",Government,General Hospital,250,Ophthalmology,58,Male,No,Alibag,12.64,3.8,95.8,67,74,62,55643,Yes,Yes,4.1,0.984,88.91,Alibag,Raigad,Maharashtra
1287,"Government Medical College, Satara",Government,Teaching Hospital,500,Gynecology,62,Female,No,Satara,8.46,4.3,83.6,65,95,5,70865,Yes,Yes,4.6,0.616,79.85,Satara,Satara,Maharashtra
1288,"District Hospital, Satara",Government,General Hospital,250,Gastroenterology,83,Male,No,Satara,2.0,4.3,87.6,57,86,95,13066,Yes,Yes,3.6,0.822,80.59,Satara,Satara,Maharashtra
1289,"Government Medical College, Miraj",Government,Teaching Hospital,750,General Medicine,6,Male,No,Miraj,2.36,4.6,88.3,70,94,38,50040,Yes,Yes,4.1,0.832,87.09,Miraj,Sangli,Maharashtra
1290,Padmabhushan Vasantdada Patil General Hospital,Government,General Hospital,500,Orthopedics,35,Male,No,Sangli,1.85,3.8,88.4,56,69,37,91108,Yes,Yes,3.6,0.903,83.74,Sangli,Sangli,Maharashtra
1291,"Government Medical College, Ambarnath",Government,Teaching Hospital,500,Ophthalmology,85,Female,No,Ambarnath,4.84,4.6,90.5,43,25,36,43223,Yes,Yes,4.4,0.74,79.13,Ambarnath,Thane,Maharashtra
1292,"Government Medical College and Hospital, Ambarnath",Government,Teaching Hospital,Teaching Hospital,Cardiology,3,Female,No,Ambarnath,7.53,4.1,79.9,66,15,56,87045,Yes,Yes,4.3,0.757,74.26,Ambarnath,Thane,Maharashtra
1293,Sir JJ Hospital,Government,Teaching Hospital,1500,Dermatology,77,Female,No,Powai,2.56,3.9,87.2,80,91,63,29922,Yes,Yes,5.0,0.863,85.17,Mumbai,Mumbai City,Maharashtra
1294,"St. George's Hospital, Mumbai",Government,General Hospital,500,Ophthalmology,32,Female,No,Andheri,3.9,4.6,80.2,45,96,27,61069,Yes,Yes,3.7,0.903,83.96,Mumbai,Mumbai City,Maharashtra
1295,Gokuldas Tejpal Hospital,Government,General Hospital,500,Emergency Medicine,80,Male,Yes,Bandra,4.77,4.3,98.0,55,98,84,115365,No,Yes,3.7,0.921,80.97,Mumbai,Mumbai City,Maharashtra
1296,Cama and Albless Hospital,Government,Women & Children,367,Pulmonology,44,Male,Yes,Borivali,6.94,4.4,92.3,49,69,5,20324,Yes,Yes,4.7,0.823,86.16,Mumbai,Mumbai City,Maharashtra
1297,KEM Hospital,Government,Teaching Hospital,1800,Oncology,76,Female,No,Borivali,2.76,4.1,88.3,93,18,5,77250,Yes,No,4.1,0.706,74.67,Mumbai,Mumbai City,Maharashtra
1298,Seth GS Medical College and KEM Hospital,Government,Teaching Hospital,1800,Pediatrics,1,Male,No,Kurla,8.11,4.5,92.3,58,91,66,18459,Yes,Yes,4.6,0.998,86.41,Mumbai,Mumbai City,Maharashtra
1299,Tata Memorial Hospital,Trust,Oncology,700,Oncology,83,Male,No,Andheri,3.77,4.1,88.4,100,38,28,33819,Yes,Yes,4.0,0.676,80.09,Mumbai,Mumbai City,Maharashtra
1300,Kokilaben Dhirubhai Ambani Hospital,Private,Super Specialty,750,Ophthalmology,15,Male,No,Colaba,3.12,4.6,79.1,59,52,27,102957,Yes,Yes,3.4,0.77,77.22,Mumbai,Mumbai Suburban,Maharashtra
1301,Lilavati Hospital and Research Centre,Private,Multispecialty,323,Pediatrics,3,Female,No,Andheri,19.6,4.3,93.8,85,33,17,64600,Yes,Yes,3.5,0.694,75.08,Mumbai,Mumbai Suburban,Maharashtra
1302,Hinduja Hospital,Private,Multispecialty,400,Dermatology,76,Male,No,Borivali,3.95,4.2,80.8,58,52,43,91911,Yes,Yes,4.9,0.8,79.15,Mumbai,Mumbai City,Maharashtra
1303,Nanavati Max Super Speciality Hospital,Private,Super Specialty,350,Neurology,14,Male,No,Colaba,4.07,4.6,83.9,57,64,102,107338,No,Yes,4.4,0.927,76.54,Mumbai,Mumbai Suburban,Maharashtra
1304,Breach Candy Hospital Trust,Private,Multispecialty,200,Orthopedics,20,Female,No,Colaba,17.96,3.8,92.0,43,25,97,69556,Yes,Yes,4.2,0.84,70.13,Mumbai,Mumbai City,Maharashtra
1305,Asian Heart Institute,Private,Cardiac,250,Orthopedics,10,Male,Yes,Andheri,0.81,4.0,88.1,78,56,53,5000,Yes,Yes,5.0,0.883,86.56,Mumbai,Mumbai Suburban,Maharashtra
1306,Jaslok Hospital,Private,Multispecialty,343,Cardiology,33,Male,No,Bandra,0.77,4.1,87.3,99,73,40,10573,Yes,Yes,3.3,0.628,82.26,Mumbai,Mumbai City,Maharashtra
1307,Bombay Hospital & Medical Research Centre,Private,Multispecialty,725,Gastroenterology,38,Female,Yes,Borivali,2.73,4.3,98.0,50,48,52,120695,Yes,Yes,4.0,0.858,85.62,Mumbai,Mumbai City,Maharashtra
1308,P. D. Hinduja Hospital & Medical Research Centre,Private,Multispecialty,400,General Medicine,70,Male,No,Powai,4.59,4.2,88.5,50,45,52,34680,No,Yes,4.5,0.71,76.69,Mumbai,Mumbai City,Maharashtra
1309,B. J. Government Medical College and Sassoon General Hospital,Government,Teaching Hospital,1500,Ophthalmology,74,Female,Yes,Wakad,3.44,3.8,80.1,85,74,34,20480,No,Yes,4.4,0.916,84.11,Pune,Pune,Maharashtra
1310,Deenanath Mangeshkar Hospital and Research Center,Private,Multispecialty,900,Pediatrics,82,Female,Yes,Kharadi,0.75,4.6,91.6,52,63,71,68551,Yes,Yes,4.3,0.889,83.08,Pune,Pune,Maharashtra
1311,Ruby Hall Clinic,Private,Multispecialty,700,Emergency Medicine,53,Male,No,Baner,0.5,3.8,92.1,62,13,15,39991,No,Yes,4.4,0.898,78.92,Pune,Pune,Maharashtra
1312,Jehangir Hospital,Private,Multispecialty,350,Pediatrics,14,Male,Yes,Wakad,9.61,4.4,79.9,73,76,16,46078,No,Yes,5.0,0.628,77.0,Pune,Pune,Maharashtra
1313,Noble Hospitals & Research Centre,Private,Multispecialty,250,ENT,3,Female,No,Baner,1.69,3.5,87.3,77,64,44,88099,No,Yes,3.5,0.772,71.48,Pune,Pune,Maharashtra
1314,Sahyadri Super Speciality Hospital,Private,Super Specialty,350,Pediatrics,31,Male,No,Hadapsar,3.41,4.7,90.8,72,90,71,85174,No,Yes,3.7,0.791,81.2,Pune,Pune,Maharashtra
1315,Aditya Birla Memorial Hospital,Private,Multispecialty,500,General Medicine,60,Male,No,Shivajinagar,6.97,5.0,93.3,80,27,53,62640,Yes,Yes,4.0,1.0,84.19,Pune,Pune,Maharashtra
1316,"Manipal Hospital, Kharadi",Private,Multispecialty,300,Gastroenterology,37,Female,No,Baner,0.81,4.3,92.3,66,78,43,29833,Yes,Yes,4.0,0.785,85.23,Pune,Pune,Maharashtra
1317,"Columbia Asia Hospital, Pune",Private,Multispecialty,100,General Surgery,68,Male,Yes,Hadapsar,5.3,4.3,82.5,72,74,50,110204,Yes,Yes,3.6,0.805,82.22,Pune,Pune,Maharashtra
1318,Armed Forces Medical College and Command Hospital,Government,Teaching Hospital,1200,General Surgery,74,Male,No,Kothrud,7.62,4.9,93.0,60,21,15,52601,Yes,Yes,3.5,0.728,73.98,Pune,Pune,Maharashtra
1319,"Government Medical College and Hospital, Nashik",Government,Teaching Hospital,1000,Cardiology,28,Male,Yes,Nashik Road,11.2,4.4,87.0,42,95,38,97641,Yes,Yes,4.2,1.0,82.6,Nashik,Nashik,Maharashtra
1320,"Civil Hospital, Nashik",Government,General Hospital,500,Ophthalmology,34,Female,Yes,Panchavati,2.76,4.0,85.5,64,48,72,100296,Yes,Yes,4.2,0.908,82.61,Nashik,Nashik,Maharashtra
1321,"Wockhardt Hospitals, Nashik",Private,Super Specialty,200,Emergency Medicine,2,Female,No,Indira Nagar,2.62,4.0,80.8,58,93,74,59754,Yes,No,4.4,0.731,78.51,Nashik,Nashik,Maharashtra
1322,"Apollo Hospitals, Nashik",Private,Multispecialty,200,Pediatrics,63,Female,No,Gangapur Road,2.15,4.5,87.8,69,94,81,88350,Yes,Yes,4.6,0.749,85.9,Nashik,Nashik,Maharashtra
1323,Six Sigma Medicare & Research Institute,Private,Multispecialty,150,Gynecology,26,Male,No,Gangapur Road,12.49,4.1,76.1,99,48,46,55012,Yes,Yes,4.6,0.885,78.09,Nashik,Nashik,Maharashtra
1324,"Government Medical College and Hospital, Chhatrapati Sambhajinagar",Government,Teaching Hospital,1200,Neurology,28,Male,Yes,Beed Bypass,3.65,3.9,92.2,93,46,34,35772,Yes,Yes,4.3,0.824,85.08,Chhatrapati Sambhajinagar,Chhatrapati Sambhajinagar,Maharashtra
1325,"Government Superspecialty Hospital, Chhatrapati Sambhajinagar",Government,Super Specialty,500,Oncology,60,Male,No,Jalna Road,0.74,4.3,88.9,56,95,42,108509,Yes,Yes,4.6,0.867,82.61,Chhatrapati Sambhajinagar,Chhatrapati Sambhajinagar,Maharashtra
1326,"Cancer Hospital, Chhatrapati Sambhajinagar",Government/Trust,Oncology,300,Gastroenterology,8,Female,Yes,Beed Bypass,1.97,4.6,98.0,54,28,47,35715,Yes,Yes,3.9,0.84,84.9,Chhatrapati Sambhajinagar,Chhatrapati Sambhajinagar,Maharashtra
1327,Kamalnayan Bajaj Hospital,Private,Multispecialty,200,General Surgery,77,Female,No,Garkheda,1.24,4.4,95.1,61,46,71,114766,Yes,Yes,3.9,0.676,80.45,Chhatrapati Sambhajinagar,Chhatrapati Sambhajinagar,Maharashtra
1328,"MGM Hospital, Chhatrapati Sambhajinagar",Private/Trust,Teaching Hospital,750,Orthopedics,31,Male,No,Jalna Road,3.54,4.7,84.9,71,100,59,66284,No,Yes,4.6,0.631,77.94,Chhatrapati Sambhajinagar,Chhatrapati Sambhajinagar,Maharashtra
1329,Dr. Shankarrao Chavan Government Medical College and Hospital,Government,Teaching Hospital,500,General Medicine,11,Male,No,Vazirabad,21.56,4.3,83.0,50,25,30,103713,Yes,Yes,3.9,0.752,68.11,Nanded,Nanded,Maharashtra
1330,"District Hospital, Nanded",Government,General Hospital,300,Oncology,15,Female,No,Taroda,5.2,4.5,78.0,78,42,84,109196,Yes,Yes,4.3,0.779,77.45,Nanded,Nanded,Maharashtra
1331,"MGM Hospital, Nanded",Private/Trust,Multispecialty,250,General Surgery,2,Male,No,CIDCO,6.9,4.6,87.4,88,43,80,66820,Yes,Yes,3.9,0.886,81.57,Nanded,Nanded,Maharashtra
1332,Shri Guru Gobind Singhji Memorial Hospital,Government,General Hospital,300,Neurology,76,Female,No,Taroda,2.12,3.9,89.4,77,18,50,61262,Yes,Yes,3.8,0.709,75.42,Nanded,Nanded,Maharashtra
1333,Vilasrao Deshmukh Government Medical College and Hospital,Government,Teaching Hospital,500,Pulmonology,36,Male,Yes,Ausa Road,11.59,4.3,72.6,92,64,34,78560,Yes,Yes,4.3,0.807,76.91,Latur,Latur,Maharashtra
1334,"Government Superspecialty Hospital, Latur",Government,Super Specialty,300,Ophthalmology,18,Male,No,Ausa Road,9.17,4.1,86.9,100,86,45,34158,Yes,Yes,4.7,0.809,83.34,Latur,Latur,Maharashtra
1335,"District Hospital, Latur",Government,General Hospital,250,Emergency Medicine,62,Male,Yes,Shivaji Chowk,0.92,3.7,89.2,97,80,52,75645,Yes,Yes,4.1,0.624,81.59,Latur,Latur,Maharashtra
1336,MIMSR Medical College and Latur Hospital,Private/Trust,Teaching Hospital,700,General Surgery,17,Male,No,Ganj Golai,3.39,4.3,85.6,75,76,120,89055,Yes,Yes,4.1,0.792,79.64,Latur,Latur,Maharashtra
1337,Rajashree Chhatrapati Shahu Maharaj Government Medical College and CPR Hospital,Government,Teaching Hospital,1000,Neurology,32,Female,No,Rajarampuri,6.41,4.6,86.1,60,96,57,38953,Yes,Yes,4.1,0.626,81.77,Kolhapur,Kolhapur,Maharashtra
1338,D. Y. Patil Hospital and Research Institute,Private/Trust,Teaching Hospital,750,Ophthalmology,17,Male,No,Tarabai Park,9.02,3.9,84.6,93,89,25,41475,Yes,Yes,3.2,0.659,79.24,Kolhapur,Kolhapur,Maharashtra
1339,Aster Aadhar Hospital,Private,Multispecialty,250,Pediatrics,19,Male,No,Udyam Nagar,8.46,3.2,88.2,97,87,82,62247,No,Yes,3.5,0.704,75.91,Kolhapur,Kolhapur,Maharashtra
1340,Dr. Vaishampayan Memorial Government Medical College and Chhatrapati Shivaji Maharaj General Hospital,Government,Teaching Hospital,900,Nephrology,38,Female,No,Jule Solapur,2.31,4.9,85.7,62,14,5,40603,No,Yes,4.1,0.815,79.36,Solapur,Solapur,Maharashtra
1341,Ashwini Sahakari Rugnalaya,Private/Trust,Multispecialty,300,Orthopedics,77,Female,No,Sadar Bazar,9.04,3.8,80.7,69,17,35,60712,Yes,Yes,3.7,0.685,73.68,Solapur,Solapur,Maharashtra
1342,Yashodhara Super Speciality Hospital,Private,Super Specialty,200,General Medicine,57,Female,Yes,Hotgi Road,1.92,4.4,82.8,92,11,78,15245,Yes,No,3.7,0.824,73.03,Solapur,Solapur,Maharashtra
1343,"Government Medical College, Amravati",Government,Teaching Hospital,500,General Surgery,74,Female,No,Amravati,2.29,5.0,79.0,67,82,9,51238,Yes,Yes,4.7,0.783,85.89,Amravati,Amravati,Maharashtra
1344,"District Women Hospital, Amravati",Government,Women & Children,250,Cardiology,21,Female,No,Amravati,3.37,4.0,87.6,57,47,5,63564,Yes,Yes,3.6,0.851,82.47,Amravati,Amravati,Maharashtra
1345,Dr. Panjabrao Deshmukh Memorial Medical College,Private/Trust,Teaching Hospital,500,ENT,3,Female,No,Amravati,5.06,4.4,81.7,99,66,117,13003,Yes,Yes,4.5,0.755,83.17,Amravati,Amravati,Maharashtra
1346,"Government Medical College and Hospital, Akola",Government,Teaching Hospital,500,Gynecology,53,Female,No,Akola,3.76,4.3,92.0,79,82,86,37506,Yes,Yes,4.7,0.929,84.57,Akola,Akola,Maharashtra
1347,"Government Medical College and Super Speciality Hospital, Akola",Government,Super Specialty,300,Gynecology,49,Female,No,Akola,1.58,4.3,85.5,96,28,72,74719,Yes,Yes,3.9,0.632,74.52,Akola,Akola,Maharashtra
1348,"District Hospital, Akola",Government,General Hospital,250,Oncology,48,Other,No,Akola,6.98,4.4,88.2,95,67,60,47913,Yes,No,4.2,1.0,83.23,Akola,Akola,Maharashtra
1349,Shri Vasantrao Naik Government Medical College and Hospital,Government,Teaching Hospital,1000,Nephrology,19,Female,Yes,Yavatmal,3.67,4.9,89.7,94,96,58,52015,Yes,Yes,4.2,1.0,94.78,Yavatmal,Yavatmal,Maharashtra
1350,"Government Superspecialty Hospital, Yavatmal",Government,Super Specialty,300,Gynecology,79,Female,Yes,Yavatmal,2.77,4.3,80.2,46,64,57,45554,Yes,Yes,4.0,0.82,79.6,Yavatmal,Yavatmal,Maharashtra
1351,"Government Medical College, Chandrapur",Government,Teaching Hospital,500,Neurology,47,Female,No,Chandrapur,8.35,3.9,89.1,69,46,5,101348,Yes,Yes,4.6,0.791,78.08,Chandrapur,Chandrapur,Maharashtra
1352,"District Hospital, Chandrapur",Government,General Hospital,250,Neurology,58,Female,No,Chandrapur,3.6,4.1,85.1,45,71,65,22535,Yes,Yes,3.9,0.756,80.17,Chandrapur,Chandrapur,Maharashtra
1353,"Government Medical College, Bhandara",Government,Teaching Hospital,500,Nephrology,10,Female,No,Bhandara,8.51,4.2,84.4,67,23,30,84294,Yes,Yes,4.5,0.779,75.8,Bhandara,Bhandara,Maharashtra
1354,"District General Hospital, Bhandara",Government,General Hospital,250,General Surgery,34,Female,No,Bhandara,8.93,4.1,94.3,64,35,5,73761,Yes,Yes,4.2,0.755,77.68,Bhandara,Bhandara,Maharashtra
1355,"Government Medical College, Gondia",Government,Teaching Hospital,500,Ophthalmology,81,Female,Yes,Gondia,3.81,4.5,84.5,45,47,39,55448,Yes,No,3.7,0.663,77.06,Gondia,Gondia,Maharashtra
1356,"District Hospital, Gondia",Government,General Hospital,250,Pulmonology,58,Male,No,Gondia,1.65,3.6,88.7,49,86,26,5434,Yes,Yes,4.0,0.662,82.05,Gondia,Gondia,Maharashtra
1357,"Government Medical College, Wardha",Government,Teaching Hospital,500,Dermatology,8,Female,No,Wardha,1.47,4.5,80.5,65,56,60,56197,Yes,Yes,4.3,1.0,81.49,Wardha,Wardha,Maharashtra
1358,Acharya Vinoba Bhave Rural Hospital,Private/Trust,Teaching Hospital,1000,ENT,45,Female,No,Wardha,4.02,3.6,85.4,92,52,25,73743,Yes,Yes,3.7,0.849,80.99,Wardha,Wardha,Maharashtra
1359,"Government Medical College, Jalgaon",Government,Teaching Hospital,500,Gynecology,7,Male,No,Jalgaon,6.55,4.0,76.4,70,61,16,66152,Yes,Yes,4.8,0.785,82.82,Jalgaon,Jalgaon,Maharashtra
1360,"Government Medical College and Hospital, Dhule",Government,Teaching Hospital,500,Dermatology,60,Female,No,Dhule,4.88,4.5,98.0,69,66,70,23830,Yes,Yes,4.5,0.992,90.66,Dhule,Dhule,Maharashtra
1361,"District Hospital, Nandurbar",Government,General Hospital,250,Nephrology,5,Female,No,Nandurbar,7.01,5.0,85.6,97,76,17,32327,No,Yes,4.0,0.791,82.99,Nandurbar,Nandurbar,Maharashtra
1362,"Government Medical College, Nandurbar",Government,Teaching Hospital,500,Oncology,74,Male,No,Nandurbar,2.57,3.9,82.7,66,39,29,74763,Yes,Yes,4.0,0.882,78.38,Nandurbar,Nandurbar,Maharashtra
1363,"Government Medical College, Parbhani",Government,Teaching Hospital,500,Pulmonology,32,Other,No,Parbhani,2.64,5.0,96.9,44,46,43,15712,Yes,Yes,4.2,0.878,82.73,Parbhani,Parbhani,Maharashtra
1364,"District Hospital, Parbhani",Government,General Hospital,250,Oncology,14,Male,No,Parbhani,3.19,4.5,84.8,78,96,100,59254,Yes,Yes,3.5,0.928,82.77,Parbhani,Parbhani,Maharashtra
1365,"Government Medical College, Jalna",Government,Teaching Hospital,500,Nephrology,49,Female,No,Jalna,6.48,4.7,80.2,82,77,34,79247,Yes,Yes,3.7,0.888,84.95,Jalna,Jalna,Maharashtra
1366,"District Women Hospital, Jalna",Government,Women & Children,250,Ophthalmology,77,Female,No,Jalna,4.18,4.5,94.0,74,49,73,39774,No,Yes,4.5,1.0,81.37,Jalna,Jalna,Maharashtra
1367,SRTR Medical College and Government Hospital,Government,Teaching Hospital,750,Pediatrics,71,Female,No,Ambajogai,13.48,4.3,74.4,98,76,102,34131,Yes,Yes,3.3,0.792,78.87,Ambajogai,Beed,Maharashtra
1368,"Government Medical College, Dharashiv",Government,Teaching Hospital,500,Oncology,22,Female,No,Dharashiv,2.33,3.5,89.5,88,22,71,32188,Yes,Yes,4.2,0.942,80.93,Dharashiv,Dharashiv,Maharashtra
1369,"District Hospital, Dharashiv",Government,General Hospital,250,ENT,65,Male,No,Dharashiv,3.23,4.5,93.8,85,47,36,69381,No,Yes,4.1,0.857,81.53,Dharashiv,Dharashiv,Maharashtra
1370,"Government Medical College, Ratnagiri",Government,Teaching Hospital,500,Gynecology,26,Female,No,Ratnagiri,7.3,4.1,94.4,63,23,58,32877,No,No,4.2,0.765,71.3,Ratnagiri,Ratnagiri,Maharashtra
1371,"Government Medical College, Sindhudurg",Government,Teaching Hospital,500,Emergency Medicine,13,Female,No,Sindhudurg,3.63,4.7,86.3,82,22,113,22780,No,Yes,4.0,0.705,75.73,Sindhudurg,Sindhudurg,Maharashtra
1372,"District Hospital, Sindhudurg",Government,General Hospital,250,Neurology,58,Male,Yes,Sindhudurg,2.13,3.9,95.0,100,17,55,22686,Yes,Yes,3.8,0.707,77.75,Sindhudurg,Sindhudurg,Maharashtra
1373,"Government Medical College, Alibag",Government,Teaching Hospital,500,Nephrology,53,Male,No,Alibag,9.26,3.7,84.6,91,77,5,29607,No,No,4.3,0.798,77.66,Alibag,Raigad,Maharashtra
1374,"District Hospital, Alibag",Government,General Hospital,250,Ophthalmology,17,Male,No,Alibag,2.8,4.2,96.6,54,61,54,6913,No,Yes,4.5,0.624,79.61,Alibag,Raigad,Maharashtra
1375,"Government Medical College, Satara",Government,Teaching Hospital,500,Gynecology,68,Female,No,Satara,13.64,4.0,97.7,68,29,22,23205,Yes,Yes,4.5,0.78,78.84,Satara,Satara,Maharashtra
1376,"District Hospital, Satara",Government,General Hospital,250,General Surgery,7,Female,No,Satara,3.99,4.5,85.5,89,46,93,31939,Yes,Yes,4.1,0.835,86.55,Satara,Satara,Maharashtra
1377,"Government Medical College, Miraj",Government,Teaching Hospital,750,General Surgery,62,Male,No,Miraj,2.13,4.2,80.1,94,85,53,97513,Yes,Yes,3.8,0.66,80.1,Miraj,Sangli,Maharashtra
1378,Padmabhushan Vasantdada Patil General Hospital,Government,General Hospital,500,ENT,16,Female,No,Sangli,5.37,4.8,98.0,45,20,5,50250,No,Yes,4.2,0.877,76.31,Sangli,Sangli,Maharashtra
1379,"Government Medical College, Ambarnath",Government,Teaching Hospital,500,Ophthalmology,40,Female,No,Ambarnath,1.89,3.7,95.7,50,89,74,44927,Yes,Yes,4.5,0.774,80.54,Ambarnath,Thane,Maharashtra
1380,"Government Medical College and Hospital, Ambarnath",Government,Teaching Hospital,Teaching Hospital,Gastroenterology,61,Female,No,Ambarnath,10.94,4.0,84.3,49,100,51,94019,Yes,Yes,4.9,0.774,76.23,Ambarnath,Thane,Maharashtra
1381,Sir JJ Hospital,Government,Teaching Hospital,1500,ENT,79,Female,No,Andheri,10.89,4.5,82.9,41,88,102,33454,No,Yes,3.9,0.579,68.78,Mumbai,Mumbai City,Maharashtra
1382,"St. George's Hospital, Mumbai",Government,General Hospital,500,General Surgery,5,Male,No,Bandra,27.4,4.0,95.0,41,22,13,5000,Yes,Yes,3.4,0.918,74.45,Mumbai,Mumbai City,Maharashtra
1383,Gokuldas Tejpal Hospital,Government,General Hospital,500,Ophthalmology,81,Male,No,Borivali,1.42,4.7,81.2,62,67,36,70024,Yes,Yes,3.7,0.907,85.53,Mumbai,Mumbai City,Maharashtra
1384,Cama and Albless Hospital,Government,Women & Children,367,Dermatology,66,Male,No,Dadar,1.14,4.4,85.5,85,89,22,39252,Yes,Yes,4.5,0.975,90.73,Mumbai,Mumbai City,Maharashtra
1385,KEM Hospital,Government,Teaching Hospital,1800,Oncology,75,Male,No,Powai,6.14,3.9,87.8,79,20,70,66963,Yes,Yes,4.3,0.89,80.91,Mumbai,Mumbai City,Maharashtra
1386,Seth GS Medical College and KEM Hospital,Government,Teaching Hospital,1800,Orthopedics,28,Female,No,Dadar,13.38,3.8,84.0,47,27,50,56042,Yes,Yes,4.5,0.775,73.05,Mumbai,Mumbai City,Maharashtra
1387,Tata Memorial Hospital,Trust,Oncology,700,Gastroenterology,1,Female,Yes,Andheri,6.0,4.5,86.3,43,43,46,72157,No,Yes,4.6,0.858,72.65,Mumbai,Mumbai City,Maharashtra
1388,Kokilaben Dhirubhai Ambani Hospital,Private,Super Specialty,750,Oncology,47,Female,No,Dadar,1.43,4.6,90.5,45,42,47,74770,No,Yes,3.8,0.857,77.66,Mumbai,Mumbai Suburban,Maharashtra
1389,Lilavati Hospital and Research Centre,Private,Multispecialty,323,Nephrology,83,Female,No,Bandra,5.82,3.8,76.2,49,56,94,40233,Yes,Yes,4.6,0.969,77.14,Mumbai,Mumbai Suburban,Maharashtra
1390,Hinduja Hospital,Private,Multispecialty,400,ENT,16,Male,Yes,Andheri,3.36,4.0,77.3,53,75,69,23116,Yes,Yes,4.0,0.762,79.72,Mumbai,Mumbai City,Maharashtra
1391,Nanavati Max Super Speciality Hospital,Private,Super Specialty,350,Pulmonology,83,Male,No,Powai,8.22,3.5,81.5,84,75,126,83634,Yes,Yes,3.9,0.83,77.79,Mumbai,Mumbai Suburban,Maharashtra
1392,Breach Candy Hospital Trust,Private,Multispecialty,200,Pediatrics,8,Male,No,Andheri,2.58,4.5,87.4,87,97,102,9713,Yes,Yes,3.8,0.871,87.15,Mumbai,Mumbai City,Maharashtra
1393,Asian Heart Institute,Private,Cardiac,250,Pediatrics,80,Male,No,Bandra,20.92,4.3,83.2,45,76,47,43766,Yes,Yes,5.0,0.816,76.03,Mumbai,Mumbai Suburban,Maharashtra
1394,Jaslok Hospital,Private,Multispecialty,343,Cardiology,74,Male,Yes,Kurla,17.83,4.1,93.3,65,54,23,127932,Yes,Yes,3.6,0.748,71.99,Mumbai,Mumbai City,Maharashtra
1395,Bombay Hospital & Medical Research Centre,Private,Multispecialty,725,Cardiology,41,Male,No,Bandra,4.35,4.5,94.7,41,58,58,26779,Yes,Yes,4.8,0.608,78.35,Mumbai,Mumbai City,Maharashtra
1396,P. D. Hinduja Hospital & Medical Research Centre,Private,Multispecialty,400,Pulmonology,7,Female,Yes,Dadar,5.19,4.9,94.3,97,70,54,44974,Yes,Yes,3.8,0.716,83.41,Mumbai,Mumbai City,Maharashtra
1397,B. J. Government Medical College and Sassoon General Hospital,Government,Teaching Hospital,1500,General Medicine,43,Female,No,Wakad,5.79,4.5,89.0,65,76,79,42857,Yes,Yes,4.5,0.61,78.75,Pune,Pune,Maharashtra
1398,Deenanath Mangeshkar Hospital and Research Center,Private,Multispecialty,900,Pulmonology,10,Male,No,Kharadi,4.85,4.0,89.7,89,21,61,97422,Yes,Yes,4.8,0.743,80.28,Pune,Pune,Maharashtra
1399,Ruby Hall Clinic,Private,Multispecialty,700,Pulmonology,54,Male,Yes,Wakad,11.58,4.7,93.3,60,63,22,79600,Yes,Yes,3.9,0.891,83.47,Pune,Pune,Maharashtra
1400,Jehangir Hospital,Private,Multispecialty,350,Gastroenterology,77,Female,No,Hadapsar,5.19,4.3,90.2,95,71,19,5000,Yes,Yes,3.7,0.716,86.1,Pune,Pune,Maharashtra
1401,Noble Hospitals & Research Centre,Private,Multispecialty,250,Nephrology,77,Male,No,Kharadi,11.28,3.6,87.2,58,58,34,61629,Yes,Yes,4.6,0.856,77.12,Pune,Pune,Maharashtra
1402,Sahyadri Super Speciality Hospital,Private,Super Specialty,350,General Medicine,25,Female,No,Kharadi,3.24,4.2,91.7,83,61,99,6379,Yes,No,4.5,0.875,82.28,Pune,Pune,Maharashtra
1403,Aditya Birla Memorial Hospital,Private,Multispecialty,500,Gastroenterology,46,Female,No,Hadapsar,1.21,4.6,76.3,82,29,5,89618,Yes,Yes,4.5,0.618,78.0,Pune,Pune,Maharashtra
1404,"Manipal Hospital, Kharadi",Private,Multispecialty,300,Dermatology,68,Female,No,Hadapsar,7.1,4.5,88.0,66,11,12,41625,Yes,Yes,4.5,0.84,82.98,Pune,Pune,Maharashtra
1405,"Columbia Asia Hospital, Pune",Private,Multispecialty,100,Dermatology,6,Female,No,Kothrud,3.57,4.3,97.2,72,15,34,104333,Yes,Yes,5.0,0.741,79.17,Pune,Pune,Maharashtra
1406,Armed Forces Medical College and Command Hospital,Government,Teaching Hospital,1200,Pediatrics,81,Male,No,Baner,2.4,4.0,72.4,82,65,34,42589,No,Yes,4.6,0.819,77.14,Pune,Pune,Maharashtra
1407,"Government Medical College and Hospital, Nashik",Government,Teaching Hospital,1000,General Medicine,22,Female,Yes,College Road,4.25,3.7,93.7,82,33,74,55965,No,Yes,4.6,0.719,73.34,Nashik,Nashik,Maharashtra
1408,"Civil Hospital, Nashik",Government,General Hospital,500,Gastroenterology,70,Male,No,Nashik Road,3.87,4.1,84.9,46,49,5,62652,No,Yes,4.6,0.703,75.12,Nashik,Nashik,Maharashtra
1409,"Wockhardt Hospitals, Nashik",Private,Super Specialty,200,Pulmonology,56,Male,No,Nashik Road,4.47,5.0,85.7,89,13,40,139098,Yes,Yes,4.3,0.827,80.72,Nashik,Nashik,Maharashtra
1410,"Apollo Hospitals, Nashik",Private,Multispecialty,200,Orthopedics,32,Female,No,Gangapur Road,4.07,3.9,85.5,66,70,5,64705,No,Yes,4.1,0.835,76.77,Nashik,Nashik,Maharashtra
1411,Six Sigma Medicare & Research Institute,Private,Multispecialty,150,Pediatrics,14,Male,Yes,Gangapur Road,3.05,3.8,98.0,74,59,63,99210,Yes,No,3.6,0.969,82.43,Nashik,Nashik,Maharashtra
1412,"Government Medical College and Hospital, Chhatrapati Sambhajinagar",Government,Teaching Hospital,1200,Pediatrics,12,Female,Yes,Jalna Road,14.87,4.5,84.1,87,96,12,37998,Yes,Yes,4.1,0.77,84.95,Chhatrapati Sambhajinagar,Chhatrapati Sambhajinagar,Maharashtra
1413,"Government Superspecialty Hospital, Chhatrapati Sambhajinagar",Government,Super Specialty,500,Cardiology,51,Male,Yes,Beed Bypass,7.99,4.1,82.0,49,28,54,47931,Yes,Yes,4.5,0.828,76.4,Chhatrapati Sambhajinagar,Chhatrapati Sambhajinagar,Maharashtra
1414,"Cancer Hospital, Chhatrapati Sambhajinagar",Government/Trust,Oncology,300,Dermatology,71,Female,No,Garkheda,10.0,4.8,92.7,78,44,83,46257,Yes,Yes,4.3,0.608,80.4,Chhatrapati Sambhajinagar,Chhatrapati Sambhajinagar,Maharashtra
1415,Kamalnayan Bajaj Hospital,Private,Multispecialty,200,Gastroenterology,64,Female,No,Jalna Road,11.29,4.3,93.4,50,44,46,47603,Yes,Yes,4.7,0.587,70.97,Chhatrapati Sambhajinagar,Chhatrapati Sambhajinagar,Maharashtra
1416,"MGM Hospital, Chhatrapati Sambhajinagar",Private/Trust,Teaching Hospital,750,Dermatology,68,Male,No,Garkheda,3.36,4.6,94.3,77,59,59,64588,Yes,No,4.4,0.814,81.75,Chhatrapati Sambhajinagar,Chhatrapati Sambhajinagar,Maharashtra
1417,Dr. Shankarrao Chavan Government Medical College and Hospital,Government,Teaching Hospital,500,Nephrology,11,Male,No,Vazirabad,2.82,4.3,86.9,73,67,72,111574,Yes,Yes,4.2,0.991,81.54,Nanded,Nanded,Maharashtra
1418,"District Hospital, Nanded",Government,General Hospital,300,Pulmonology,76,Female,Yes,Shivaji Nagar,1.81,4.6,89.1,44,50,65,42060,No,Yes,3.7,0.627,75.86,Nanded,Nanded,Maharashtra
1419,"MGM Hospital, Nanded",Private/Trust,Multispecialty,250,Gastroenterology,5,Female,No,Taroda,9.85,4.4,82.0,99,54,63,64736,Yes,Yes,4.5,0.801,81.56,Nanded,Nanded,Maharashtra
1420,Shri Guru Gobind Singhji Memorial Hospital,Government,General Hospital,300,Oncology,18,Male,No,Vazirabad,7.55,3.9,80.3,77,60,43,27289,Yes,Yes,3.9,0.628,81.84,Nanded,Nanded,Maharashtra
1421,Vilasrao Deshmukh Government Medical College and Hospital,Government,Teaching Hospital,500,Emergency Medicine,48,Male,Yes,Ganj Golai,9.8,4.9,86.5,67,78,37,78452,No,Yes,4.5,0.678,75.97,Latur,Latur,Maharashtra
1422,"Government Superspecialty Hospital, Latur",Government,Super Specialty,300,Gynecology,84,Male,No,Ausa Road,3.83,3.8,87.1,43,45,57,98694,Yes,Yes,4.0,0.668,74.22,Latur,Latur,Maharashtra
1423,"District Hospital, Latur",Government,General Hospital,250,General Medicine,11,Male,No,Ausa Road,6.54,4.5,98.0,69,52,52,73601,Yes,Yes,4.5,0.582,75.09,Latur,Latur,Maharashtra
1424,MIMSR Medical College and Latur Hospital,Private/Trust,Teaching Hospital,700,Orthopedics,48,Male,No,Barshi Road,19.99,4.1,88.6,81,46,5,32990,Yes,Yes,4.3,0.926,84.57,Latur,Latur,Maharashtra
1425,Rajashree Chhatrapati Shahu Maharaj Government Medical College and CPR Hospital,Government,Teaching Hospital,1000,Cardiology,4,Male,No,Shahupuri,10.38,4.1,96.9,68,58,102,66709,Yes,Yes,4.9,0.931,80.26,Kolhapur,Kolhapur,Maharashtra
1426,D. Y. Patil Hospital and Research Institute,Private/Trust,Teaching Hospital,750,Pediatrics,73,Female,No,Udyam Nagar,3.52,4.7,93.6,78,77,20,12102,Yes,Yes,4.0,0.84,91.42,Kolhapur,Kolhapur,Maharashtra
1427,Aster Aadhar Hospital,Private,Multispecialty,250,Gynecology,85,Male,No,Shahupuri,3.15,4.1,79.5,73,83,105,38932,Yes,Yes,4.4,0.868,86.34,Kolhapur,Kolhapur,Maharashtra
1428,Dr. Vaishampayan Memorial Government Medical College and Chhatrapati Shivaji Maharaj General Hospital,Government,Teaching Hospital,900,Dermatology,62,Male,No,Akkalkot Road,5.81,4.1,74.5,58,71,22,32433,Yes,Yes,3.5,0.799,78.14,Solapur,Solapur,Maharashtra
1429,Ashwini Sahakari Rugnalaya,Private/Trust,Multispecialty,300,Pediatrics,44,Female,No,Akkalkot Road,13.0,3.3,77.9,79,16,51,110138,No,No,4.5,0.7,61.52,Solapur,Solapur,Maharashtra
1430,Yashodhara Super Speciality Hospital,Private,Super Specialty,200,Gynecology,39,Female,No,Akkalkot Road,7.28,4.3,95.6,67,53,8,56977,Yes,Yes,4.4,0.757,78.8,Solapur,Solapur,Maharashtra
1431,"Government Medical College, Amravati",Government,Teaching Hospital,500,ENT,38,Female,No,Amravati,2.48,4.4,88.4,44,28,43,93146,No,Yes,4.3,0.86,73.32,Amravati,Amravati,Maharashtra
1432,"District Women Hospital, Amravati",Government,Women & Children,250,ENT,66,Female,No,Amravati,10.27,4.1,78.1,46,19,56,81303,No,Yes,4.4,0.61,67.2,Amravati,Amravati,Maharashtra
1433,Dr. Panjabrao Deshmukh Memorial Medical College,Private/Trust,Teaching Hospital,500,General Medicine,56,Other,No,Amravati,15.48,3.8,81.0,66,74,40,108946,Yes,Yes,4.6,0.738,77.77,Amravati,Amravati,Maharashtra
1434,"Government Medical College and Hospital, Akola",Government,Teaching Hospital,500,ENT,47,Male,No,Akola,5.95,3.8,88.8,47,81,112,28765,Yes,Yes,3.4,0.735,76.02,Akola,Akola,Maharashtra
1435,"Government Medical College and Super Speciality Hospital, Akola",Government,Super Specialty,300,Pulmonology,47,Male,No,Akola,4.5,5.0,98.0,56,26,108,69562,No,Yes,4.3,0.826,76.61,Akola,Akola,Maharashtra
1436,"District Hospital, Akola",Government,General Hospital,250,Pediatrics,66,Female,No,Akola,2.64,4.3,83.3,81,15,56,69178,Yes,Yes,3.8,0.785,77.5,Akola,Akola,Maharashtra
1437,Shri Vasantrao Naik Government Medical College and Hospital,Government,Teaching Hospital,1000,Emergency Medicine,61,Male,No,Yavatmal,9.65,4.0,93.8,53,53,52,55022,Yes,Yes,2.8,0.78,75.89,Yavatmal,Yavatmal,Maharashtra
1438,"Government Superspecialty Hospital, Yavatmal",Government,Super Specialty,300,Neurology,33,Female,No,Yavatmal,1.6,4.1,76.4,75,76,12,92503,No,Yes,4.6,0.707,76.76,Yavatmal,Yavatmal,Maharashtra
1439,"Government Medical College, Chandrapur",Government,Teaching Hospital,500,Ophthalmology,25,Female,No,Chandrapur,7.26,3.6,94.4,69,86,39,56937,Yes,Yes,3.9,0.779,83.15,Chandrapur,Chandrapur,Maharashtra
1440,"District Hospital, Chandrapur",Government,General Hospital,250,Orthopedics,36,Male,No,Chandrapur,2.16,4.5,78.6,65,93,87,80837,Yes,Yes,4.3,0.792,83.59,Chandrapur,Chandrapur,Maharashtra
1441,"Government Medical College, Bhandara",Government,Teaching Hospital,500,ENT,58,Female,No,Bhandara,1.67,4.2,85.4,77,80,30,18491,Yes,Yes,4.1,0.86,87.4,Bhandara,Bhandara,Maharashtra
1442,"District General Hospital, Bhandara",Government,General Hospital,250,Pediatrics,11,Female,Yes,Bhandara,3.45,4.5,96.5,70,26,21,66884,Yes,Yes,2.9,0.97,80.95,Bhandara,Bhandara,Maharashtra
1443,"Government Medical College, Gondia",Government,Teaching Hospital,500,Neurology,47,Female,No,Gondia,3.63,4.4,79.5,55,60,52,28881,Yes,Yes,4.6,0.821,78.99,Gondia,Gondia,Maharashtra
1444,"District Hospital, Gondia",Government,General Hospital,250,Pulmonology,69,Female,Yes,Gondia,3.99,4.7,81.3,90,89,49,107944,Yes,Yes,3.4,0.699,82.53,Gondia,Gondia,Maharashtra
1445,"Government Medical College, Wardha",Government,Teaching Hospital,500,Cardiology,42,Female,No,Wardha,13.29,3.9,88.0,62,94,64,72804,No,Yes,4.4,0.729,75.16,Wardha,Wardha,Maharashtra
1446,Acharya Vinoba Bhave Rural Hospital,Private/Trust,Teaching Hospital,1000,Pediatrics,81,Female,No,Wardha,7.69,4.7,94.9,71,52,31,91617,Yes,Yes,4.0,0.72,82.84,Wardha,Wardha,Maharashtra
1447,"Government Medical College, Jalgaon",Government,Teaching Hospital,500,Pediatrics,18,Male,No,Jalgaon,9.43,4.3,79.6,40,23,57,30360,No,Yes,4.3,0.844,71.43,Jalgaon,Jalgaon,Maharashtra
1448,"Government Medical College and Hospital, Dhule",Government,Teaching Hospital,500,Dermatology,25,Male,No,Dhule,7.87,3.9,98.0,48,92,32,32840,Yes,Yes,4.0,0.799,85.51,Dhule,Dhule,Maharashtra
1449,"District Hospital, Nandurbar",Government,General Hospital,250,Oncology,34,Male,Yes,Nandurbar,5.55,4.6,83.6,57,81,105,61340,Yes,No,4.8,0.711,74.73,Nandurbar,Nandurbar,Maharashtra
1450,"Government Medical College, Nandurbar",Government,Teaching Hospital,500,Oncology,6,Male,Yes,Nandurbar,5.97,3.6,98.0,61,57,37,79029,Yes,No,4.1,0.67,75.49,Nandurbar,Nandurbar,Maharashtra
1451,"Government Medical College, Parbhani",Government,Teaching Hospital,500,Gastroenterology,23,Male,No,Parbhani,18.16,4.7,78.2,85,54,111,82817,No,Yes,2.9,0.783,70.11,Parbhani,Parbhani,Maharashtra
1452,"District Hospital, Parbhani",Government,General Hospital,250,Gastroenterology,45,Male,No,Parbhani,9.33,4.3,71.5,40,52,58,47857,No,Yes,4.4,1.0,72.73,Parbhani,Parbhani,Maharashtra
1453,"Government Medical College, Jalna",Government,Teaching Hospital,500,Emergency Medicine,68,Female,No,Jalna,3.44,5.0,91.8,41,72,83,42598,Yes,Yes,4.2,0.746,80.91,Jalna,Jalna,Maharashtra
1454,"District Women Hospital, Jalna",Government,Women & Children,250,Orthopedics,57,Female,No,Jalna,4.71,5.0,96.9,48,48,82,73304,No,Yes,3.5,0.703,73.92,Jalna,Jalna,Maharashtra
1455,SRTR Medical College and Government Hospital,Government,Teaching Hospital,750,Dermatology,8,Female,No,Ambajogai,5.76,5.0,91.9,64,74,5,49880,Yes,Yes,4.9,0.838,81.14,Ambajogai,Beed,Maharashtra
1456,"Government Medical College, Dharashiv",Government,Teaching Hospital,500,Gastroenterology,50,Male,Yes,Dharashiv,2.88,4.3,86.1,40,51,67,5000,Yes,Yes,3.8,0.867,82.04,Dharashiv,Dharashiv,Maharashtra
1457,"District Hospital, Dharashiv",Government,General Hospital,250,General Surgery,26,Other,No,Dharashiv,2.93,4.9,98.0,51,33,50,45983,Yes,Yes,4.2,0.666,81.2,Dharashiv,Dharashiv,Maharashtra
1458,"Government Medical College, Ratnagiri",Government,Teaching Hospital,500,Orthopedics,62,Male,No,Ratnagiri,1.98,4.4,96.1,63,66,20,100163,No,Yes,3.8,0.833,81.0,Ratnagiri,Ratnagiri,Maharashtra
1459,"Government Medical College, Sindhudurg",Government,Teaching Hospital,500,Gynecology,1,Female,No,Sindhudurg,3.77,4.7,96.2,53,44,66,69003,No,Yes,3.9,0.797,78.71,Sindhudurg,Sindhudurg,Maharashtra
1460,"District Hospital, Sindhudurg",Government,General Hospital,250,ENT,79,Female,No,Sindhudurg,5.82,4.7,88.1,41,62,22,10563,Yes,Yes,3.2,0.794,81.75,Sindhudurg,Sindhudurg,Maharashtra
1461,"Government Medical College, Alibag",Government,Teaching Hospital,500,Dermatology,57,Male,No,Alibag,12.59,4.1,89.9,56,24,89,82612,Yes,Yes,3.7,0.752,69.44,Alibag,Raigad,Maharashtra
1462,"District Hospital, Alibag",Government,General Hospital,250,Orthopedics,38,Male,No,Alibag,4.02,3.9,88.7,74,66,5,55074,No,Yes,4.3,0.815,80.96,Alibag,Raigad,Maharashtra
1463,"Government Medical College, Satara",Government,Teaching Hospital,500,General Surgery,82,Male,No,Satara,4.47,4.0,94.5,42,30,30,95639,Yes,Yes,4.2,0.853,78.44,Satara,Satara,Maharashtra
1464,"District Hospital, Satara",Government,General Hospital,250,Pulmonology,79,Female,No,Satara,6.76,4.1,95.4,77,62,9,54652,Yes,Yes,4.6,0.777,80.1,Satara,Satara,Maharashtra
1465,"Government Medical College, Miraj",Government,Teaching Hospital,750,Ophthalmology,23,Female,No,Miraj,4.21,4.4,79.4,83,99,110,55283,Yes,Yes,4.8,0.988,83.64,Miraj,Sangli,Maharashtra
1466,Padmabhushan Vasantdada Patil General Hospital,Government,General Hospital,500,Oncology,6,Female,No,Sangli,1.57,5.0,86.1,95,82,63,75401,Yes,Yes,4.1,0.6,80.17,Sangli,Sangli,Maharashtra
1467,"Government Medical College, Ambarnath",Government,Teaching Hospital,500,Orthopedics,65,Male,No,Ambarnath,7.68,4.4,87.2,78,85,32,47835,Yes,Yes,3.9,0.863,81.68,Ambarnath,Thane,Maharashtra
1468,"Government Medical College and Hospital, Ambarnath",Government,Teaching Hospital,Teaching Hospital,Nephrology,15,Male,No,Ambarnath,9.19,3.9,97.6,81,78,58,95400,No,Yes,4.7,0.96,81.25,Ambarnath,Thane,Maharashtra
1469,Sir JJ Hospital,Government,Teaching Hospital,1500,General Medicine,78,Male,No,Colaba,5.4,4.8,98.0,84,19,5,29591,No,Yes,4.4,1.0,82.38,Mumbai,Mumbai City,Maharashtra
1470,"St. George's Hospital, Mumbai",Government,General Hospital,500,Emergency Medicine,5,Male,No,Powai,3.29,4.2,97.2,74,47,43,30615,No,Yes,4.6,0.806,84.44,Mumbai,Mumbai City,Maharashtra
1471,Gokuldas Tejpal Hospital,Government,General Hospital,500,General Surgery,48,Male,No,Bandra,3.63,3.9,88.1,58,51,124,54711,Yes,No,4.1,0.925,76.87,Mumbai,Mumbai City,Maharashtra
1472,Cama and Albless Hospital,Government,Women & Children,367,Gastroenterology,56,Male,Yes,Powai,7.19,4.4,81.5,80,45,20,38285,Yes,Yes,4.2,0.959,82.83,Mumbai,Mumbai City,Maharashtra
1473,KEM Hospital,Government,Teaching Hospital,1800,Cardiology,43,Male,No,Powai,4.64,5.0,90.9,46,25,50,98282,Yes,No,4.3,0.682,71.02,Mumbai,Mumbai City,Maharashtra
1474,Seth GS Medical College and KEM Hospital,Government,Teaching Hospital,1800,General Surgery,11,Female,No,Borivali,10.66,4.4,91.4,90,59,82,37231,Yes,Yes,4.9,0.839,82.89,Mumbai,Mumbai City,Maharashtra
1475,Tata Memorial Hospital,Trust,Oncology,700,Emergency Medicine,22,Female,No,Kurla,3.01,4.5,98.0,84,40,24,5000,No,Yes,4.8,0.809,88.43,Mumbai,Mumbai City,Maharashtra
1476,Kokilaben Dhirubhai Ambani Hospital,Private,Super Specialty,750,ENT,60,Female,No,Borivali,14.83,4.6,74.5,60,95,94,67474,Yes,Yes,4.6,0.867,78.27,Mumbai,Mumbai Suburban,Maharashtra
1477,Lilavati Hospital and Research Centre,Private,Multispecialty,323,General Medicine,41,Female,No,Kurla,1.06,4.1,86.9,62,17,28,40429,Yes,Yes,4.2,0.918,80.58,Mumbai,Mumbai Suburban,Maharashtra
1478,Hinduja Hospital,Private,Multispecialty,400,Gastroenterology,8,Male,Yes,Bandra,1.08,4.3,80.9,59,54,44,75376,Yes,Yes,3.8,0.768,79.14,Mumbai,Mumbai City,Maharashtra
1479,Nanavati Max Super Speciality Hospital,Private,Super Specialty,350,Dermatology,37,Male,No,Bandra,8.28,3.4,94.2,46,23,51,27050,Yes,Yes,4.6,0.869,78.33,Mumbai,Mumbai Suburban,Maharashtra
1480,Breach Candy Hospital Trust,Private,Multispecialty,200,General Medicine,67,Male,No,Bandra,20.64,4.4,94.4,100,73,102,5000,Yes,Yes,4.1,0.872,82.63,Mumbai,Mumbai City,Maharashtra
1481,Asian Heart Institute,Private,Cardiac,250,Neurology,77,Female,No,Dadar,7.67,4.5,79.0,68,78,23,30980,No,No,4.0,0.898,79.81,Mumbai,Mumbai Suburban,Maharashtra
1482,Jaslok Hospital,Private,Multispecialty,343,ENT,42,Female,No,Colaba,0.86,3.7,93.2,72,83,60,54199,Yes,No,4.1,0.69,76.31,Mumbai,Mumbai City,Maharashtra
1483,Bombay Hospital & Medical Research Centre,Private,Multispecialty,725,ENT,56,Male,No,Colaba,6.48,4.4,82.4,79,11,100,52222,Yes,Yes,5.0,0.86,77.05,Mumbai,Mumbai City,Maharashtra
1484,P. D. Hinduja Hospital & Medical Research Centre,Private,Multispecialty,400,Dermatology,72,Female,No,Bandra,2.51,4.0,83.1,43,81,28,32706,Yes,Yes,3.9,0.875,82.44,Mumbai,Mumbai City,Maharashtra
1485,B. J. Government Medical College and Sassoon General Hospital,Government,Teaching Hospital,1500,General Medicine,70,Male,No,Wakad,7.6,5.0,95.8,76,47,5,10533,No,Yes,3.8,0.719,79.86,Pune,Pune,Maharashtra
1486,Deenanath Mangeshkar Hospital and Research Center,Private,Multispecialty,900,Pediatrics,84,Other,No,Baner,0.5,4.2,87.6,71,96,57,55326,Yes,Yes,5.0,0.785,87.87,Pune,Pune,Maharashtra
1487,Ruby Hall Clinic,Private,Multispecialty,700,General Medicine,40,Female,No,Kothrud,7.68,3.8,92.1,86,50,67,78834,Yes,Yes,4.9,1.0,78.84,Pune,Pune,Maharashtra
1488,Jehangir Hospital,Private,Multispecialty,350,Emergency Medicine,52,Male,Yes,Kothrud,2.4,4.0,86.7,64,51,79,59653,Yes,Yes,3.7,0.84,81.52,Pune,Pune,Maharashtra
1489,Noble Hospitals & Research Centre,Private,Multispecialty,250,Pulmonology,4,Female,No,Kharadi,3.9,4.9,87.5,46,14,43,73706,No,Yes,3.5,0.754,68.97,Pune,Pune,Maharashtra
1490,Sahyadri Super Speciality Hospital,Private,Super Specialty,350,Nephrology,27,Female,No,Kharadi,16.22,4.9,78.3,72,54,68,12731,Yes,No,3.9,0.932,78.69,Pune,Pune,Maharashtra
1491,Aditya Birla Memorial Hospital,Private,Multispecialty,500,General Medicine,74,Male,No,Kothrud,3.47,4.9,78.6,68,30,56,45459,Yes,Yes,3.8,0.861,81.52,Pune,Pune,Maharashtra
1492,"Manipal Hospital, Kharadi",Private,Multispecialty,300,Pediatrics,9,Female,No,Baner,5.78,3.7,74.4,53,50,106,55460,Yes,Yes,4.1,0.9,73.64,Pune,Pune,Maharashtra
1493,"Columbia Asia Hospital, Pune",Private,Multispecialty,100,Oncology,50,Female,No,Baner,22.77,4.5,93.0,84,96,116,66582,Yes,Yes,3.9,0.955,81.08,Pune,Pune,Maharashtra
1494,Armed Forces Medical College and Command Hospital,Government,Teaching Hospital,1200,Gynecology,33,Male,No,Kharadi,0.99,4.6,78.3,65,21,50,106070,Yes,Yes,5.0,0.673,74.82,Pune,Pune,Maharashtra
1495,"Government Medical College and Hospital, Nashik",Government,Teaching Hospital,1000,Neurology,67,Female,Yes,College Road,5.76,4.1,78.7,63,74,21,78166,Yes,Yes,4.0,0.731,81.82,Nashik,Nashik,Maharashtra
1496,"Civil Hospital, Nashik",Government,General Hospital,500,Cardiology,50,Female,Yes,Nashik Road,3.54,5.0,92.9,71,54,14,56039,Yes,Yes,4.9,0.731,83.32,Nashik,Nashik,Maharashtra
1497,"Wockhardt Hospitals, Nashik",Private,Super Specialty,200,Oncology,84,Male,No,Panchavati,1.77,4.1,90.2,78,59,39,46283,Yes,Yes,3.9,0.832,83.53,Nashik,Nashik,Maharashtra
1498,"Apollo Hospitals, Nashik",Private,Multispecialty,200,Nephrology,42,Female,No,Nashik Road,1.99,4.3,89.6,84,98,46,5000,Yes,Yes,3.6,0.855,86.19,Nashik,Nashik,Maharashtra
1499,Six Sigma Medicare & Research Institute,Private,Multispecialty,150,Orthopedics,25,Male,Yes,Panchavati,15.7,3.6,93.0,98,38,43,11656,Yes,Yes,3.4,0.751,77.49,Nashik,Nashik,Maharashtra
1500,"Government Medical College and Hospital, Chhatrapati Sambhajinagar",Government,Teaching Hospital,1200,General Surgery,4,Male,No,Jalna Road,8.22,4.7,89.5,44,50,30,5000,Yes,Yes,3.9,0.662,76.69,Chhatrapati Sambhajinagar,Chhatrapati Sambhajinagar,Maharashtra
1501,"Government Superspecialty Hospital, Chhatrapati Sambhajinagar",Government,Super Specialty,500,Pediatrics,76,Male,No,CIDCO,6.24,3.8,92.1,87,99,88,57149,Yes,Yes,3.5,0.643,80.04,Chhatrapati Sambhajinagar,Chhatrapati Sambhajinagar,Maharashtra
1502,"Cancer Hospital, Chhatrapati Sambhajinagar",Government/Trust,Oncology,300,General Surgery,30,Male,No,Beed Bypass,5.48,3.6,88.6,88,42,82,5000,Yes,Yes,3.7,0.968,79.1,Chhatrapati Sambhajinagar,Chhatrapati Sambhajinagar,Maharashtra
1503,Kamalnayan Bajaj Hospital,Private,Multispecialty,200,Dermatology,68,Female,No,CIDCO,7.22,4.7,88.9,95,34,61,53082,Yes,No,3.6,0.768,79.66,Chhatrapati Sambhajinagar,Chhatrapati Sambhajinagar,Maharashtra
1504,"MGM Hospital, Chhatrapati Sambhajinagar",Private/Trust,Teaching Hospital,750,ENT,46,Female,No,Garkheda,3.3,4.8,89.3,64,10,79,55046,Yes,Yes,5.0,0.895,81.18,Chhatrapati Sambhajinagar,Chhatrapati Sambhajinagar,Maharashtra
1505,Dr. Shankarrao Chavan Government Medical College and Hospital,Government,Teaching Hospital,500,Oncology,26,Male,No,CIDCO,8.04,4.1,91.3,83,14,39,27627,Yes,Yes,4.5,0.749,80.05,Nanded,Nanded,Maharashtra
1506,"District Hospital, Nanded",Government,General Hospital,300,Emergency Medicine,83,Male,No,Vazirabad,5.98,3.4,93.2,93,81,50,54577,Yes,Yes,4.3,0.894,82.43,Nanded,Nanded,Maharashtra
1507,"MGM Hospital, Nanded",Private/Trust,Multispecialty,250,Pediatrics,31,Female,Yes,Shivaji Nagar,2.99,4.0,77.5,95,12,23,39847,No,Yes,3.5,0.877,78.02,Nanded,Nanded,Maharashtra
1508,Shri Guru Gobind Singhji Memorial Hospital,Government,General Hospital,300,Dermatology,85,Female,Yes,Taroda,7.69,4.4,88.8,57,72,89,57376,Yes,Yes,4.5,1.0,86.3,Nanded,Nanded,Maharashtra
1509,Vilasrao Deshmukh Government Medical College and Hospital,Government,Teaching Hospital,500,Dermatology,15,Male,No,Shivaji Chowk,1.46,4.0,86.2,57,91,76,17796,Yes,Yes,4.2,0.75,80.88,Latur,Latur,Maharashtra
1510,"Government Superspecialty Hospital, Latur",Government,Super Specialty,300,Ophthalmology,42,Male,No,Shivaji Chowk,1.77,3.6,94.4,64,64,42,69649,Yes,Yes,4.5,0.675,81.25,Latur,Latur,Maharashtra
1511,"District Hospital, Latur",Government,General Hospital,250,General Medicine,53,Female,No,Ausa Road,7.85,4.5,75.3,98,12,119,18030,Yes,Yes,4.3,0.65,73.72,Latur,Latur,Maharashtra
1512,MIMSR Medical College and Latur Hospital,Private/Trust,Teaching Hospital,700,Pulmonology,13,Male,No,Barshi Road,7.34,4.8,87.4,89,17,66,87138,Yes,Yes,3.4,0.699,76.05,Latur,Latur,Maharashtra
1513,Rajashree Chhatrapati Shahu Maharaj Government Medical College and CPR Hospital,Government,Teaching Hospital,1000,Pediatrics,66,Female,No,Udyam Nagar,8.84,3.9,90.7,68,42,25,16496,Yes,Yes,3.3,0.864,83.51,Kolhapur,Kolhapur,Maharashtra
1514,D. Y. Patil Hospital and Research Institute,Private/Trust,Teaching Hospital,750,Ophthalmology,41,Female,No,Tarabai Park,3.14,4.2,77.1,52,49,61,107688,Yes,Yes,4.7,0.631,76.12,Kolhapur,Kolhapur,Maharashtra
1515,Aster Aadhar Hospital,Private,Multispecialty,250,Orthopedics,25,Male,No,Tarabai Park,16.47,4.5,90.7,51,25,54,102653,Yes,Yes,4.2,0.787,76.91,Kolhapur,Kolhapur,Maharashtra
1516,Dr. Vaishampayan Memorial Government Medical College and Chhatrapati Shivaji Maharaj General Hospital,Government,Teaching Hospital,900,General Surgery,51,Male,No,Akkalkot Road,0.5,4.4,73.2,53,64,20,47719,No,Yes,4.0,0.868,79.75,Solapur,Solapur,Maharashtra
1517,Ashwini Sahakari Rugnalaya,Private/Trust,Multispecialty,300,General Medicine,17,Female,No,Akkalkot Road,8.7,4.3,87.1,50,61,42,92711,No,Yes,4.4,0.655,72.72,Solapur,Solapur,Maharashtra
1518,Yashodhara Super Speciality Hospital,Private,Super Specialty,200,Oncology,29,Female,No,Sadar Bazar,3.04,3.7,96.5,93,47,33,52033,No,Yes,4.4,0.746,75.29,Solapur,Solapur,Maharashtra
1519,"Government Medical College, Amravati",Government,Teaching Hospital,500,Emergency Medicine,11,Female,No,Amravati,2.99,4.9,98.0,91,36,35,51574,Yes,No,4.6,0.975,87.65,Amravati,Amravati,Maharashtra
1520,"District Women Hospital, Amravati",Government,Women & Children,250,Oncology,47,Male,No,Amravati,3.02,4.9,86.7,82,19,99,89360,No,Yes,4.4,0.823,75.09,Amravati,Amravati,Maharashtra
1521,Dr. Panjabrao Deshmukh Memorial Medical College,Private/Trust,Teaching Hospital,500,Gynecology,62,Male,No,Amravati,1.24,3.7,82.4,77,91,109,68967,No,Yes,4.7,0.875,75.01,Amravati,Amravati,Maharashtra
1522,"Government Medical College and Hospital, Akola",Government,Teaching Hospital,500,Pulmonology,6,Male,No,Akola,15.68,4.5,87.5,95,12,85,97740,Yes,Yes,4.2,0.829,76.04,Akola,Akola,Maharashtra
1523,"Government Medical College and Super Speciality Hospital, Akola",Government,Super Specialty,300,Pediatrics,84,Female,No,Akola,0.95,4.3,71.6,60,56,60,83932,No,Yes,4.5,0.942,75.33,Akola,Akola,Maharashtra
1524,"District Hospital, Akola",Government,General Hospital,250,Pediatrics,8,Male,No,Akola,7.82,4.3,81.6,84,57,92,70790,Yes,Yes,4.6,0.973,80.2,Akola,Akola,Maharashtra
1525,Shri Vasantrao Naik Government Medical College and Hospital,Government,Teaching Hospital,1000,Pulmonology,38,Female,Yes,Yavatmal,6.86,4.9,77.3,53,94,91,127500,Yes,Yes,4.6,0.89,81.69,Yavatmal,Yavatmal,Maharashtra
1526,"Government Superspecialty Hospital, Yavatmal",Government,Super Specialty,300,Gynecology,24,Male,Yes,Yavatmal,7.3,4.2,89.5,40,46,12,5000,Yes,Yes,3.4,0.856,79.88,Yavatmal,Yavatmal,Maharashtra
1527,"Government Medical College, Chandrapur",Government,Teaching Hospital,500,Nephrology,10,Female,No,Chandrapur,7.34,4.1,94.2,41,83,89,71862,Yes,Yes,4.5,0.811,81.76,Chandrapur,Chandrapur,Maharashtra
1528,"District Hospital, Chandrapur",Government,General Hospital,250,ENT,29,Female,No,Chandrapur,12.85,5.0,93.0,69,35,48,59952,Yes,Yes,3.7,0.781,77.86,Chandrapur,Chandrapur,Maharashtra
1529,"Government Medical College, Bhandara",Government,Teaching Hospital,500,Neurology,17,Male,No,Bhandara,5.56,4.9,89.7,78,91,53,77818,No,Yes,4.3,0.542,78.46,Bhandara,Bhandara,Maharashtra
1530,"District General Hospital, Bhandara",Government,General Hospital,250,Ophthalmology,27,Male,Yes,Bhandara,5.1,4.3,74.1,55,57,56,35688,Yes,Yes,4.1,0.828,80.32,Bhandara,Bhandara,Maharashtra
1531,"Government Medical College, Gondia",Government,Teaching Hospital,500,Nephrology,43,Female,No,Gondia,3.8,4.4,88.4,74,48,49,59883,Yes,Yes,4.9,0.734,81.33,Gondia,Gondia,Maharashtra
1532,"District Hospital, Gondia",Government,General Hospital,250,Ophthalmology,49,Female,No,Gondia,4.07,4.0,93.9,70,53,24,75735,Yes,Yes,4.7,0.809,84.52,Gondia,Gondia,Maharashtra
1533,"Government Medical College, Wardha",Government,Teaching Hospital,500,Ophthalmology,5,Male,No,Wardha,1.81,3.7,80.0,81,85,98,50278,Yes,Yes,4.2,0.703,75.76,Wardha,Wardha,Maharashtra
1534,Acharya Vinoba Bhave Rural Hospital,Private/Trust,Teaching Hospital,1000,Ophthalmology,43,Female,No,Wardha,13.96,4.1,98.0,66,78,61,70455,Yes,Yes,3.5,1.0,81.64,Wardha,Wardha,Maharashtra
1535,"Government Medical College, Jalgaon",Government,Teaching Hospital,500,Gastroenterology,29,Female,No,Jalgaon,2.86,4.4,75.7,41,94,70,88479,Yes,Yes,4.1,0.66,76.2,Jalgaon,Jalgaon,Maharashtra
1536,"Government Medical College and Hospital, Dhule",Government,Teaching Hospital,500,ENT,3,Male,Yes,Dhule,23.87,4.3,80.9,78,91,30,43934,Yes,Yes,4.3,0.864,79.04,Dhule,Dhule,Maharashtra
1537,"District Hospital, Nandurbar",Government,General Hospital,250,Emergency Medicine,84,Female,No,Nandurbar,1.47,4.3,87.9,68,70,103,54242,Yes,Yes,4.5,0.67,75.43,Nandurbar,Nandurbar,Maharashtra
1538,"Government Medical College, Nandurbar",Government,Teaching Hospital,500,Neurology,64,Male,No,Nandurbar,5.0,3.8,87.9,66,96,61,74032,No,Yes,4.3,0.776,80.37,Nandurbar,Nandurbar,Maharashtra
1539,"Government Medical College, Parbhani",Government,Teaching Hospital,500,Nephrology,65,Female,No,Parbhani,5.86,4.2,80.6,64,21,70,64865,Yes,Yes,3.6,0.787,76.98,Parbhani,Parbhani,Maharashtra
1540,"District Hospital, Parbhani",Government,General Hospital,250,Gynecology,76,Female,Yes,Parbhani,1.99,4.6,79.3,86,98,77,72544,No,Yes,4.5,0.735,78.68,Parbhani,Parbhani,Maharashtra
1541,"Government Medical College, Jalna",Government,Teaching Hospital,500,Neurology,10,Male,No,Jalna,1.34,4.6,95.0,49,54,69,63736,Yes,Yes,4.2,0.842,85.53,Jalna,Jalna,Maharashtra
1542,"District Women Hospital, Jalna",Government,Women & Children,250,Ophthalmology,80,Female,No,Jalna,6.44,4.6,73.6,72,99,55,45332,Yes,Yes,4.5,0.862,86.34,Jalna,Jalna,Maharashtra
1543,SRTR Medical College and Government Hospital,Government,Teaching Hospital,750,Pulmonology,8,Female,No,Ambajogai,2.65,4.0,82.5,62,47,5,54668,Yes,No,3.6,0.775,79.2,Ambajogai,Beed,Maharashtra
1544,"Government Medical College, Dharashiv",Government,Teaching Hospital,500,Orthopedics,44,Female,No,Dharashiv,3.87,4.1,89.9,93,86,93,109334,Yes,Yes,4.0,0.837,82.78,Dharashiv,Dharashiv,Maharashtra
1545,"District Hospital, Dharashiv",Government,General Hospital,250,Orthopedics,54,Male,No,Dharashiv,6.05,4.8,85.9,78,48,33,5000,Yes,Yes,4.7,0.793,80.35,Dharashiv,Dharashiv,Maharashtra
1546,"Government Medical College, Ratnagiri",Government,Teaching Hospital,500,ENT,32,Female,No,Ratnagiri,1.58,4.4,96.4,51,54,42,5000,Yes,Yes,4.7,1.0,88.97,Ratnagiri,Ratnagiri,Maharashtra
1547,"Government Medical College, Sindhudurg",Government,Teaching Hospital,500,ENT,42,Female,No,Sindhudurg,1.47,4.4,98.0,41,21,8,38376,No,Yes,4.1,0.981,79.62,Sindhudurg,Sindhudurg,Maharashtra
1548,"District Hospital, Sindhudurg",Government,General Hospital,250,Gastroenterology,53,Female,Yes,Sindhudurg,5.29,4.4,86.8,47,27,32,63788,Yes,Yes,4.8,0.79,76.26,Sindhudurg,Sindhudurg,Maharashtra
1549,"Government Medical College, Alibag",Government,Teaching Hospital,500,Ophthalmology,34,Female,No,Alibag,6.92,4.4,92.4,68,75,57,46134,Yes,No,3.5,1.0,83.82,Alibag,Raigad,Maharashtra
1550,"District Hospital, Alibag",Government,General Hospital,250,Pediatrics,20,Female,No,Alibag,3.26,4.0,80.9,76,70,35,32529,No,Yes,4.6,0.77,77.08,Alibag,Raigad,Maharashtra
1551,"Government Medical College, Satara",Government,Teaching Hospital,500,Gastroenterology,29,Male,No,Satara,8.8,3.8,89.2,62,96,76,27091,Yes,Yes,3.9,0.928,83.6,Satara,Satara,Maharashtra
1552,"District Hospital, Satara",Government,General Hospital,250,Emergency Medicine,8,Male,No,Satara,7.21,4.0,85.5,45,48,105,113117,Yes,Yes,3.9,0.692,72.95,Satara,Satara,Maharashtra
1553,"Government Medical College, Miraj",Government,Teaching Hospital,750,General Medicine,63,Male,Yes,Miraj,5.08,4.5,78.8,47,25,44,84789,Yes,Yes,3.8,1.0,79.8,Miraj,Sangli,Maharashtra
1554,Padmabhushan Vasantdada Patil General Hospital,Government,General Hospital,500,Dermatology,11,Male,No,Sangli,8.76,4.7,96.8,90,52,64,94235,No,No,4.8,0.774,77.01,Sangli,Sangli,Maharashtra
1555,"Government Medical College, Ambarnath",Government,Teaching Hospital,500,Gynecology,39,Male,No,Ambarnath,10.08,5.0,98.0,97,69,37,51473,Yes,Yes,4.8,0.699,86.47,Ambarnath,Thane,Maharashtra
1556,"Government Medical College and Hospital, Ambarnath",Government,Teaching Hospital,Teaching Hospital,Orthopedics,36,Male,Yes,Ambarnath,1.75,4.6,71.7,87,10,74,92641,Yes,No,3.9,0.986,80.84,Ambarnath,Thane,Maharashtra
1557,Sir JJ Hospital,Government,Teaching Hospital,1500,Cardiology,66,Male,No,Colaba,3.15,4.5,68.8,77,44,45,51519,Yes,No,4.1,0.829,75.83,Mumbai,Mumbai City,Maharashtra
1558,"St. George's Hospital, Mumbai",Government,General Hospital,500,General Medicine,44,Male,No,Kurla,4.95,4.6,85.1,61,51,34,33274,Yes,No,3.8,0.816,80.71,Mumbai,Mumbai City,Maharashtra
1559,Gokuldas Tejpal Hospital,Government,General Hospital,500,Oncology,38,Male,No,Bandra,12.05,3.9,84.2,42,68,65,5000,Yes,Yes,3.8,0.883,75.48,Mumbai,Mumbai City,Maharashtra
1560,Cama and Albless Hospital,Government,Women & Children,367,Gastroenterology,18,Female,No,Dadar,2.03,3.9,69.5,79,77,50,114668,Yes,Yes,3.7,0.701,75.11,Mumbai,Mumbai City,Maharashtra
1561,KEM Hospital,Government,Teaching Hospital,1800,Ophthalmology,75,Male,No,Dadar,5.04,4.1,69.4,85,76,32,49312,Yes,Yes,4.3,0.876,86.58,Mumbai,Mumbai City,Maharashtra
1562,Seth GS Medical College and KEM Hospital,Government,Teaching Hospital,1800,Cardiology,21,Female,No,Dadar,2.83,4.5,82.9,75,13,39,28987,Yes,Yes,5.0,0.89,78.95,Mumbai,Mumbai City,Maharashtra
1563,Tata Memorial Hospital,Trust,Oncology,700,ENT,27,Male,No,Kurla,8.51,4.3,87.9,56,100,76,23474,Yes,Yes,4.4,0.894,85.05,Mumbai,Mumbai City,Maharashtra
1564,Kokilaben Dhirubhai Ambani Hospital,Private,Super Specialty,750,Gastroenterology,78,Male,No,Kurla,2.6,4.2,94.6,69,11,78,35115,Yes,No,3.8,0.548,72.55,Mumbai,Mumbai Suburban,Maharashtra
1565,Lilavati Hospital and Research Centre,Private,Multispecialty,323,General Surgery,50,Male,No,Bandra,7.46,4.7,94.1,72,67,7,49289,No,Yes,4.7,0.894,83.25,Mumbai,Mumbai Suburban,Maharashtra
1566,Hinduja Hospital,Private,Multispecialty,400,Neurology,75,Female,Yes,Andheri,8.61,3.5,96.3,53,59,116,94443,No,Yes,4.1,0.837,74.79,Mumbai,Mumbai City,Maharashtra
1567,Nanavati Max Super Speciality Hospital,Private,Super Specialty,350,Ophthalmology,21,Male,No,Colaba,2.18,4.8,79.2,69,39,18,67084,Yes,Yes,4.8,0.874,82.84,Mumbai,Mumbai Suburban,Maharashtra
1568,Breach Candy Hospital Trust,Private,Multispecialty,200,ENT,65,Female,No,Andheri,8.38,4.6,91.3,67,68,13,17485,Yes,No,5.0,0.875,83.49,Mumbai,Mumbai City,Maharashtra
1569,Asian Heart Institute,Private,Cardiac,250,Orthopedics,65,Male,No,Powai,8.2,4.1,88.3,75,32,23,74433,Yes,Yes,4.2,0.779,78.58,Mumbai,Mumbai Suburban,Maharashtra
1570,Jaslok Hospital,Private,Multispecialty,343,General Medicine,69,Female,No,Kurla,8.15,4.7,86.2,47,31,36,13371,No,Yes,3.3,0.511,71.97,Mumbai,Mumbai City,Maharashtra
1571,Bombay Hospital & Medical Research Centre,Private,Multispecialty,725,General Surgery,18,Male,No,Bandra,10.87,5.0,81.3,83,21,32,111423,Yes,Yes,4.0,0.795,78.63,Mumbai,Mumbai City,Maharashtra
1572,P. D. Hinduja Hospital & Medical Research Centre,Private,Multispecialty,400,Ophthalmology,77,Male,No,Andheri,4.86,5.0,91.1,42,10,40,68313,No,Yes,4.1,0.928,71.52,Mumbai,Mumbai City,Maharashtra
1573,B. J. Government Medical College and Sassoon General Hospital,Government,Teaching Hospital,1500,Neurology,46,Male,No,Kharadi,3.6,3.7,89.1,65,33,39,104104,Yes,Yes,5.0,0.789,77.68,Pune,Pune,Maharashtra
1574,Deenanath Mangeshkar Hospital and Research Center,Private,Multispecialty,900,ENT,10,Male,No,Hadapsar,8.11,4.2,85.9,42,24,43,30344,Yes,No,5.0,0.94,75.93,Pune,Pune,Maharashtra
1575,Ruby Hall Clinic,Private,Multispecialty,700,Ophthalmology,12,Female,Yes,Kothrud,5.6,4.2,84.0,48,81,49,46155,Yes,Yes,3.9,0.663,76.63,Pune,Pune,Maharashtra
1576,Jehangir Hospital,Private,Multispecialty,350,General Surgery,29,Male,No,Hadapsar,7.95,4.5,89.9,41,58,98,75389,Yes,Yes,4.3,0.786,77.39,Pune,Pune,Maharashtra
1577,Noble Hospitals & Research Centre,Private,Multispecialty,250,Emergency Medicine,34,Female,Yes,Wakad,6.37,4.9,78.3,55,58,32,5000,No,Yes,4.2,0.716,79.87,Pune,Pune,Maharashtra
1578,Sahyadri Super Speciality Hospital,Private,Super Specialty,350,Orthopedics,79,Male,No,Hadapsar,6.72,4.5,78.2,93,56,5,22114,No,Yes,4.1,0.785,82.98,Pune,Pune,Maharashtra
1579,Aditya Birla Memorial Hospital,Private,Multispecialty,500,Oncology,53,Male,No,Baner,6.69,4.3,77.5,88,14,32,40871,Yes,Yes,4.0,0.845,81.09,Pune,Pune,Maharashtra
1580,"Manipal Hospital, Kharadi",Private,Multispecialty,300,ENT,33,Female,No,Hadapsar,4.95,4.1,85.4,72,39,17,28627,Yes,Yes,4.6,0.84,78.89,Pune,Pune,Maharashtra
1581,"Columbia Asia Hospital, Pune",Private,Multispecialty,100,Gynecology,65,Other,No,Hadapsar,5.15,4.2,80.9,83,49,68,91310,Yes,No,4.6,0.714,70.46,Pune,Pune,Maharashtra
1582,Armed Forces Medical College and Command Hospital,Government,Teaching Hospital,1200,Orthopedics,57,Female,No,Kothrud,2.21,3.6,88.8,69,66,152,14219,Yes,No,4.7,0.653,71.6,Pune,Pune,Maharashtra
1583,"Government Medical College and Hospital, Nashik",Government,Teaching Hospital,1000,Cardiology,66,Other,No,Gangapur Road,2.53,4.2,79.2,93,82,32,5000,Yes,Yes,4.5,0.973,90.5,Nashik,Nashik,Maharashtra
1584,"Civil Hospital, Nashik",Government,General Hospital,500,General Medicine,3,Male,No,Gangapur Road,7.79,4.4,85.1,87,36,76,28673,Yes,Yes,4.5,0.757,82.81,Nashik,Nashik,Maharashtra
1585,"Wockhardt Hospitals, Nashik",Private,Super Specialty,200,Gynecology,4,Male,No,Indira Nagar,6.5,4.8,92.4,94,26,29,36696,Yes,Yes,3.8,0.627,81.41,Nashik,Nashik,Maharashtra
1586,"Apollo Hospitals, Nashik",Private,Multispecialty,200,Neurology,24,Female,Yes,Indira Nagar,3.43,4.0,86.6,87,34,49,43126,Yes,Yes,3.9,0.849,82.18,Nashik,Nashik,Maharashtra
1587,Six Sigma Medicare & Research Institute,Private,Multispecialty,150,Pediatrics,5,Female,No,College Road,21.09,5.0,86.7,64,95,54,112077,Yes,Yes,4.3,0.846,81.01,Nashik,Nashik,Maharashtra
1588,"Government Medical College and Hospital, Chhatrapati Sambhajinagar",Government,Teaching Hospital,1200,ENT,44,Female,No,Garkheda,6.08,3.5,85.5,50,21,49,34484,Yes,Yes,4.2,0.679,69.82,Chhatrapati Sambhajinagar,Chhatrapati Sambhajinagar,Maharashtra
1589,"Government Superspecialty Hospital, Chhatrapati Sambhajinagar",Government,Super Specialty,500,Dermatology,52,Male,Yes,CIDCO,5.03,4.9,85.0,98,75,53,50491,Yes,Yes,4.1,0.826,84.57,Chhatrapati Sambhajinagar,Chhatrapati Sambhajinagar,Maharashtra
1590,"Cancer Hospital, Chhatrapati Sambhajinagar",Government/Trust,Oncology,300,Pediatrics,44,Male,Yes,Garkheda,8.16,4.7,78.7,50,77,37,53239,No,Yes,4.2,0.673,75.35,Chhatrapati Sambhajinagar,Chhatrapati Sambhajinagar,Maharashtra
1591,Kamalnayan Bajaj Hospital,Private,Multispecialty,200,ENT,33,Female,No,Garkheda,5.81,4.1,83.5,65,29,55,42476,Yes,Yes,3.6,0.817,78.56,Chhatrapati Sambhajinagar,Chhatrapati Sambhajinagar,Maharashtra
1592,"MGM Hospital, Chhatrapati Sambhajinagar",Private/Trust,Teaching Hospital,750,Emergency Medicine,79,Female,No,Garkheda,1.53,4.3,81.5,74,19,12,24626,Yes,Yes,3.6,0.868,76.61,Chhatrapati Sambhajinagar,Chhatrapati Sambhajinagar,Maharashtra
1593,Dr. Shankarrao Chavan Government Medical College and Hospital,Government,Teaching Hospital,500,Ophthalmology,54,Male,No,Shivaji Nagar,8.4,4.4,73.1,99,73,43,71134,Yes,Yes,5.0,0.852,84.19,Nanded,Nanded,Maharashtra
1594,"District Hospital, Nanded",Government,General Hospital,300,Pulmonology,75,Female,No,Vazirabad,3.36,4.7,82.9,67,22,6,63643,Yes,Yes,3.7,0.942,84.18,Nanded,Nanded,Maharashtra
1595,"MGM Hospital, Nanded",Private/Trust,Multispecialty,250,Cardiology,64,Male,No,CIDCO,11.78,4.3,91.6,99,71,17,48526,Yes,Yes,3.6,0.731,82.64,Nanded,Nanded,Maharashtra
1596,Shri Guru Gobind Singhji Memorial Hospital,Government,General Hospital,300,Neurology,77,Female,No,CIDCO,1.96,4.3,85.0,86,47,94,11748,No,Yes,4.7,0.757,78.95,Nanded,Nanded,Maharashtra
1597,Vilasrao Deshmukh Government Medical College and Hospital,Government,Teaching Hospital,500,ENT,3,Female,No,Ganj Golai,2.48,3.8,86.6,40,62,86,75774,Yes,Yes,4.1,0.581,75.17,Latur,Latur,Maharashtra
1598,"Government Superspecialty Hospital, Latur",Government,Super Specialty,300,General Medicine,36,Female,No,Ausa Road,7.67,4.8,96.0,75,60,84,67833,Yes,Yes,4.9,0.98,84.89,Latur,Latur,Maharashtra
1599,"District Hospital, Latur",Government,General Hospital,250,Gastroenterology,81,Male,No,Ganj Golai,1.9,4.1,93.0,81,35,53,35154,No,Yes,4.0,1.0,81.43,Latur,Latur,Maharashtra
1600,MIMSR Medical College and Latur Hospital,Private/Trust,Teaching Hospital,700,Orthopedics,32,Female,No,Ausa Road,5.11,4.6,93.2,56,23,66,15897,No,Yes,3.1,0.776,76.46,Latur,Latur,Maharashtra
1601,Rajashree Chhatrapati Shahu Maharaj Government Medical College and CPR Hospital,Government,Teaching Hospital,1000,Pulmonology,13,Male,No,Tarabai Park,7.35,4.7,87.1,54,88,51,66865,Yes,Yes,4.8,0.809,80.24,Kolhapur,Kolhapur,Maharashtra
1602,D. Y. Patil Hospital and Research Institute,Private/Trust,Teaching Hospital,750,ENT,2,Female,No,Shahupuri,8.97,4.3,89.8,98,11,64,33654,Yes,Yes,4.3,0.952,82.74,Kolhapur,Kolhapur,Maharashtra
1603,Aster Aadhar Hospital,Private,Multispecialty,250,Pediatrics,42,Male,No,Udyam Nagar,4.48,4.0,78.6,62,59,47,76630,Yes,Yes,4.2,0.809,80.79,Kolhapur,Kolhapur,Maharashtra
1604,Dr. Vaishampayan Memorial Government Medical College and Chhatrapati Shivaji Maharaj General Hospital,Government,Teaching Hospital,900,ENT,67,Female,No,Akkalkot Road,4.17,4.2,90.3,54,46,41,93549,Yes,Yes,4.2,0.887,80.24,Solapur,Solapur,Maharashtra
1605,Ashwini Sahakari Rugnalaya,Private/Trust,Multispecialty,300,Gynecology,82,Female,No,Hotgi Road,2.93,4.6,95.2,43,68,91,50185,Yes,Yes,4.3,0.865,83.65,Solapur,Solapur,Maharashtra
1606,Yashodhara Super Speciality Hospital,Private,Super Specialty,200,Gastroenterology,76,Female,No,Sadar Bazar,3.21,4.2,87.6,86,13,49,72074,Yes,Yes,4.2,1.0,81.95,Solapur,Solapur,Maharashtra
1607,"Government Medical College, Amravati",Government,Teaching Hospital,500,Neurology,58,Female,Yes,Amravati,4.91,4.5,87.1,65,85,52,34906,Yes,Yes,3.8,0.856,86.29,Amravati,Amravati,Maharashtra
1608,"District Women Hospital, Amravati",Government,Women & Children,250,Gastroenterology,25,Female,No,Amravati,12.97,4.7,85.5,79,81,87,34324,Yes,Yes,3.6,0.781,80.37,Amravati,Amravati,Maharashtra
1609,Dr. Panjabrao Deshmukh Memorial Medical College,Private/Trust,Teaching Hospital,500,Cardiology,9,Female,Yes,Amravati,2.22,4.5,84.1,47,99,76,50726,Yes,Yes,4.6,0.795,83.39,Amravati,Amravati,Maharashtra
1610,"Government Medical College and Hospital, Akola",Government,Teaching Hospital,500,Oncology,58,Female,No,Akola,4.53,4.6,84.2,48,13,43,57715,Yes,Yes,3.8,0.823,77.37,Akola,Akola,Maharashtra
1611,"Government Medical College and Super Speciality Hospital, Akola",Government,Super Specialty,300,Dermatology,18,Male,Yes,Akola,0.54,4.3,74.3,82,48,25,6110,Yes,Yes,3.9,0.913,84.13,Akola,Akola,Maharashtra
1612,"District Hospital, Akola",Government,General Hospital,250,Dermatology,79,Male,Yes,Akola,6.9,4.0,81.5,62,74,32,88952,Yes,No,4.2,1.0,83.16,Akola,Akola,Maharashtra
1613,Shri Vasantrao Naik Government Medical College and Hospital,Government,Teaching Hospital,1000,Pediatrics,80,Male,No,Yavatmal,2.36,5.0,86.9,95,92,5,72815,Yes,No,3.4,0.744,87.61,Yavatmal,Yavatmal,Maharashtra
1614,"Government Superspecialty Hospital, Yavatmal",Government,Super Specialty,300,Orthopedics,49,Female,Yes,Yavatmal,6.01,3.7,78.2,68,42,65,68582,Yes,Yes,4.4,0.551,69.98,Yavatmal,Yavatmal,Maharashtra
1615,"Government Medical College, Chandrapur",Government,Teaching Hospital,500,Nephrology,67,Female,No,Chandrapur,6.08,5.0,87.4,91,83,28,41448,No,Yes,4.2,0.663,79.09,Chandrapur,Chandrapur,Maharashtra
1616,"District Hospital, Chandrapur",Government,General Hospital,250,Pulmonology,40,Female,No,Chandrapur,10.29,4.3,84.8,73,35,68,27477,Yes,Yes,5.0,0.657,78.03,Chandrapur,Chandrapur,Maharashtra
1617,"Government Medical College, Bhandara",Government,Teaching Hospital,500,Pulmonology,40,Male,No,Bhandara,4.98,4.2,76.3,67,62,15,12640,No,No,4.6,0.938,79.86,Bhandara,Bhandara,Maharashtra
1618,"District General Hospital, Bhandara",Government,General Hospital,250,Dermatology,73,Male,No,Bhandara,1.43,4.0,82.6,42,79,61,73641,Yes,Yes,4.8,0.694,80.6,Bhandara,Bhandara,Maharashtra
1619,"Government Medical College, Gondia",Government,Teaching Hospital,500,Pediatrics,20,Female,Yes,Gondia,9.38,4.2,87.5,90,100,78,88898,No,Yes,4.8,0.756,78.74,Gondia,Gondia,Maharashtra
1620,"District Hospital, Gondia",Government,General Hospital,250,Pulmonology,55,Male,No,Gondia,2.76,3.8,84.4,90,89,44,44389,No,Yes,4.2,0.873,85.83,Gondia,Gondia,Maharashtra
1621,"Government Medical College, Wardha",Government,Teaching Hospital,500,Pulmonology,23,Male,Yes,Wardha,12.22,4.4,74.0,69,73,50,57658,Yes,Yes,4.0,0.725,73.78,Wardha,Wardha,Maharashtra
1622,Acharya Vinoba Bhave Rural Hospital,Private/Trust,Teaching Hospital,1000,Orthopedics,21,Male,No,Wardha,2.85,3.5,87.1,65,44,58,85454,Yes,Yes,4.7,0.792,76.99,Wardha,Wardha,Maharashtra
1623,"Government Medical College, Jalgaon",Government,Teaching Hospital,500,Nephrology,10,Male,No,Jalgaon,2.87,4.6,83.4,81,56,84,73074,Yes,Yes,3.9,0.575,76.06,Jalgaon,Jalgaon,Maharashtra
1624,"Government Medical College and Hospital, Dhule",Government,Teaching Hospital,500,Oncology,21,Female,No,Dhule,16.65,4.6,79.9,44,68,5,92594,No,Yes,4.3,0.733,70.39,Dhule,Dhule,Maharashtra
1625,"District Hospital, Nandurbar",Government,General Hospital,250,Nephrology,22,Male,Yes,Nandurbar,3.19,3.8,81.8,51,67,50,95257,Yes,Yes,4.5,0.851,79.9,Nandurbar,Nandurbar,Maharashtra
1626,"Government Medical College, Nandurbar",Government,Teaching Hospital,500,Gastroenterology,62,Female,No,Nandurbar,3.82,4.5,81.5,70,31,40,44583,Yes,No,4.0,0.713,75.31,Nandurbar,Nandurbar,Maharashtra
1627,"Government Medical College, Parbhani",Government,Teaching Hospital,500,Dermatology,41,Male,No,Parbhani,2.26,4.6,93.5,40,84,66,58500,Yes,No,4.5,0.767,79.81,Parbhani,Parbhani,Maharashtra
1628,"District Hospital, Parbhani",Government,General Hospital,250,ENT,67,Female,No,Parbhani,4.41,4.6,92.3,71,92,55,47881,Yes,Yes,4.5,0.923,89.03,Parbhani,Parbhani,Maharashtra
1629,"Government Medical College, Jalna",Government,Teaching Hospital,500,Dermatology,41,Female,No,Jalna,5.0,3.6,92.6,42,67,5,77353,Yes,Yes,4.4,0.976,84.37,Jalna,Jalna,Maharashtra
1630,"District Women Hospital, Jalna",Government,Women & Children,250,Ophthalmology,12,Female,No,Jalna,5.34,4.5,76.5,41,63,25,87436,Yes,Yes,4.1,0.641,70.7,Jalna,Jalna,Maharashtra
1631,SRTR Medical College and Government Hospital,Government,Teaching Hospital,750,Pulmonology,10,Male,No,Ambajogai,7.37,4.0,98.0,41,43,5,67673,Yes,Yes,4.4,0.93,78.81,Ambajogai,Beed,Maharashtra
1632,"Government Medical College, Dharashiv",Government,Teaching Hospital,500,Ophthalmology,56,Male,No,Dharashiv,5.77,4.5,69.9,58,16,31,49247,Yes,Yes,4.8,0.952,81.32,Dharashiv,Dharashiv,Maharashtra
1633,"District Hospital, Dharashiv",Government,General Hospital,250,Pediatrics,58,Female,Yes,Dharashiv,9.97,4.8,91.4,89,67,49,85117,Yes,Yes,4.4,0.97,87.54,Dharashiv,Dharashiv,Maharashtra
1634,"Government Medical College, Ratnagiri",Government,Teaching Hospital,500,Cardiology,7,Female,No,Ratnagiri,13.13,3.9,74.1,47,84,5,40437,Yes,Yes,4.0,0.673,73.1,Ratnagiri,Ratnagiri,Maharashtra
1635,"Government Medical College, Sindhudurg",Government,Teaching Hospital,500,Neurology,65,Male,No,Sindhudurg,2.97,3.9,75.5,96,44,44,5000,Yes,No,4.4,0.883,81.39,Sindhudurg,Sindhudurg,Maharashtra
1636,"District Hospital, Sindhudurg",Government,General Hospital,250,Ophthalmology,68,Female,Yes,Sindhudurg,8.07,4.2,83.6,98,88,33,10293,Yes,Yes,3.8,0.957,89.98,Sindhudurg,Sindhudurg,Maharashtra
1637,"Government Medical College, Alibag",Government,Teaching Hospital,500,General Surgery,69,Other,No,Alibag,5.71,4.7,84.0,83,50,101,48818,Yes,Yes,4.7,0.762,77.49,Alibag,Raigad,Maharashtra
1638,"District Hospital, Alibag",Government,General Hospital,250,Neurology,84,Female,No,Alibag,9.04,5.0,83.9,58,32,76,89992,Yes,Yes,4.2,0.848,77.28,Alibag,Raigad,Maharashtra
1639,"Government Medical College, Satara",Government,Teaching Hospital,500,Ophthalmology,78,Male,No,Satara,4.34,4.2,94.1,71,66,45,76889,Yes,Yes,5.0,0.826,80.75,Satara,Satara,Maharashtra
1640,"District Hospital, Satara",Government,General Hospital,250,Cardiology,28,Male,No,Satara,6.05,4.5,88.9,59,10,98,74122,Yes,Yes,4.2,0.861,74.29,Satara,Satara,Maharashtra
1641,"Government Medical College, Miraj",Government,Teaching Hospital,750,Nephrology,50,Female,No,Miraj,1.12,5.0,97.3,54,38,105,50927,No,Yes,3.4,0.96,79.92,Miraj,Sangli,Maharashtra
1642,Padmabhushan Vasantdada Patil General Hospital,Government,General Hospital,500,Neurology,6,Female,No,Sangli,2.5,5.0,92.8,46,73,45,77969,Yes,Yes,4.5,0.685,81.02,Sangli,Sangli,Maharashtra
1643,"Government Medical College, Ambarnath",Government,Teaching Hospital,500,Oncology,58,Female,No,Ambarnath,7.02,4.3,88.8,69,85,26,24333,Yes,Yes,4.5,0.579,80.54,Ambarnath,Thane,Maharashtra
1644,"Government Medical College and Hospital, Ambarnath",Government,Teaching Hospital,Teaching Hospital,Nephrology,67,Male,No,Ambarnath,9.39,3.8,91.8,60,24,86,5000,Yes,Yes,3.5,1.0,81.58,Ambarnath,Thane,Maharashtra
1645,Sir JJ Hospital,Government,Teaching Hospital,1500,Nephrology,41,Male,No,Colaba,9.46,4.9,83.4,97,22,79,60825,Yes,Yes,4.2,0.582,74.81,Mumbai,Mumbai City,Maharashtra
1646,"St. George's Hospital, Mumbai",Government,General Hospital,500,Nephrology,43,Male,Yes,Bandra,1.65,4.3,93.4,67,56,88,27301,Yes,Yes,4.9,0.94,81.37,Mumbai,Mumbai City,Maharashtra
1647,Gokuldas Tejpal Hospital,Government,General Hospital,500,Neurology,47,Male,No,Bandra,11.24,4.0,84.4,45,46,65,35097,Yes,Yes,3.5,0.873,78.14,Mumbai,Mumbai City,Maharashtra
1648,Cama and Albless Hospital,Government,Women & Children,367,Orthopedics,29,Female,No,Andheri,11.16,4.5,84.4,59,47,112,84465,No,Yes,4.6,0.786,70.38,Mumbai,Mumbai City,Maharashtra
1649,KEM Hospital,Government,Teaching Hospital,1800,Dermatology,38,Female,No,Borivali,21.19,3.9,74.3,94,39,76,18872,No,Yes,4.4,0.59,68.49,Mumbai,Mumbai City,Maharashtra
1650,Seth GS Medical College and KEM Hospital,Government,Teaching Hospital,1800,Gynecology,27,Female,No,Andheri,3.59,4.1,82.9,99,45,29,6050,Yes,Yes,3.7,0.848,84.11,Mumbai,Mumbai City,Maharashtra
1651,Tata Memorial Hospital,Trust,Oncology,700,Pulmonology,70,Female,Yes,Borivali,4.09,4.1,88.9,54,17,82,72084,Yes,Yes,4.5,0.787,73.65,Mumbai,Mumbai City,Maharashtra
1652,Kokilaben Dhirubhai Ambani Hospital,Private,Super Specialty,750,Dermatology,64,Male,No,Andheri,1.5,4.7,78.4,49,13,99,18562,Yes,Yes,5.0,0.669,75.67,Mumbai,Mumbai Suburban,Maharashtra
1653,Lilavati Hospital and Research Centre,Private,Multispecialty,323,Pediatrics,29,Female,No,Dadar,4.67,4.5,87.9,96,78,104,71899,Yes,Yes,3.9,0.81,83.47,Mumbai,Mumbai Suburban,Maharashtra
1654,Hinduja Hospital,Private,Multispecialty,400,Orthopedics,45,Other,Yes,Colaba,8.81,4.2,98.0,40,12,38,107442,Yes,Yes,4.1,0.693,74.27,Mumbai,Mumbai City,Maharashtra
1655,Nanavati Max Super Speciality Hospital,Private,Super Specialty,350,Pulmonology,20,Female,No,Colaba,13.21,4.1,80.3,100,72,54,43698,Yes,No,4.4,0.722,78.79,Mumbai,Mumbai Suburban,Maharashtra
1656,Breach Candy Hospital Trust,Private,Multispecialty,200,Gynecology,84,Female,No,Bandra,4.59,4.6,82.0,48,54,107,53999,Yes,Yes,3.7,0.837,76.6,Mumbai,Mumbai City,Maharashtra
1657,Asian Heart Institute,Private,Cardiac,250,Ophthalmology,56,Female,Yes,Powai,0.8,4.3,98.0,48,43,45,65145,Yes,Yes,4.3,0.817,80.91,Mumbai,Mumbai Suburban,Maharashtra
1658,Jaslok Hospital,Private,Multispecialty,343,Nephrology,23,Male,Yes,Andheri,2.1,3.7,92.4,60,28,23,49626,Yes,Yes,3.7,0.801,78.88,Mumbai,Mumbai City,Maharashtra
1659,Bombay Hospital & Medical Research Centre,Private,Multispecialty,725,Gastroenterology,71,Male,No,Colaba,16.02,3.8,83.2,98,12,118,9386,Yes,Yes,4.7,0.822,75.95,Mumbai,Mumbai City,Maharashtra
1660,P. D. Hinduja Hospital & Medical Research Centre,Private,Multispecialty,400,Orthopedics,14,Female,No,Kurla,9.6,4.3,89.6,73,76,32,74812,No,Yes,3.7,0.723,79.11,Mumbai,Mumbai City,Maharashtra
1661,B. J. Government Medical College and Sassoon General Hospital,Government,Teaching Hospital,1500,Oncology,15,Male,No,Kharadi,15.91,4.2,91.4,44,51,23,89301,Yes,Yes,3.9,1.0,78.54,Pune,Pune,Maharashtra
1662,Deenanath Mangeshkar Hospital and Research Center,Private,Multispecialty,900,General Surgery,33,Male,Yes,Hadapsar,15.7,4.8,85.0,62,75,75,47051,Yes,No,3.8,0.624,77.16,Pune,Pune,Maharashtra
1663,Ruby Hall Clinic,Private,Multispecialty,700,General Surgery,44,Male,No,Shivajinagar,3.89,4.5,87.5,90,64,50,81762,Yes,Yes,4.4,0.826,79.35,Pune,Pune,Maharashtra
1664,Jehangir Hospital,Private,Multispecialty,350,Ophthalmology,47,Female,No,Wakad,2.58,4.2,78.0,60,64,61,30521,Yes,Yes,3.8,0.833,78.35,Pune,Pune,Maharashtra
1665,Noble Hospitals & Research Centre,Private,Multispecialty,250,General Medicine,32,Male,No,Hadapsar,6.49,4.7,91.0,41,82,76,49803,Yes,Yes,4.1,0.8,80.01,Pune,Pune,Maharashtra
1666,Sahyadri Super Speciality Hospital,Private,Super Specialty,350,Orthopedics,68,Male,No,Baner,14.14,4.6,84.1,50,32,77,53648,Yes,Yes,4.2,0.802,73.35,Pune,Pune,Maharashtra
1667,Aditya Birla Memorial Hospital,Private,Multispecialty,500,Gynecology,82,Male,No,Hadapsar,10.95,4.5,85.6,96,86,58,53632,Yes,Yes,3.7,0.933,84.31,Pune,Pune,Maharashtra
1668,"Manipal Hospital, Kharadi",Private,Multispecialty,300,Ophthalmology,18,Female,No,Hadapsar,5.83,4.7,91.6,90,87,45,33735,Yes,Yes,3.9,0.711,81.26,Pune,Pune,Maharashtra
1669,"Columbia Asia Hospital, Pune",Private,Multispecialty,100,Pediatrics,28,Male,No,Hadapsar,8.57,4.7,87.9,89,56,59,50704,No,Yes,3.9,0.856,79.53,Pune,Pune,Maharashtra
1670,Armed Forces Medical College and Command Hospital,Government,Teaching Hospital,1200,Orthopedics,78,Female,No,Baner,4.13,3.4,88.7,96,100,72,36035,Yes,No,3.9,0.861,81.98,Pune,Pune,Maharashtra
1671,"Government Medical College and Hospital, Nashik",Government,Teaching Hospital,1000,Pediatrics,33,Female,No,Gangapur Road,7.87,3.6,98.0,73,44,47,71742,Yes,Yes,4.8,0.676,75.81,Nashik,Nashik,Maharashtra
1672,"Civil Hospital, Nashik",Government,General Hospital,500,Cardiology,4,Male,Yes,Nashik Road,4.46,4.7,88.6,75,34,20,72828,Yes,No,3.3,0.916,80.32,Nashik,Nashik,Maharashtra
1673,"Wockhardt Hospitals, Nashik",Private,Super Specialty,200,Ophthalmology,75,Female,No,College Road,8.64,3.4,86.6,41,17,43,12075,Yes,Yes,4.5,0.815,75.22,Nashik,Nashik,Maharashtra
1674,"Apollo Hospitals, Nashik",Private,Multispecialty,200,Emergency Medicine,36,Female,No,Indira Nagar,5.56,4.2,97.2,77,76,46,73874,Yes,Yes,4.4,0.899,86.94,Nashik,Nashik,Maharashtra
1675,Six Sigma Medicare & Research Institute,Private,Multispecialty,150,Gastroenterology,69,Female,No,Panchavati,7.97,4.2,80.2,52,13,46,56742,No,Yes,4.4,0.878,71.8,Nashik,Nashik,Maharashtra
1676,"Government Medical College and Hospital, Chhatrapati Sambhajinagar",Government,Teaching Hospital,1200,Ophthalmology,84,Male,Yes,Beed Bypass,1.98,4.5,80.9,96,27,76,55483,No,Yes,3.8,0.791,76.89,Chhatrapati Sambhajinagar,Chhatrapati Sambhajinagar,Maharashtra
1677,"Government Superspecialty Hospital, Chhatrapati Sambhajinagar",Government,Super Specialty,500,Dermatology,15,Female,No,Jalna Road,3.61,3.7,85.6,40,13,90,21726,Yes,Yes,3.9,0.858,75.29,Chhatrapati Sambhajinagar,Chhatrapati Sambhajinagar,Maharashtra
1678,"Cancer Hospital, Chhatrapati Sambhajinagar",Government/Trust,Oncology,300,Pulmonology,63,Female,No,Beed Bypass,0.85,3.9,87.5,42,41,39,103693,Yes,No,4.3,0.879,75.97,Chhatrapati Sambhajinagar,Chhatrapati Sambhajinagar,Maharashtra
1679,Kamalnayan Bajaj Hospital,Private,Multispecialty,200,Pediatrics,32,Female,No,Jalna Road,14.21,3.8,90.5,83,15,82,5000,Yes,Yes,4.5,0.99,76.54,Chhatrapati Sambhajinagar,Chhatrapati Sambhajinagar,Maharashtra
1680,"MGM Hospital, Chhatrapati Sambhajinagar",Private/Trust,Teaching Hospital,750,Gastroenterology,64,Male,No,Garkheda,2.91,4.2,81.8,92,16,21,56443,No,Yes,3.7,0.92,78.52,Chhatrapati Sambhajinagar,Chhatrapati Sambhajinagar,Maharashtra
1681,Dr. Shankarrao Chavan Government Medical College and Hospital,Government,Teaching Hospital,500,General Medicine,81,Male,No,Shivaji Nagar,9.17,4.9,87.1,85,69,11,18888,Yes,Yes,4.0,0.819,86.34,Nanded,Nanded,Maharashtra
1682,"District Hospital, Nanded",Government,General Hospital,300,Emergency Medicine,34,Female,Yes,Taroda,7.91,4.9,90.8,86,42,83,25403,Yes,Yes,4.4,0.741,83.48,Nanded,Nanded,Maharashtra
1683,"MGM Hospital, Nanded",Private/Trust,Multispecialty,250,Emergency Medicine,83,Male,No,Taroda,3.45,3.7,76.8,60,33,5,62727,Yes,Yes,4.6,0.889,81.41,Nanded,Nanded,Maharashtra
1684,Shri Guru Gobind Singhji Memorial Hospital,Government,General Hospital,300,Orthopedics,38,Male,No,CIDCO,5.95,4.9,79.8,42,33,100,74622,Yes,Yes,4.3,0.948,78.91,Nanded,Nanded,Maharashtra
1685,Vilasrao Deshmukh Government Medical College and Hospital,Government,Teaching Hospital,500,Orthopedics,34,Male,Yes,Ausa Road,1.83,4.2,97.1,78,20,42,43523,Yes,Yes,4.0,0.915,83.98,Latur,Latur,Maharashtra
1686,"Government Superspecialty Hospital, Latur",Government,Super Specialty,300,Gynecology,66,Female,No,Barshi Road,4.72,3.9,83.5,90,80,87,105090,Yes,Yes,3.8,0.713,78.67,Latur,Latur,Maharashtra
1687,"District Hospital, Latur",Government,General Hospital,250,ENT,78,Male,No,Barshi Road,0.55,5.0,81.5,73,61,11,44698,Yes,Yes,4.5,0.901,84.31,Latur,Latur,Maharashtra
1688,MIMSR Medical College and Latur Hospital,Private/Trust,Teaching Hospital,700,Gastroenterology,28,Male,Yes,Ausa Road,3.88,4.3,76.7,55,19,89,35468,No,Yes,4.5,0.859,74.6,Latur,Latur,Maharashtra
1689,Rajashree Chhatrapati Shahu Maharaj Government Medical College and CPR Hospital,Government,Teaching Hospital,1000,Ophthalmology,61,Male,Yes,Udyam Nagar,3.22,4.6,85.5,65,11,42,34746,Yes,Yes,4.5,0.795,80.36,Kolhapur,Kolhapur,Maharashtra
1690,D. Y. Patil Hospital and Research Institute,Private/Trust,Teaching Hospital,750,Pediatrics,64,Female,No,Shahupuri,2.56,4.4,79.2,83,71,5,65219,No,Yes,3.9,0.612,79.36,Kolhapur,Kolhapur,Maharashtra
1691,Aster Aadhar Hospital,Private,Multispecialty,250,Nephrology,63,Female,No,Rajarampuri,10.15,4.5,83.3,99,41,39,5939,No,Yes,4.6,0.744,78.67,Kolhapur,Kolhapur,Maharashtra
1692,Dr. Vaishampayan Memorial Government Medical College and Chhatrapati Shivaji Maharaj General Hospital,Government,Teaching Hospital,900,Gastroenterology,28,Female,No,Akkalkot Road,4.77,4.6,90.6,88,17,33,61343,Yes,Yes,5.0,0.811,81.26,Solapur,Solapur,Maharashtra
1693,Ashwini Sahakari Rugnalaya,Private/Trust,Multispecialty,300,Emergency Medicine,54,Male,No,Sadar Bazar,15.49,4.4,87.1,48,74,38,33315,Yes,Yes,4.2,0.833,84.29,Solapur,Solapur,Maharashtra
1694,Yashodhara Super Speciality Hospital,Private,Super Specialty,200,Gynecology,10,Female,No,Hotgi Road,1.96,5.0,88.4,48,80,29,76331,Yes,No,4.3,0.603,76.5,Solapur,Solapur,Maharashtra
1695,"Government Medical College, Amravati",Government,Teaching Hospital,500,Nephrology,6,Female,Yes,Amravati,2.86,5.0,86.4,47,71,90,54309,Yes,No,4.3,0.866,81.12,Amravati,Amravati,Maharashtra
1696,"District Women Hospital, Amravati",Government,Women & Children,250,Gynecology,84,Female,No,Amravati,8.71,4.0,94.3,69,31,50,72934,Yes,Yes,4.1,0.78,78.32,Amravati,Amravati,Maharashtra
1697,Dr. Panjabrao Deshmukh Memorial Medical College,Private/Trust,Teaching Hospital,500,Dermatology,65,Female,No,Amravati,3.39,4.2,93.0,58,56,51,36978,No,Yes,4.4,0.788,79.42,Amravati,Amravati,Maharashtra
1698,"Government Medical College and Hospital, Akola",Government,Teaching Hospital,500,Ophthalmology,6,Male,Yes,Akola,3.5,4.7,91.5,42,16,83,18156,Yes,Yes,3.7,0.686,73.15,Akola,Akola,Maharashtra
1699,"Government Medical College and Super Speciality Hospital, Akola",Government,Super Specialty,300,Gastroenterology,51,Male,No,Akola,4.43,4.0,89.3,70,40,24,56881,Yes,Yes,4.4,0.879,79.33,Akola,Akola,Maharashtra
1700,"District Hospital, Akola",Government,General Hospital,250,General Surgery,23,Female,Yes,Akola,1.19,4.7,90.3,81,21,10,54182,Yes,Yes,3.3,0.765,81.44,Akola,Akola,Maharashtra
1701,Shri Vasantrao Naik Government Medical College and Hospital,Government,Teaching Hospital,1000,ENT,2,Male,No,Yavatmal,4.15,3.5,89.9,63,25,62,99111,Yes,Yes,3.8,0.935,78.34,Yavatmal,Yavatmal,Maharashtra
1702,"Government Superspecialty Hospital, Yavatmal",Government,Super Specialty,300,Oncology,55,Male,No,Yavatmal,2.03,4.9,86.5,70,80,44,115574,No,Yes,3.9,0.739,79.4,Yavatmal,Yavatmal,Maharashtra
1703,"Government Medical College, Chandrapur",Government,Teaching Hospital,500,Oncology,44,Female,No,Chandrapur,4.71,4.5,82.7,48,83,7,46956,No,Yes,3.9,0.674,74.95,Chandrapur,Chandrapur,Maharashtra
1704,"District Hospital, Chandrapur",Government,General Hospital,250,General Medicine,71,Male,No,Chandrapur,3.6,4.7,89.5,86,91,51,75472,Yes,Yes,4.5,0.531,77.28,Chandrapur,Chandrapur,Maharashtra
1705,"Government Medical College, Bhandara",Government,Teaching Hospital,500,Nephrology,23,Male,No,Bhandara,9.47,4.6,90.8,95,60,55,104860,Yes,Yes,5.0,0.899,84.79,Bhandara,Bhandara,Maharashtra
1706,"District General Hospital, Bhandara",Government,General Hospital,250,ENT,45,Female,No,Bhandara,16.05,3.8,76.7,45,63,23,5000,No,No,4.2,0.562,65.66,Bhandara,Bhandara,Maharashtra
1707,"Government Medical College, Gondia",Government,Teaching Hospital,500,Emergency Medicine,15,Female,No,Gondia,15.62,4.2,90.5,76,39,64,91570,Yes,Yes,4.7,0.687,73.48,Gondia,Gondia,Maharashtra
1708,"District Hospital, Gondia",Government,General Hospital,250,Neurology,7,Female,No,Gondia,11.86,3.7,94.3,87,71,76,42852,Yes,Yes,4.3,0.948,86.16,Gondia,Gondia,Maharashtra
1709,"Government Medical College, Wardha",Government,Teaching Hospital,500,General Surgery,76,Other,No,Wardha,7.09,4.7,77.0,71,89,69,5000,No,Yes,3.5,0.786,77.61,Wardha,Wardha,Maharashtra
1710,Acharya Vinoba Bhave Rural Hospital,Private/Trust,Teaching Hospital,1000,ENT,4,Female,No,Wardha,2.91,4.5,97.2,57,99,14,59556,Yes,No,3.6,0.704,81.73,Wardha,Wardha,Maharashtra
1711,"Government Medical College, Jalgaon",Government,Teaching Hospital,500,General Medicine,37,Male,No,Jalgaon,6.78,4.8,94.9,64,29,16,33890,Yes,Yes,4.1,0.862,84.47,Jalgaon,Jalgaon,Maharashtra
1712,"Government Medical College and Hospital, Dhule",Government,Teaching Hospital,500,General Medicine,28,Male,No,Dhule,8.08,4.5,78.3,41,96,71,95913,Yes,Yes,3.6,0.784,77.71,Dhule,Dhule,Maharashtra
1713,"District Hospital, Nandurbar",Government,General Hospital,250,Gynecology,80,Female,No,Nandurbar,2.3,3.9,86.1,65,28,58,15207,No,Yes,3.5,0.882,80.05,Nandurbar,Nandurbar,Maharashtra
1714,"Government Medical College, Nandurbar",Government,Teaching Hospital,500,Pulmonology,72,Female,No,Nandurbar,1.57,4.2,96.6,92,33,46,80779,Yes,Yes,4.4,0.693,82.84,Nandurbar,Nandurbar,Maharashtra
1715,"Government Medical College, Parbhani",Government,Teaching Hospital,500,Gastroenterology,71,Female,No,Parbhani,12.69,4.1,92.6,69,23,47,64488,Yes,Yes,4.6,0.706,71.65,Parbhani,Parbhani,Maharashtra
1716,"District Hospital, Parbhani",Government,General Hospital,250,Gastroenterology,74,Male,No,Parbhani,7.33,4.0,95.9,42,82,102,41531,Yes,Yes,4.1,0.728,79.29,Parbhani,Parbhani,Maharashtra
1717,"Government Medical College, Jalna",Government,Teaching Hospital,500,Nephrology,14,Female,No,Jalna,0.87,4.7,89.2,66,60,40,66838,Yes,Yes,3.3,0.648,80.68,Jalna,Jalna,Maharashtra
1718,"District Women Hospital, Jalna",Government,Women & Children,250,General Medicine,20,Female,No,Jalna,3.0,4.3,71.8,91,39,18,77292,Yes,Yes,4.7,0.935,82.41,Jalna,Jalna,Maharashtra
1719,SRTR Medical College and Government Hospital,Government,Teaching Hospital,750,Cardiology,26,Male,No,Ambajogai,3.61,4.4,87.0,50,78,63,33264,Yes,Yes,3.8,0.734,75.87,Ambajogai,Beed,Maharashtra
1720,"Government Medical College, Dharashiv",Government,Teaching Hospital,500,Emergency Medicine,32,Female,No,Dharashiv,3.85,4.4,87.2,97,41,24,67724,Yes,Yes,4.6,0.675,83.78,Dharashiv,Dharashiv,Maharashtra
1721,"District Hospital, Dharashiv",Government,General Hospital,250,Oncology,24,Female,No,Dharashiv,16.28,4.6,81.4,93,60,55,67329,Yes,No,3.7,0.926,78.99,Dharashiv,Dharashiv,Maharashtra
1722,"Government Medical College, Ratnagiri",Government,Teaching Hospital,500,Nephrology,62,Male,No,Ratnagiri,5.47,4.6,87.7,45,46,87,93327,Yes,Yes,4.5,0.762,76.54,Ratnagiri,Ratnagiri,Maharashtra
1723,"Government Medical College, Sindhudurg",Government,Teaching Hospital,500,Neurology,62,Male,No,Sindhudurg,5.56,4.7,83.3,53,24,37,37464,Yes,Yes,3.8,0.598,71.41,Sindhudurg,Sindhudurg,Maharashtra
1724,"District Hospital, Sindhudurg",Government,General Hospital,250,Pediatrics,73,Female,No,Sindhudurg,8.52,4.9,83.0,74,86,99,5000,Yes,Yes,4.9,0.886,84.3,Sindhudurg,Sindhudurg,Maharashtra
1725,"Government Medical College, Alibag",Government,Teaching Hospital,500,Pediatrics,58,Female,No,Alibag,8.28,4.1,82.0,40,46,64,84926,Yes,Yes,3.9,0.848,76.99,Alibag,Raigad,Maharashtra
1726,"District Hospital, Alibag",Government,General Hospital,250,General Medicine,45,Male,Yes,Alibag,0.6,4.3,97.9,71,30,40,52012,Yes,Yes,4.0,0.783,80.66,Alibag,Raigad,Maharashtra
1727,"Government Medical College, Satara",Government,Teaching Hospital,500,General Medicine,66,Female,No,Satara,7.99,4.7,84.7,81,87,48,43045,Yes,Yes,4.1,0.886,83.83,Satara,Satara,Maharashtra
1728,"District Hospital, Satara",Government,General Hospital,250,Ophthalmology,62,Female,No,Satara,6.62,4.5,92.3,60,16,34,55338,Yes,Yes,4.3,0.687,77.23,Satara,Satara,Maharashtra
1729,"Government Medical College, Miraj",Government,Teaching Hospital,750,Cardiology,54,Female,No,Miraj,9.38,4.0,87.6,74,88,44,38129,Yes,Yes,4.0,0.722,81.06,Miraj,Sangli,Maharashtra
1730,Padmabhushan Vasantdada Patil General Hospital,Government,General Hospital,500,Orthopedics,15,Other,No,Sangli,3.1,4.3,91.3,57,17,52,86959,Yes,Yes,4.3,0.653,71.54,Sangli,Sangli,Maharashtra
1731,"Government Medical College, Ambarnath",Government,Teaching Hospital,500,Nephrology,42,Female,No,Ambarnath,3.09,4.0,86.6,69,14,10,5000,Yes,Yes,4.2,0.82,79.83,Ambarnath,Thane,Maharashtra
1732,"Government Medical College and Hospital, Ambarnath",Government,Teaching Hospital,Teaching Hospital,Gastroenterology,24,Male,No,Ambarnath,2.18,4.2,80.3,44,10,58,12425,No,No,4.1,0.598,64.13,Ambarnath,Thane,Maharashtra
1733,Sir JJ Hospital,Government,Teaching Hospital,1500,General Medicine,29,Male,No,Borivali,5.34,4.6,93.5,93,83,5,79134,Yes,Yes,4.2,0.681,82.51,Mumbai,Mumbai City,Maharashtra
1734,"St. George's Hospital, Mumbai",Government,General Hospital,500,Pediatrics,47,Female,No,Powai,3.34,4.5,89.3,45,24,6,5000,Yes,Yes,4.2,0.641,77.45,Mumbai,Mumbai City,Maharashtra
1735,Gokuldas Tejpal Hospital,Government,General Hospital,500,ENT,6,Male,No,Powai,1.53,4.2,86.7,66,47,82,28381,Yes,Yes,4.8,0.642,79.08,Mumbai,Mumbai City,Maharashtra
1736,Cama and Albless Hospital,Government,Women & Children,367,Ophthalmology,38,Female,No,Powai,2.55,4.1,97.6,70,35,89,53709,Yes,Yes,4.3,0.732,78.02,Mumbai,Mumbai City,Maharashtra
1737,KEM Hospital,Government,Teaching Hospital,1800,Nephrology,49,Male,No,Dadar,1.9,4.1,98.0,43,84,14,20325,Yes,Yes,3.4,0.944,88.48,Mumbai,Mumbai City,Maharashtra
1738,Seth GS Medical College and KEM Hospital,Government,Teaching Hospital,1800,General Medicine,80,Female,Yes,Powai,2.6,4.1,84.4,79,47,38,34975,Yes,Yes,3.5,0.658,78.34,Mumbai,Mumbai City,Maharashtra
1739,Tata Memorial Hospital,Trust,Oncology,700,Gynecology,55,Female,No,Colaba,17.79,4.5,79.4,100,26,5,97655,Yes,Yes,4.5,0.8,77.16,Mumbai,Mumbai City,Maharashtra
1740,Kokilaben Dhirubhai Ambani Hospital,Private,Super Specialty,750,Dermatology,9,Male,No,Colaba,4.73,4.7,86.0,82,87,5,14302,No,Yes,5.0,0.828,87.66,Mumbai,Mumbai Suburban,Maharashtra
1741,Lilavati Hospital and Research Centre,Private,Multispecialty,323,Cardiology,15,Male,No,Dadar,2.08,4.4,96.4,76,99,41,5000,Yes,Yes,3.8,0.78,86.07,Mumbai,Mumbai Suburban,Maharashtra
1742,Hinduja Hospital,Private,Multispecialty,400,Emergency Medicine,63,Female,No,Bandra,8.68,3.6,89.7,50,51,40,33966,Yes,Yes,3.9,0.931,83.36,Mumbai,Mumbai City,Maharashtra
1743,Nanavati Max Super Speciality Hospital,Private,Super Specialty,350,Orthopedics,76,Female,No,Colaba,5.33,3.9,95.3,99,27,85,40726,Yes,Yes,3.7,0.853,81.45,Mumbai,Mumbai Suburban,Maharashtra
1744,Breach Candy Hospital Trust,Private,Multispecialty,200,Neurology,53,Female,No,Bandra,2.57,4.8,81.4,55,11,55,49990,Yes,Yes,3.7,0.88,76.26,Mumbai,Mumbai City,Maharashtra
1745,Asian Heart Institute,Private,Cardiac,250,General Medicine,40,Female,Yes,Borivali,1.22,4.0,88.0,67,22,67,58768,Yes,No,3.9,0.698,71.88,Mumbai,Mumbai Suburban,Maharashtra
1746,Jaslok Hospital,Private,Multispecialty,343,General Medicine,43,Female,No,Powai,5.06,4.3,85.9,73,100,39,27101,Yes,Yes,4.4,0.769,85.94,Mumbai,Mumbai City,Maharashtra
1747,Bombay Hospital & Medical Research Centre,Private,Multispecialty,725,Pediatrics,70,Female,No,Bandra,1.98,4.9,78.0,53,47,50,29511,No,Yes,4.6,0.778,77.36,Mumbai,Mumbai City,Maharashtra
1748,P. D. Hinduja Hospital & Medical Research Centre,Private,Multispecialty,400,ENT,61,Female,No,Powai,6.11,4.3,94.5,68,67,55,47762,Yes,Yes,4.3,0.649,81.07,Mumbai,Mumbai City,Maharashtra
1749,B. J. Government Medical College and Sassoon General Hospital,Government,Teaching Hospital,1500,Ophthalmology,4,Male,No,Baner,10.03,3.7,84.5,42,54,49,81538,Yes,Yes,4.8,0.897,77.57,Pune,Pune,Maharashtra
1750,Deenanath Mangeshkar Hospital and Research Center,Private,Multispecialty,900,Pulmonology,65,Female,No,Kharadi,1.97,3.7,85.5,45,48,43,93750,Yes,Yes,4.6,0.722,72.7,Pune,Pune,Maharashtra
1751,Ruby Hall Clinic,Private,Multispecialty,700,Orthopedics,37,Male,No,Baner,5.61,4.5,89.7,47,38,14,33157,Yes,No,4.3,0.945,84.42,Pune,Pune,Maharashtra
1752,Jehangir Hospital,Private,Multispecialty,350,Cardiology,58,Male,No,Kothrud,0.87,4.4,88.4,57,67,37,88190,Yes,Yes,5.0,0.808,84.85,Pune,Pune,Maharashtra
1753,Noble Hospitals & Research Centre,Private,Multispecialty,250,General Medicine,32,Female,No,Shivajinagar,4.06,4.8,76.8,71,96,5,50218,No,Yes,4.2,0.758,82.58,Pune,Pune,Maharashtra
1754,Sahyadri Super Speciality Hospital,Private,Super Specialty,350,Nephrology,82,Female,No,Kharadi,16.17,5.0,80.3,90,30,59,5000,Yes,Yes,4.2,0.933,81.75,Pune,Pune,Maharashtra
1755,Aditya Birla Memorial Hospital,Private,Multispecialty,500,Gastroenterology,18,Female,No,Kothrud,8.73,4.2,81.6,75,91,5,32469,No,Yes,4.0,0.811,80.77,Pune,Pune,Maharashtra
1756,"Manipal Hospital, Kharadi",Private,Multispecialty,300,Gastroenterology,50,Other,Yes,Baner,3.38,4.8,87.7,54,35,70,46255,Yes,Yes,4.2,0.747,76.51,Pune,Pune,Maharashtra
1757,"Columbia Asia Hospital, Pune",Private,Multispecialty,100,Dermatology,31,Male,No,Baner,5.39,4.6,79.0,69,77,5,50104,Yes,Yes,4.6,0.9,82.68,Pune,Pune,Maharashtra
1758,Armed Forces Medical College and Command Hospital,Government,Teaching Hospital,1200,Cardiology,55,Female,No,Kothrud,2.15,4.3,98.0,46,44,82,46661,Yes,Yes,4.1,1.0,81.81,Pune,Pune,Maharashtra
1759,"Government Medical College and Hospital, Nashik",Government,Teaching Hospital,1000,Gastroenterology,71,Male,No,Indira Nagar,1.12,3.6,96.2,97,10,94,86765,No,Yes,5.0,0.965,84.83,Nashik,Nashik,Maharashtra
1760,"Civil Hospital, Nashik",Government,General Hospital,500,Pulmonology,75,Male,No,Nashik Road,7.21,4.4,94.0,64,24,36,22181,No,Yes,4.1,0.784,80.18,Nashik,Nashik,Maharashtra
1761,"Wockhardt Hospitals, Nashik",Private,Super Specialty,200,ENT,5,Male,No,Nashik Road,9.53,4.5,91.5,85,35,46,51667,Yes,Yes,4.0,0.873,81.36,Nashik,Nashik,Maharashtra
1762,"Apollo Hospitals, Nashik",Private,Multispecialty,200,Gynecology,33,Male,No,Gangapur Road,8.16,4.4,95.1,99,99,35,87667,Yes,Yes,4.0,0.903,87.57,Nashik,Nashik,Maharashtra
1763,Six Sigma Medicare & Research Institute,Private,Multispecialty,150,Gastroenterology,8,Female,No,Panchavati,2.23,3.8,85.1,72,23,47,46997,Yes,Yes,4.3,0.78,80.24,Nashik,Nashik,Maharashtra
1764,"Government Medical College and Hospital, Chhatrapati Sambhajinagar",Government,Teaching Hospital,1200,Nephrology,21,Other,No,Jalna Road,4.58,5.0,77.8,52,70,60,39684,No,Yes,4.0,0.566,72.17,Chhatrapati Sambhajinagar,Chhatrapati Sambhajinagar,Maharashtra
1765,"Government Superspecialty Hospital, Chhatrapati Sambhajinagar",Government,Super Specialty,500,Dermatology,30,Female,No,Garkheda,10.39,3.8,88.1,68,81,43,88582,Yes,Yes,3.8,0.803,79.89,Chhatrapati Sambhajinagar,Chhatrapati Sambhajinagar,Maharashtra
1766,"Cancer Hospital, Chhatrapati Sambhajinagar",Government/Trust,Oncology,300,Orthopedics,11,Male,No,Beed Bypass,8.78,3.8,93.5,61,10,141,19934,Yes,Yes,3.7,0.801,70.82,Chhatrapati Sambhajinagar,Chhatrapati Sambhajinagar,Maharashtra
1767,Kamalnayan Bajaj Hospital,Private,Multispecialty,200,Pulmonology,69,Male,No,Garkheda,8.21,4.7,94.1,63,58,48,47947,Yes,Yes,3.5,0.735,81.98,Chhatrapati Sambhajinagar,Chhatrapati Sambhajinagar,Maharashtra
1768,"MGM Hospital, Chhatrapati Sambhajinagar",Private/Trust,Teaching Hospital,750,Ophthalmology,23,Male,Yes,Garkheda,1.45,4.9,82.7,92,57,40,95977,Yes,No,4.2,0.74,83.53,Chhatrapati Sambhajinagar,Chhatrapati Sambhajinagar,Maharashtra
1769,Dr. Shankarrao Chavan Government Medical College and Hospital,Government,Teaching Hospital,500,Pediatrics,38,Male,Yes,Shivaji Nagar,9.49,3.8,93.1,81,59,74,49363,Yes,Yes,4.5,0.587,74.05,Nanded,Nanded,Maharashtra
1770,"District Hospital, Nanded",Government,General Hospital,300,Pulmonology,66,Male,No,Shivaji Nagar,8.9,3.8,88.4,50,51,17,73521,No,No,3.7,0.854,75.91,Nanded,Nanded,Maharashtra
1771,"MGM Hospital, Nanded",Private/Trust,Multispecialty,250,Emergency Medicine,7,Female,No,Vazirabad,3.01,4.6,85.7,57,31,40,18692,Yes,Yes,4.2,0.904,81.34,Nanded,Nanded,Maharashtra
1772,Shri Guru Gobind Singhji Memorial Hospital,Government,General Hospital,300,General Surgery,82,Female,No,Vazirabad,4.3,4.7,90.8,94,84,60,49555,Yes,Yes,4.0,0.823,85.48,Nanded,Nanded,Maharashtra
1773,Vilasrao Deshmukh Government Medical College and Hospital,Government,Teaching Hospital,500,Pediatrics,18,Male,No,Barshi Road,14.98,4.0,85.4,40,45,5,35638,Yes,Yes,4.8,0.822,72.63,Latur,Latur,Maharashtra
1774,"Government Superspecialty Hospital, Latur",Government,Super Specialty,300,General Medicine,56,Female,No,Ganj Golai,1.46,4.4,93.6,93,77,64,12832,Yes,Yes,4.7,0.72,85.45,Latur,Latur,Maharashtra
1775,"District Hospital, Latur",Government,General Hospital,250,Pediatrics,31,Other,Yes,Ganj Golai,2.48,5.0,88.0,90,81,91,68725,Yes,Yes,3.9,0.884,85.77,Latur,Latur,Maharashtra
1776,MIMSR Medical College and Latur Hospital,Private/Trust,Teaching Hospital,700,ENT,17,Female,No,Ausa Road,12.06,4.2,82.9,83,91,71,5000,No,Yes,4.9,0.77,80.75,Latur,Latur,Maharashtra
1777,Rajashree Chhatrapati Shahu Maharaj Government Medical College and CPR Hospital,Government,Teaching Hospital,1000,Orthopedics,27,Male,No,Shahupuri,4.3,4.7,86.2,90,30,5,80450,Yes,Yes,4.3,0.864,84.81,Kolhapur,Kolhapur,Maharashtra
1778,D. Y. Patil Hospital and Research Institute,Private/Trust,Teaching Hospital,750,Emergency Medicine,47,Male,No,Shahupuri,6.17,4.3,77.9,42,55,67,71361,No,Yes,4.3,0.697,69.98,Kolhapur,Kolhapur,Maharashtra
1779,Aster Aadhar Hospital,Private,Multispecialty,250,Orthopedics,1,Female,No,Shahupuri,3.41,4.2,81.2,80,58,52,55072,Yes,Yes,4.1,0.915,83.41,Kolhapur,Kolhapur,Maharashtra
1780,Dr. Vaishampayan Memorial Government Medical College and Chhatrapati Shivaji Maharaj General Hospital,Government,Teaching Hospital,900,Emergency Medicine,39,Male,No,Sadar Bazar,1.0,3.9,81.6,89,67,5,61657,Yes,Yes,4.1,0.776,85.85,Solapur,Solapur,Maharashtra
1781,Ashwini Sahakari Rugnalaya,Private/Trust,Multispecialty,300,Gynecology,1,Male,No,Akkalkot Road,2.04,4.0,86.7,97,88,5,39973,Yes,Yes,4.5,0.72,86.1,Solapur,Solapur,Maharashtra
1782,Yashodhara Super Speciality Hospital,Private,Super Specialty,200,Gynecology,24,Female,No,Akkalkot Road,3.28,3.9,87.5,41,21,54,52638,Yes,Yes,4.1,0.638,70.63,Solapur,Solapur,Maharashtra
1783,"Government Medical College, Amravati",Government,Teaching Hospital,500,Neurology,68,Male,No,Amravati,1.36,4.2,78.5,90,24,48,46898,Yes,Yes,4.4,0.9,79.54,Amravati,Amravati,Maharashtra
1784,"District Women Hospital, Amravati",Government,Women & Children,250,Gynecology,48,Female,Yes,Amravati,2.99,4.7,88.1,74,52,5,78592,No,Yes,4.9,0.699,82.12,Amravati,Amravati,Maharashtra
1785,Dr. Panjabrao Deshmukh Memorial Medical College,Private/Trust,Teaching Hospital,500,ENT,12,Male,Yes,Amravati,6.42,4.2,94.0,66,44,43,55236,Yes,Yes,4.8,0.867,82.08,Amravati,Amravati,Maharashtra
1786,"Government Medical College and Hospital, Akola",Government,Teaching Hospital,500,Pediatrics,7,Female,No,Akola,0.59,4.4,84.7,79,32,40,40401,Yes,Yes,4.6,0.747,81.1,Akola,Akola,Maharashtra
1787,"Government Medical College and Super Speciality Hospital, Akola",Government,Super Specialty,300,Gastroenterology,80,Male,No,Akola,2.73,5.0,80.7,61,54,25,40425,Yes,Yes,4.1,0.758,81.0,Akola,Akola,Maharashtra
1788,"District Hospital, Akola",Government,General Hospital,250,Ophthalmology,20,Male,No,Akola,3.27,5.0,89.8,91,90,27,58743,Yes,No,3.7,0.523,79.87,Akola,Akola,Maharashtra
1789,Shri Vasantrao Naik Government Medical College and Hospital,Government,Teaching Hospital,1000,Gynecology,30,Male,No,Yavatmal,0.5,3.7,88.7,74,62,29,44512,Yes,Yes,4.3,0.934,87.93,Yavatmal,Yavatmal,Maharashtra
1790,"Government Superspecialty Hospital, Yavatmal",Government,Super Specialty,300,ENT,49,Male,Yes,Yavatmal,2.27,4.4,98.0,55,94,57,35870,No,Yes,4.2,0.873,83.15,Yavatmal,Yavatmal,Maharashtra
1791,"Government Medical College, Chandrapur",Government,Teaching Hospital,500,Pediatrics,67,Female,No,Chandrapur,10.18,4.6,79.9,86,97,104,38598,Yes,Yes,4.0,0.595,80.07,Chandrapur,Chandrapur,Maharashtra
1792,"District Hospital, Chandrapur",Government,General Hospital,250,ENT,4,Female,No,Chandrapur,15.92,4.1,91.1,52,41,86,45177,Yes,Yes,5.0,0.997,78.1,Chandrapur,Chandrapur,Maharashtra
1793,"Government Medical College, Bhandara",Government,Teaching Hospital,500,Gynecology,78,Male,No,Bhandara,0.5,4.0,98.0,65,89,54,41177,Yes,Yes,3.8,0.614,85.04,Bhandara,Bhandara,Maharashtra
1794,"District General Hospital, Bhandara",Government,General Hospital,250,Gynecology,61,Female,No,Bhandara,7.74,3.4,87.8,61,53,48,63980,Yes,Yes,3.8,0.808,79.97,Bhandara,Bhandara,Maharashtra
1795,"Government Medical College, Gondia",Government,Teaching Hospital,500,General Surgery,51,Female,No,Gondia,3.38,4.0,80.2,66,78,24,83647,Yes,Yes,5.0,0.73,80.79,Gondia,Gondia,Maharashtra
1796,"District Hospital, Gondia",Government,General Hospital,250,Emergency Medicine,26,Male,Yes,Gondia,2.37,4.4,98.0,74,65,42,83813,Yes,Yes,4.4,0.795,82.81,Gondia,Gondia,Maharashtra
1797,"Government Medical College, Wardha",Government,Teaching Hospital,500,Gynecology,59,Male,Yes,Wardha,0.84,4.6,88.8,98,27,40,47741,Yes,Yes,3.5,0.596,78.37,Wardha,Wardha,Maharashtra
1798,Acharya Vinoba Bhave Rural Hospital,Private/Trust,Teaching Hospital,1000,Pulmonology,68,Female,No,Wardha,4.95,4.6,90.0,56,73,28,26250,Yes,Yes,4.4,0.79,84.05,Wardha,Wardha,Maharashtra
1799,"Government Medical College, Jalgaon",Government,Teaching Hospital,500,Orthopedics,63,Male,Yes,Jalgaon,5.26,4.7,78.0,95,52,58,9919,Yes,Yes,3.7,0.796,81.96,Jalgaon,Jalgaon,Maharashtra
1800,"Government Medical College and Hospital, Dhule",Government,Teaching Hospital,500,Cardiology,73,Female,Yes,Dhule,18.27,4.2,85.4,91,74,26,55486,Yes,Yes,3.6,0.6,78.91,Dhule,Dhule,Maharashtra
1801,"District Hospital, Nandurbar",Government,General Hospital,250,Orthopedics,75,Other,No,Nandurbar,7.76,4.7,98.0,93,99,14,48760,No,Yes,4.0,0.912,90.45,Nandurbar,Nandurbar,Maharashtra
1802,"Government Medical College, Nandurbar",Government,Teaching Hospital,500,Emergency Medicine,57,Female,Yes,Nandurbar,1.6,4.1,67.1,64,57,77,83074,Yes,Yes,4.0,0.797,75.04,Nandurbar,Nandurbar,Maharashtra
1803,"Government Medical College, Parbhani",Government,Teaching Hospital,500,General Medicine,69,Other,Yes,Parbhani,4.41,4.3,95.0,97,33,108,66477,No,Yes,4.1,0.947,83.2,Parbhani,Parbhani,Maharashtra
1804,"District Hospital, Parbhani",Government,General Hospital,250,ENT,73,Female,No,Parbhani,2.7,4.4,89.6,83,85,81,67333,No,Yes,4.1,0.985,85.29,Parbhani,Parbhani,Maharashtra
1805,"Government Medical College, Jalna",Government,Teaching Hospital,500,Gynecology,7,Male,Yes,Jalna,7.55,4.2,98.0,75,21,35,69611,Yes,Yes,4.4,0.824,82.08,Jalna,Jalna,Maharashtra
1806,"District Women Hospital, Jalna",Government,Women & Children,250,General Surgery,77,Male,No,Jalna,2.02,3.9,75.4,82,80,27,86957,Yes,Yes,5.0,0.728,83.14,Jalna,Jalna,Maharashtra
1807,SRTR Medical College and Government Hospital,Government,Teaching Hospital,750,Cardiology,27,Female,No,Ambajogai,4.58,4.7,78.8,52,33,57,40606,Yes,No,4.1,0.865,76.26,Ambajogai,Beed,Maharashtra
1808,"Government Medical College, Dharashiv",Government,Teaching Hospital,500,Pediatrics,50,Male,No,Dharashiv,7.49,4.4,93.5,87,78,9,54624,Yes,No,3.7,0.74,81.01,Dharashiv,Dharashiv,Maharashtra
1809,"District Hospital, Dharashiv",Government,General Hospital,250,Nephrology,77,Male,No,Dharashiv,8.52,4.2,95.0,100,58,90,62983,Yes,Yes,4.4,0.975,87.23,Dharashiv,Dharashiv,Maharashtra
1810,"Government Medical College, Ratnagiri",Government,Teaching Hospital,500,Gynecology,85,Male,No,Ratnagiri,7.32,4.5,92.9,97,74,20,65311,Yes,No,4.4,0.874,84.57,Ratnagiri,Ratnagiri,Maharashtra
1811,"Government Medical College, Sindhudurg",Government,Teaching Hospital,500,Ophthalmology,49,Male,No,Sindhudurg,0.53,4.1,95.4,44,53,21,102049,Yes,Yes,4.0,0.745,80.19,Sindhudurg,Sindhudurg,Maharashtra
1812,"District Hospital, Sindhudurg",Government,General Hospital,250,Dermatology,16,Other,No,Sindhudurg,12.02,4.5,88.8,74,80,68,5000,Yes,Yes,3.8,0.767,83.58,Sindhudurg,Sindhudurg,Maharashtra
1813,"Government Medical College, Alibag",Government,Teaching Hospital,500,Gynecology,63,Female,Yes,Alibag,6.39,4.2,91.9,100,83,73,85451,Yes,Yes,5.0,0.754,82.78,Alibag,Raigad,Maharashtra
1814,"District Hospital, Alibag",Government,General Hospital,250,ENT,82,Male,No,Alibag,3.83,4.6,77.9,64,38,52,40348,Yes,Yes,4.3,0.843,81.61,Alibag,Raigad,Maharashtra
1815,"Government Medical College, Satara",Government,Teaching Hospital,500,Pediatrics,66,Other,No,Satara,15.78,4.1,98.0,72,86,64,53097,Yes,Yes,4.2,0.798,81.11,Satara,Satara,Maharashtra
1816,"District Hospital, Satara",Government,General Hospital,250,Emergency Medicine,6,Male,Yes,Satara,11.66,4.0,86.9,93,84,71,48843,Yes,Yes,4.5,0.818,82.69,Satara,Satara,Maharashtra
1817,"Government Medical College, Miraj",Government,Teaching Hospital,750,Oncology,62,Other,No,Miraj,11.6,4.4,83.3,91,81,15,54443,Yes,Yes,3.9,0.685,79.68,Miraj,Sangli,Maharashtra
1818,Padmabhushan Vasantdada Patil General Hospital,Government,General Hospital,500,Nephrology,82,Male,No,Sangli,9.38,3.7,79.4,90,85,76,24920,No,Yes,3.9,0.692,73.82,Sangli,Sangli,Maharashtra
1819,"Government Medical College, Ambarnath",Government,Teaching Hospital,500,Oncology,56,Female,Yes,Ambarnath,1.12,4.1,80.1,65,43,38,84810,Yes,Yes,4.3,0.69,76.94,Ambarnath,Thane,Maharashtra
1820,"Government Medical College and Hospital, Ambarnath",Government,Teaching Hospital,Teaching Hospital,General Medicine,47,Female,No,Ambarnath,4.15,3.9,87.5,43,90,38,58954,Yes,No,4.7,1.0,83.44,Ambarnath,Thane,Maharashtra
1821,Sir JJ Hospital,Government,Teaching Hospital,1500,General Medicine,40,Female,No,Borivali,9.66,4.7,87.5,70,85,44,45248,No,Yes,4.4,0.842,81.15,Mumbai,Mumbai City,Maharashtra
1822,"St. George's Hospital, Mumbai",Government,General Hospital,500,General Medicine,65,Female,No,Kurla,1.67,4.6,83.9,99,91,42,105378,Yes,No,3.7,0.941,85.23,Mumbai,Mumbai City,Maharashtra
1823,Gokuldas Tejpal Hospital,Government,General Hospital,500,Pediatrics,77,Male,No,Andheri,6.83,4.3,92.3,90,13,67,58042,No,Yes,3.4,0.934,75.81,Mumbai,Mumbai City,Maharashtra
1824,Cama and Albless Hospital,Government,Women & Children,367,Dermatology,71,Female,Yes,Kurla,2.98,4.0,79.2,76,33,77,98126,Yes,Yes,3.8,0.778,75.87,Mumbai,Mumbai City,Maharashtra
1825,KEM Hospital,Government,Teaching Hospital,1800,Nephrology,33,Female,No,Colaba,9.14,3.4,94.3,60,85,48,5000,Yes,Yes,4.6,0.724,77.44,Mumbai,Mumbai City,Maharashtra
1826,Seth GS Medical College and KEM Hospital,Government,Teaching Hospital,1800,Pulmonology,41,Female,No,Andheri,2.93,4.8,81.4,71,88,57,79498,No,Yes,5.0,0.816,79.39,Mumbai,Mumbai City,Maharashtra
1827,Tata Memorial Hospital,Trust,Oncology,700,Pediatrics,14,Male,Yes,Bandra,2.98,4.2,93.5,67,89,28,58329,Yes,Yes,4.5,0.848,86.94,Mumbai,Mumbai City,Maharashtra
1828,Kokilaben Dhirubhai Ambani Hospital,Private,Super Specialty,750,Gastroenterology,38,Male,No,Andheri,2.72,4.6,91.1,57,56,64,23977,Yes,Yes,4.5,0.597,80.5,Mumbai,Mumbai Suburban,Maharashtra
1829,Lilavati Hospital and Research Centre,Private,Multispecialty,323,Pulmonology,82,Male,No,Powai,3.12,5.0,89.5,68,91,63,58335,Yes,Yes,4.0,0.882,87.43,Mumbai,Mumbai Suburban,Maharashtra
1830,Hinduja Hospital,Private,Multispecialty,400,Ophthalmology,28,Male,No,Borivali,0.69,4.4,75.7,56,59,82,60538,Yes,Yes,4.9,0.757,80.14,Mumbai,Mumbai City,Maharashtra
1831,Nanavati Max Super Speciality Hospital,Private,Super Specialty,350,Cardiology,85,Male,No,Dadar,9.47,4.4,81.7,72,25,5,30859,Yes,Yes,4.1,0.697,77.39,Mumbai,Mumbai Suburban,Maharashtra
1832,Breach Candy Hospital Trust,Private,Multispecialty,200,Gynecology,75,Male,No,Dadar,5.93,4.5,86.4,85,27,109,55492,Yes,Yes,4.9,0.933,80.97,Mumbai,Mumbai City,Maharashtra
1833,Asian Heart Institute,Private,Cardiac,250,Nephrology,2,Male,No,Bandra,2.63,4.8,90.4,69,29,38,5000,Yes,Yes,4.6,0.85,85.64,Mumbai,Mumbai Suburban,Maharashtra
1834,Jaslok Hospital,Private,Multispecialty,343,Nephrology,32,Male,No,Powai,1.1,3.8,98.0,67,48,5,55350,Yes,Yes,4.2,0.835,86.48,Mumbai,Mumbai City,Maharashtra
1835,Bombay Hospital & Medical Research Centre,Private,Multispecialty,725,Neurology,12,Male,No,Powai,1.53,4.0,93.8,85,18,61,40160,Yes,Yes,4.2,0.89,83.32,Mumbai,Mumbai City,Maharashtra
1836,P. D. Hinduja Hospital & Medical Research Centre,Private,Multispecialty,400,Orthopedics,26,Female,No,Bandra,7.65,4.6,98.0,88,52,60,133297,Yes,No,4.5,0.791,79.75,Mumbai,Mumbai City,Maharashtra
1837,B. J. Government Medical College and Sassoon General Hospital,Government,Teaching Hospital,1500,Pediatrics,76,Male,No,Wakad,5.29,4.0,91.7,94,94,22,5000,No,Yes,3.9,0.843,84.74,Pune,Pune,Maharashtra
1838,Deenanath Mangeshkar Hospital and Research Center,Private,Multispecialty,900,Neurology,63,Male,Yes,Hadapsar,5.31,4.3,79.7,73,50,70,85427,Yes,Yes,4.8,0.898,78.65,Pune,Pune,Maharashtra
1839,Ruby Hall Clinic,Private,Multispecialty,700,Pediatrics,69,Female,No,Kharadi,2.86,4.3,83.7,90,82,63,21290,No,Yes,4.8,0.913,84.97,Pune,Pune,Maharashtra
1840,Jehangir Hospital,Private,Multispecialty,350,Ophthalmology,19,Female,No,Hadapsar,7.21,4.7,87.6,96,54,95,8292,No,Yes,3.9,0.888,78.65,Pune,Pune,Maharashtra
1841,Noble Hospitals & Research Centre,Private,Multispecialty,250,ENT,42,Female,No,Wakad,7.04,4.3,85.3,74,17,106,69119,Yes,Yes,4.0,0.937,76.47,Pune,Pune,Maharashtra
1842,Sahyadri Super Speciality Hospital,Private,Super Specialty,350,Dermatology,81,Female,No,Kothrud,0.5,3.9,92.7,48,45,60,12575,Yes,Yes,3.5,0.753,78.26,Pune,Pune,Maharashtra
1843,Aditya Birla Memorial Hospital,Private,Multispecialty,500,Cardiology,63,Male,Yes,Baner,7.45,4.2,82.4,42,12,71,27322,Yes,Yes,4.4,0.771,75.1,Pune,Pune,Maharashtra
1844,"Manipal Hospital, Kharadi",Private,Multispecialty,300,Pediatrics,12,Male,No,Shivajinagar,9.0,4.5,87.0,68,10,28,91339,Yes,Yes,4.3,0.624,74.73,Pune,Pune,Maharashtra
1845,"Columbia Asia Hospital, Pune",Private,Multispecialty,100,General Surgery,68,Male,No,Kharadi,6.76,4.3,83.8,59,99,84,55667,Yes,Yes,3.7,0.817,80.93,Pune,Pune,Maharashtra
1846,Armed Forces Medical College and Command Hospital,Government,Teaching Hospital,1200,Neurology,73,Male,Yes,Kharadi,0.75,4.5,77.1,47,86,40,57814,Yes,Yes,3.5,0.862,82.81,Pune,Pune,Maharashtra
1847,"Government Medical College and Hospital, Nashik",Government,Teaching Hospital,1000,ENT,24,Male,No,Gangapur Road,7.93,4.4,73.7,80,25,31,113667,No,Yes,4.5,0.852,72.33,Nashik,Nashik,Maharashtra
1848,"Civil Hospital, Nashik",Government,General Hospital,500,Orthopedics,21,Male,No,Indira Nagar,7.41,4.3,84.5,75,93,27,49515,Yes,Yes,3.8,0.583,80.62,Nashik,Nashik,Maharashtra
1849,"Wockhardt Hospitals, Nashik",Private,Super Specialty,200,Orthopedics,35,Female,No,College Road,8.6,3.7,87.8,48,38,51,62492,Yes,Yes,3.6,0.756,71.31,Nashik,Nashik,Maharashtra
1850,"Apollo Hospitals, Nashik",Private,Multispecialty,200,Pulmonology,39,Male,Yes,Panchavati,5.22,4.0,91.7,41,85,5,106720,Yes,Yes,3.6,0.85,79.5,Nashik,Nashik,Maharashtra
1851,Six Sigma Medicare & Research Institute,Private,Multispecialty,150,Cardiology,13,Male,No,College Road,0.5,4.7,90.0,76,59,66,85533,Yes,No,3.8,0.767,78.84,Nashik,Nashik,Maharashtra
1852,"Government Medical College and Hospital, Chhatrapati Sambhajinagar",Government,Teaching Hospital,1200,Neurology,53,Male,No,Beed Bypass,5.77,3.7,79.0,46,77,64,81047,No,Yes,4.0,0.767,72.31,Chhatrapati Sambhajinagar,Chhatrapati Sambhajinagar,Maharashtra
1853,"Government Superspecialty Hospital, Chhatrapati Sambhajinagar",Government,Super Specialty,500,Cardiology,81,Male,No,Garkheda,3.0,3.7,86.0,64,58,77,31617,Yes,Yes,4.3,0.847,78.57,Chhatrapati Sambhajinagar,Chhatrapati Sambhajinagar,Maharashtra
1854,"Cancer Hospital, Chhatrapati Sambhajinagar",Government/Trust,Oncology,300,Orthopedics,15,Male,No,CIDCO,3.45,4.5,83.9,98,41,80,70269,No,Yes,3.5,0.787,75.44,Chhatrapati Sambhajinagar,Chhatrapati Sambhajinagar,Maharashtra
1855,Kamalnayan Bajaj Hospital,Private,Multispecialty,200,Nephrology,84,Male,No,CIDCO,0.76,4.4,77.3,92,50,19,53932,Yes,Yes,3.2,0.813,78.54,Chhatrapati Sambhajinagar,Chhatrapati Sambhajinagar,Maharashtra
1856,"MGM Hospital, Chhatrapati Sambhajinagar",Private/Trust,Teaching Hospital,750,Neurology,21,Female,Yes,Garkheda,1.54,4.4,92.9,59,95,112,46544,No,Yes,4.8,0.679,81.28,Chhatrapati Sambhajinagar,Chhatrapati Sambhajinagar,Maharashtra
1857,Dr. Shankarrao Chavan Government Medical College and Hospital,Government,Teaching Hospital,500,General Surgery,82,Female,No,CIDCO,11.09,4.2,82.5,68,44,59,40509,Yes,Yes,4.2,0.79,77.53,Nanded,Nanded,Maharashtra
1858,"District Hospital, Nanded",Government,General Hospital,300,Dermatology,31,Male,No,CIDCO,1.62,4.3,79.0,90,44,65,48004,Yes,Yes,3.8,0.68,81.98,Nanded,Nanded,Maharashtra
1859,"MGM Hospital, Nanded",Private/Trust,Multispecialty,250,General Surgery,74,Female,No,Taroda,2.36,3.6,89.0,88,12,48,107275,Yes,Yes,3.7,0.73,75.27,Nanded,Nanded,Maharashtra
1860,Shri Guru Gobind Singhji Memorial Hospital,Government,General Hospital,300,General Surgery,85,Female,No,Taroda,0.8,4.8,78.8,80,64,112,111908,Yes,Yes,5.0,0.556,74.74,Nanded,Nanded,Maharashtra
1861,Vilasrao Deshmukh Government Medical College and Hospital,Government,Teaching Hospital,500,Nephrology,83,Male,No,Shivaji Chowk,5.03,4.0,75.1,86,93,54,36214,No,Yes,3.6,0.808,81.93,Latur,Latur,Maharashtra
1862,"Government Superspecialty Hospital, Latur",Government,Super Specialty,300,ENT,58,Female,No,Barshi Road,10.06,4.2,73.0,51,72,51,72775,Yes,Yes,4.2,0.726,78.14,Latur,Latur,Maharashtra
1863,"District Hospital, Latur",Government,General Hospital,250,Ophthalmology,10,Female,No,Shivaji Chowk,2.27,3.9,92.9,53,61,45,68810,No,Yes,4.2,0.764,75.05,Latur,Latur,Maharashtra
1864,MIMSR Medical College and Latur Hospital,Private/Trust,Teaching Hospital,700,ENT,4,Male,Yes,Ganj Golai,3.65,4.8,90.0,72,30,63,59162,Yes,Yes,3.5,0.702,77.51,Latur,Latur,Maharashtra
1865,Rajashree Chhatrapati Shahu Maharaj Government Medical College and CPR Hospital,Government,Teaching Hospital,1000,Gastroenterology,34,Female,No,Rajarampuri,12.26,3.4,93.0,64,44,66,58024,Yes,Yes,4.3,0.88,74.63,Kolhapur,Kolhapur,Maharashtra
1866,D. Y. Patil Hospital and Research Institute,Private/Trust,Teaching Hospital,750,Neurology,25,Female,No,Rajarampuri,5.57,4.0,93.4,76,19,100,23264,No,Yes,4.5,0.81,75.91,Kolhapur,Kolhapur,Maharashtra
1867,Aster Aadhar Hospital,Private,Multispecialty,250,Dermatology,44,Female,Yes,Udyam Nagar,17.1,4.0,86.2,60,54,42,75781,Yes,Yes,4.6,0.704,71.73,Kolhapur,Kolhapur,Maharashtra
1868,Dr. Vaishampayan Memorial Government Medical College and Chhatrapati Shivaji Maharaj General Hospital,Government,Teaching Hospital,900,Pulmonology,3,Female,Yes,Sadar Bazar,9.92,4.0,77.4,74,92,70,9516,Yes,Yes,4.4,0.798,79.39,Solapur,Solapur,Maharashtra
1869,Ashwini Sahakari Rugnalaya,Private/Trust,Multispecialty,300,Emergency Medicine,15,Male,No,Jule Solapur,4.02,4.3,98.0,78,90,46,5000,Yes,Yes,3.8,0.87,86.66,Solapur,Solapur,Maharashtra
1870,Yashodhara Super Speciality Hospital,Private,Super Specialty,200,Oncology,75,Male,No,Hotgi Road,4.41,3.8,90.8,40,71,50,42129,No,Yes,4.6,0.773,75.28,Solapur,Solapur,Maharashtra
1871,"Government Medical College, Amravati",Government,Teaching Hospital,500,Oncology,52,Male,No,Amravati,2.09,4.1,86.6,88,56,61,83777,Yes,Yes,4.5,0.58,80.68,Amravati,Amravati,Maharashtra
1872,"District Women Hospital, Amravati",Government,Women & Children,250,Gastroenterology,71,Female,No,Amravati,0.53,3.8,98.0,52,98,113,64075,Yes,Yes,4.0,0.863,81.24,Amravati,Amravati,Maharashtra
1873,Dr. Panjabrao Deshmukh Memorial Medical College,Private/Trust,Teaching Hospital,500,Cardiology,46,Male,No,Amravati,8.33,4.7,84.9,63,54,70,32394,No,Yes,3.5,0.868,78.84,Amravati,Amravati,Maharashtra
1874,"Government Medical College and Hospital, Akola",Government,Teaching Hospital,500,Dermatology,23,Male,Yes,Akola,11.31,4.3,94.9,66,51,45,74506,Yes,Yes,4.0,0.926,78.11,Akola,Akola,Maharashtra
1875,"Government Medical College and Super Speciality Hospital, Akola",Government,Super Specialty,300,Gynecology,1,Male,No,Akola,8.36,3.8,84.9,96,29,77,88438,Yes,Yes,4.4,0.986,76.64,Akola,Akola,Maharashtra
1876,"District Hospital, Akola",Government,General Hospital,250,Gastroenterology,4,Female,No,Akola,3.12,3.8,97.9,46,82,83,31651,Yes,Yes,3.9,0.944,84.86,Akola,Akola,Maharashtra
1877,Shri Vasantrao Naik Government Medical College and Hospital,Government,Teaching Hospital,1000,General Medicine,5,Female,No,Yavatmal,8.5,4.4,83.6,86,64,11,53375,Yes,Yes,5.0,0.788,82.53,Yavatmal,Yavatmal,Maharashtra
1878,"Government Superspecialty Hospital, Yavatmal",Government,Super Specialty,300,Ophthalmology,35,Male,No,Yavatmal,9.7,4.4,87.2,79,55,91,49916,Yes,Yes,3.9,0.729,80.94,Yavatmal,Yavatmal,Maharashtra
1879,"Government Medical College, Chandrapur",Government,Teaching Hospital,500,Oncology,69,Male,No,Chandrapur,5.72,5.0,75.3,79,71,79,29976,Yes,Yes,4.1,0.873,83.17,Chandrapur,Chandrapur,Maharashtra
1880,"District Hospital, Chandrapur",Government,General Hospital,250,Pediatrics,44,Male,No,Chandrapur,6.1,4.6,80.7,41,52,64,5000,Yes,Yes,4.6,0.6,74.83,Chandrapur,Chandrapur,Maharashtra
1881,"Government Medical College, Bhandara",Government,Teaching Hospital,500,General Medicine,26,Female,No,Bhandara,1.77,4.0,98.0,50,86,92,84695,Yes,No,4.3,0.629,75.99,Bhandara,Bhandara,Maharashtra
1882,"District General Hospital, Bhandara",Government,General Hospital,250,ENT,6,Male,No,Bhandara,5.81,4.2,96.6,63,27,20,90613,Yes,No,4.0,0.84,76.57,Bhandara,Bhandara,Maharashtra
1883,"Government Medical College, Gondia",Government,Teaching Hospital,500,Ophthalmology,18,Female,Yes,Gondia,5.0,5.0,96.7,71,28,51,95795,Yes,Yes,3.9,0.786,75.52,Gondia,Gondia,Maharashtra
1884,"District Hospital, Gondia",Government,General Hospital,250,Pediatrics,44,Female,Yes,Gondia,5.49,3.9,76.4,62,31,51,8925,Yes,Yes,4.6,0.77,71.94,Gondia,Gondia,Maharashtra
1885,"Government Medical College, Wardha",Government,Teaching Hospital,500,ENT,59,Female,No,Wardha,3.43,4.9,87.7,60,61,5,60853,No,Yes,4.6,0.919,82.24,Wardha,Wardha,Maharashtra
1886,Acharya Vinoba Bhave Rural Hospital,Private/Trust,Teaching Hospital,1000,Ophthalmology,44,Other,No,Wardha,2.99,4.5,78.0,56,84,26,34520,Yes,Yes,4.2,0.61,76.42,Wardha,Wardha,Maharashtra
1887,"Government Medical College, Jalgaon",Government,Teaching Hospital,500,Neurology,52,Female,No,Jalgaon,1.65,4.2,86.1,86,85,72,45213,Yes,Yes,3.9,0.606,80.53,Jalgaon,Jalgaon,Maharashtra
1888,"Government Medical College and Hospital, Dhule",Government,Teaching Hospital,500,General Medicine,13,Male,No,Dhule,4.07,4.2,97.7,68,99,93,52503,Yes,Yes,3.7,0.649,80.97,Dhule,Dhule,Maharashtra
1889,"District Hospital, Nandurbar",Government,General Hospital,250,ENT,56,Female,No,Nandurbar,5.11,4.6,83.6,85,59,5,90331,Yes,Yes,4.0,0.949,86.0,Nandurbar,Nandurbar,Maharashtra
1890,"Government Medical College, Nandurbar",Government,Teaching Hospital,500,Nephrology,2,Male,Yes,Nandurbar,2.16,4.2,89.5,61,25,49,59392,Yes,Yes,4.2,0.735,79.25,Nandurbar,Nandurbar,Maharashtra
1891,"Government Medical College, Parbhani",Government,Teaching Hospital,500,Gynecology,44,Male,Yes,Parbhani,7.3,4.3,91.5,41,16,70,68964,Yes,Yes,4.6,0.788,77.85,Parbhani,Parbhani,Maharashtra
1892,"District Hospital, Parbhani",Government,General Hospital,250,Emergency Medicine,3,Female,No,Parbhani,6.89,4.1,89.1,50,60,64,25583,Yes,Yes,5.0,0.845,81.31,Parbhani,Parbhani,Maharashtra
1893,"Government Medical College, Jalna",Government,Teaching Hospital,500,Orthopedics,2,Male,No,Jalna,8.61,4.5,92.7,100,19,31,27732,Yes,Yes,4.2,0.782,84.81,Jalna,Jalna,Maharashtra
1894,"District Women Hospital, Jalna",Government,Women & Children,250,Emergency Medicine,17,Male,No,Jalna,4.6,4.0,84.4,60,43,43,32317,Yes,Yes,4.2,0.875,82.84,Jalna,Jalna,Maharashtra
1895,SRTR Medical College and Government Hospital,Government,Teaching Hospital,750,Neurology,48,Female,Yes,Ambajogai,4.77,4.4,76.6,79,60,5,72302,Yes,Yes,3.9,0.887,82.86,Ambajogai,Beed,Maharashtra
1896,"Government Medical College, Dharashiv",Government,Teaching Hospital,500,Ophthalmology,61,Male,No,Dharashiv,1.95,4.5,83.7,99,49,54,96666,Yes,Yes,4.3,0.871,83.8,Dharashiv,Dharashiv,Maharashtra
1897,"District Hospital, Dharashiv",Government,General Hospital,250,Pediatrics,10,Male,No,Dharashiv,10.47,4.3,89.5,71,86,74,71603,Yes,Yes,3.7,0.953,84.58,Dharashiv,Dharashiv,Maharashtra
1898,"Government Medical College, Ratnagiri",Government,Teaching Hospital,500,Gastroenterology,8,Female,No,Ratnagiri,1.32,4.8,89.3,47,90,66,29642,Yes,Yes,4.8,0.87,82.12,Ratnagiri,Ratnagiri,Maharashtra
1899,"Government Medical College, Sindhudurg",Government,Teaching Hospital,500,Cardiology,75,Female,No,Sindhudurg,14.77,3.6,92.3,70,87,81,73978,Yes,Yes,4.7,0.822,77.06,Sindhudurg,Sindhudurg,Maharashtra
1900,"District Hospital, Sindhudurg",Government,General Hospital,250,General Medicine,35,Female,No,Sindhudurg,8.24,4.3,86.8,92,61,9,33977,Yes,Yes,4.6,0.778,82.83,Sindhudurg,Sindhudurg,Maharashtra
1901,"Government Medical College, Alibag",Government,Teaching Hospital,500,Ophthalmology,61,Male,Yes,Alibag,4.22,4.6,91.3,67,29,107,48105,No,Yes,4.6,0.9,74.78,Alibag,Raigad,Maharashtra
1902,"District Hospital, Alibag",Government,General Hospital,250,Oncology,35,Female,Yes,Alibag,4.96,4.8,83.0,89,90,5,9064,Yes,No,4.7,0.761,85.72,Alibag,Raigad,Maharashtra
1903,"Government Medical College, Satara",Government,Teaching Hospital,500,ENT,28,Female,No,Satara,2.28,3.7,93.0,64,79,67,34368,Yes,Yes,4.0,0.586,79.87,Satara,Satara,Maharashtra
1904,"District Hospital, Satara",Government,General Hospital,250,ENT,4,Female,No,Satara,10.09,4.7,93.7,68,91,42,59586,Yes,Yes,4.7,0.591,77.73,Satara,Satara,Maharashtra
1905,"Government Medical College, Miraj",Government,Teaching Hospital,750,Orthopedics,2,Female,No,Miraj,4.41,4.5,83.8,70,77,53,37945,Yes,Yes,3.8,0.743,83.02,Miraj,Sangli,Maharashtra
1906,Padmabhushan Vasantdada Patil General Hospital,Government,General Hospital,500,Cardiology,9,Male,No,Sangli,4.51,5.0,92.5,70,50,35,41325,Yes,Yes,4.6,0.735,84.81,Sangli,Sangli,Maharashtra
1907,"Government Medical College, Ambarnath",Government,Teaching Hospital,500,General Surgery,59,Male,No,Ambarnath,6.52,4.1,89.4,93,66,109,65606,No,Yes,4.1,0.673,75.37,Ambarnath,Thane,Maharashtra
1908,"Government Medical College and Hospital, Ambarnath",Government,Teaching Hospital,Teaching Hospital,Pulmonology,64,Female,Yes,Ambarnath,4.08,4.7,83.0,94,65,41,54767,No,Yes,4.1,0.864,82.5,Ambarnath,Thane,Maharashtra
1909,Sir JJ Hospital,Government,Teaching Hospital,1500,General Medicine,7,Male,Yes,Borivali,6.66,5.0,93.5,74,23,90,65325,No,Yes,4.5,1.0,83.23,Mumbai,Mumbai City,Maharashtra
1910,"St. George's Hospital, Mumbai",Government,General Hospital,500,Pulmonology,8,Male,No,Bandra,13.86,4.3,89.1,50,42,53,51096,Yes,No,4.1,0.727,73.69,Mumbai,Mumbai City,Maharashtra
1911,Gokuldas Tejpal Hospital,Government,General Hospital,500,Pediatrics,9,Female,No,Borivali,3.64,3.8,70.5,68,34,72,38740,Yes,Yes,4.6,0.922,77.87,Mumbai,Mumbai City,Maharashtra
1912,Cama and Albless Hospital,Government,Women & Children,367,General Medicine,4,Female,No,Borivali,3.44,4.8,80.4,78,16,5,108059,Yes,Yes,4.0,0.82,79.43,Mumbai,Mumbai City,Maharashtra
1913,KEM Hospital,Government,Teaching Hospital,1800,Cardiology,75,Female,No,Dadar,6.81,3.9,86.4,76,65,5,79666,No,Yes,4.4,0.836,78.63,Mumbai,Mumbai City,Maharashtra
1914,Seth GS Medical College and KEM Hospital,Government,Teaching Hospital,1800,Emergency Medicine,7,Male,No,Bandra,4.04,4.5,94.2,77,88,5,54078,Yes,Yes,4.4,0.635,84.92,Mumbai,Mumbai City,Maharashtra
1915,Tata Memorial Hospital,Trust,Oncology,700,Nephrology,70,Female,No,Dadar,2.92,3.8,86.6,53,86,69,31605,No,Yes,3.9,0.707,76.39,Mumbai,Mumbai City,Maharashtra
1916,Kokilaben Dhirubhai Ambani Hospital,Private,Super Specialty,750,Dermatology,34,Female,No,Colaba,2.08,4.4,93.9,78,56,76,62633,Yes,Yes,3.9,0.698,80.34,Mumbai,Mumbai Suburban,Maharashtra
1917,Lilavati Hospital and Research Centre,Private,Multispecialty,323,Emergency Medicine,23,Male,No,Bandra,4.83,3.5,79.5,96,21,19,86630,Yes,Yes,4.4,1.0,82.56,Mumbai,Mumbai Suburban,Maharashtra
1918,Hinduja Hospital,Private,Multispecialty,400,Oncology,39,Male,No,Kurla,13.34,4.1,88.5,53,52,5,84118,Yes,Yes,4.2,0.935,77.4,Mumbai,Mumbai City,Maharashtra
1919,Nanavati Max Super Speciality Hospital,Private,Super Specialty,350,Pediatrics,8,Female,Yes,Borivali,1.18,4.1,94.2,80,91,26,72376,Yes,Yes,3.6,0.608,84.72,Mumbai,Mumbai Suburban,Maharashtra
1920,Breach Candy Hospital Trust,Private,Multispecialty,200,Pediatrics,14,Female,No,Andheri,3.7,4.3,87.7,53,89,42,101270,No,Yes,3.7,0.907,82.19,Mumbai,Mumbai City,Maharashtra
1921,Asian Heart Institute,Private,Cardiac,250,Ophthalmology,65,Male,No,Kurla,4.14,4.2,79.9,83,44,24,118079,Yes,Yes,4.5,0.807,81.41,Mumbai,Mumbai Suburban,Maharashtra
1922,Jaslok Hospital,Private,Multispecialty,343,Oncology,41,Male,Yes,Kurla,3.86,4.2,87.7,81,73,67,77450,No,Yes,4.9,0.72,79.85,Mumbai,Mumbai City,Maharashtra
1923,Bombay Hospital & Medical Research Centre,Private,Multispecialty,725,Ophthalmology,43,Male,No,Borivali,8.38,4.5,77.6,67,48,5,74069,Yes,Yes,4.1,0.834,75.21,Mumbai,Mumbai City,Maharashtra
1924,P. D. Hinduja Hospital & Medical Research Centre,Private,Multispecialty,400,Gastroenterology,48,Male,No,Kurla,4.97,4.5,93.0,52,75,64,48255,Yes,Yes,4.9,0.759,84.33,Mumbai,Mumbai City,Maharashtra
1925,B. J. Government Medical College and Sassoon General Hospital,Government,Teaching Hospital,1500,Pediatrics,80,Male,Yes,Hadapsar,12.35,3.8,93.4,59,14,49,75063,Yes,Yes,4.3,0.879,76.29,Pune,Pune,Maharashtra
1926,Deenanath Mangeshkar Hospital and Research Center,Private,Multispecialty,900,Gynecology,47,Female,No,Kharadi,7.03,4.0,98.0,79,56,5,37352,Yes,Yes,4.3,0.914,88.67,Pune,Pune,Maharashtra
1927,Ruby Hall Clinic,Private,Multispecialty,700,Dermatology,55,Male,No,Baner,2.72,4.9,88.0,82,67,51,77556,No,Yes,4.0,0.87,81.54,Pune,Pune,Maharashtra
1928,Jehangir Hospital,Private,Multispecialty,350,Nephrology,30,Male,No,Wakad,4.74,4.4,97.7,92,46,40,72721,Yes,Yes,3.6,0.757,83.4,Pune,Pune,Maharashtra
1929,Noble Hospitals & Research Centre,Private,Multispecialty,250,Neurology,59,Male,No,Wakad,5.77,3.1,84.1,75,39,14,58400,No,Yes,3.5,1.0,72.84,Pune,Pune,Maharashtra
1930,Sahyadri Super Speciality Hospital,Private,Super Specialty,350,Emergency Medicine,79,Male,No,Wakad,3.21,4.2,68.6,64,73,27,5261,Yes,Yes,4.0,0.616,74.54,Pune,Pune,Maharashtra
1931,Aditya Birla Memorial Hospital,Private,Multispecialty,500,Nephrology,60,Female,No,Kothrud,1.39,4.3,98.0,92,54,57,23410,Yes,Yes,4.3,0.563,80.81,Pune,Pune,Maharashtra
1932,"Manipal Hospital, Kharadi",Private,Multispecialty,300,ENT,28,Male,No,Shivajinagar,1.1,4.3,69.8,71,90,44,146204,Yes,Yes,3.5,0.903,83.81,Pune,Pune,Maharashtra
1933,"Columbia Asia Hospital, Pune",Private,Multispecialty,100,Gastroenterology,76,Female,No,Hadapsar,9.99,3.7,86.1,73,10,66,83382,Yes,Yes,4.1,0.891,73.0,Pune,Pune,Maharashtra
1934,Armed Forces Medical College and Command Hospital,Government,Teaching Hospital,1200,Cardiology,7,Female,No,Kothrud,2.24,4.9,81.2,56,25,5,51949,Yes,Yes,4.7,0.998,85.08,Pune,Pune,Maharashtra
1935,"Government Medical College and Hospital, Nashik",Government,Teaching Hospital,1000,Orthopedics,77,Male,No,Gangapur Road,2.51,4.5,90.2,100,25,37,148735,No,No,4.3,1.0,77.17,Nashik,Nashik,Maharashtra
1936,"Civil Hospital, Nashik",Government,General Hospital,500,Oncology,84,Male,Yes,College Road,7.82,4.3,85.4,44,39,9,80562,Yes,Yes,4.9,0.622,74.32,Nashik,Nashik,Maharashtra
1937,"Wockhardt Hospitals, Nashik",Private,Super Specialty,200,ENT,79,Male,Yes,Gangapur Road,2.89,4.9,89.1,71,29,14,28278,No,Yes,4.1,0.932,80.04,Nashik,Nashik,Maharashtra
1938,"Apollo Hospitals, Nashik",Private,Multispecialty,200,Emergency Medicine,80,Female,No,Gangapur Road,8.62,4.4,78.8,81,77,62,48980,Yes,Yes,5.0,0.962,82.4,Nashik,Nashik,Maharashtra
1939,Six Sigma Medicare & Research Institute,Private,Multispecialty,150,Gastroenterology,37,Male,Yes,Indira Nagar,2.43,3.7,92.6,40,57,45,58960,Yes,No,3.4,0.876,78.5,Nashik,Nashik,Maharashtra
1940,"Government Medical College and Hospital, Chhatrapati Sambhajinagar",Government,Teaching Hospital,1200,Pulmonology,69,Male,No,Garkheda,0.59,4.0,98.0,73,69,91,82260,Yes,Yes,3.4,0.739,76.72,Chhatrapati Sambhajinagar,Chhatrapati Sambhajinagar,Maharashtra
1941,"Government Superspecialty Hospital, Chhatrapati Sambhajinagar",Government,Super Specialty,500,General Surgery,8,Female,No,Garkheda,1.71,4.9,85.9,85,75,93,5000,Yes,Yes,4.0,0.751,85.77,Chhatrapati Sambhajinagar,Chhatrapati Sambhajinagar,Maharashtra
1942,"Cancer Hospital, Chhatrapati Sambhajinagar",Government/Trust,Oncology,300,Gastroenterology,84,Female,No,Jalna Road,4.2,4.7,85.6,76,35,50,5000,Yes,No,4.2,0.884,81.77,Chhatrapati Sambhajinagar,Chhatrapati Sambhajinagar,Maharashtra
1943,Kamalnayan Bajaj Hospital,Private,Multispecialty,200,ENT,55,Female,Yes,Jalna Road,3.36,4.0,87.4,42,98,36,57960,Yes,Yes,3.8,0.642,82.45,Chhatrapati Sambhajinagar,Chhatrapati Sambhajinagar,Maharashtra
1944,"MGM Hospital, Chhatrapati Sambhajinagar",Private/Trust,Teaching Hospital,750,ENT,25,Female,No,Jalna Road,3.42,4.5,78.1,98,38,77,60678,Yes,Yes,4.5,0.696,83.68,Chhatrapati Sambhajinagar,Chhatrapati Sambhajinagar,Maharashtra
1945,Dr. Shankarrao Chavan Government Medical College and Hospital,Government,Teaching Hospital,500,Emergency Medicine,84,Female,No,Taroda,0.99,4.4,93.2,52,12,48,20090,Yes,Yes,3.7,0.707,74.81,Nanded,Nanded,Maharashtra
1946,"District Hospital, Nanded",Government,General Hospital,300,Ophthalmology,11,Male,Yes,Vazirabad,1.85,4.5,88.0,82,73,94,34658,Yes,Yes,4.0,0.69,82.26,Nanded,Nanded,Maharashtra
1947,"MGM Hospital, Nanded",Private/Trust,Multispecialty,250,ENT,48,Male,No,Vazirabad,6.51,4.4,87.3,61,11,42,91493,Yes,Yes,5.0,0.849,79.12,Nanded,Nanded,Maharashtra
1948,Shri Guru Gobind Singhji Memorial Hospital,Government,General Hospital,300,Oncology,42,Male,No,CIDCO,2.5,4.9,83.8,98,62,26,43051,No,No,4.7,0.792,81.82,Nanded,Nanded,Maharashtra
1949,Vilasrao Deshmukh Government Medical College and Hospital,Government,Teaching Hospital,500,Orthopedics,54,Male,Yes,Barshi Road,23.36,4.0,95.2,82,16,13,50203,Yes,No,3.3,0.884,76.58,Latur,Latur,Maharashtra
1950,"Government Superspecialty Hospital, Latur",Government,Super Specialty,300,General Medicine,79,Female,No,Shivaji Chowk,6.48,4.7,77.3,91,100,5,93904,Yes,Yes,4.0,0.8,82.53,Latur,Latur,Maharashtra
1951,"District Hospital, Latur",Government,General Hospital,250,Pediatrics,9,Female,No,Ganj Golai,6.97,3.4,88.7,71,73,60,80629,No,Yes,4.3,0.838,76.96,Latur,Latur,Maharashtra
1952,MIMSR Medical College and Latur Hospital,Private/Trust,Teaching Hospital,700,Gastroenterology,32,Female,No,Barshi Road,12.67,4.7,90.6,63,14,8,69865,No,Yes,3.9,0.75,71.78,Latur,Latur,Maharashtra
1953,Rajashree Chhatrapati Shahu Maharaj Government Medical College and CPR Hospital,Government,Teaching Hospital,1000,ENT,20,Female,Yes,Shahupuri,10.83,5.0,87.3,75,40,77,54364,Yes,Yes,4.0,0.725,80.18,Kolhapur,Kolhapur,Maharashtra
1954,D. Y. Patil Hospital and Research Institute,Private/Trust,Teaching Hospital,750,Pediatrics,52,Male,Yes,Rajarampuri,5.07,4.0,92.0,80,33,65,5000,Yes,Yes,4.2,0.87,80.89,Kolhapur,Kolhapur,Maharashtra
1955,Aster Aadhar Hospital,Private,Multispecialty,250,Ophthalmology,9,Female,No,Udyam Nagar,0.68,4.1,83.6,68,68,91,105066,No,Yes,4.9,0.739,75.14,Kolhapur,Kolhapur,Maharashtra
1956,Dr. Vaishampayan Memorial Government Medical College and Chhatrapati Shivaji Maharaj General Hospital,Government,Teaching Hospital,900,General Surgery,45,Female,Yes,Hotgi Road,1.6,5.0,86.5,91,80,35,34849,Yes,Yes,3.8,0.693,82.89,Solapur,Solapur,Maharashtra
1957,Ashwini Sahakari Rugnalaya,Private/Trust,Multispecialty,300,Nephrology,14,Female,No,Sadar Bazar,4.09,4.1,98.0,99,67,72,65548,Yes,Yes,4.5,0.882,87.56,Solapur,Solapur,Maharashtra
1958,Yashodhara Super Speciality Hospital,Private,Super Specialty,200,Orthopedics,42,Male,No,Jule Solapur,3.21,4.5,77.4,94,27,42,25296,Yes,Yes,4.1,0.725,78.97,Solapur,Solapur,Maharashtra
1959,"Government Medical College, Amravati",Government,Teaching Hospital,500,Ophthalmology,81,Female,No,Amravati,3.7,4.2,97.6,66,12,19,21433,Yes,Yes,4.1,0.799,81.23,Amravati,Amravati,Maharashtra
1960,"District Women Hospital, Amravati",Government,Women & Children,250,ENT,83,Other,Yes,Amravati,0.79,4.6,91.3,97,74,51,63601,Yes,Yes,3.8,0.737,85.74,Amravati,Amravati,Maharashtra
1961,Dr. Panjabrao Deshmukh Memorial Medical College,Private/Trust,Teaching Hospital,500,Cardiology,85,Female,Yes,Amravati,1.65,4.0,98.0,58,31,72,67466,Yes,Yes,3.4,1.0,83.0,Amravati,Amravati,Maharashtra
1962,"Government Medical College and Hospital, Akola",Government,Teaching Hospital,500,General Surgery,52,Male,No,Akola,3.76,4.1,83.3,41,82,37,26714,No,Yes,4.3,0.782,76.24,Akola,Akola,Maharashtra
1963,"Government Medical College and Super Speciality Hospital, Akola",Government,Super Specialty,300,Ophthalmology,25,Male,No,Akola,2.28,3.9,90.9,91,93,40,40494,No,Yes,3.8,0.515,80.43,Akola,Akola,Maharashtra
1964,"District Hospital, Akola",Government,General Hospital,250,Nephrology,60,Male,No,Akola,6.53,4.4,89.9,74,30,79,65163,Yes,Yes,3.6,0.833,78.46,Akola,Akola,Maharashtra
1965,Shri Vasantrao Naik Government Medical College and Hospital,Government,Teaching Hospital,1000,General Surgery,46,Male,No,Yavatmal,3.31,4.1,80.3,45,96,47,43037,No,Yes,4.3,0.835,79.75,Yavatmal,Yavatmal,Maharashtra
1966,"Government Superspecialty Hospital, Yavatmal",Government,Super Specialty,300,General Surgery,13,Male,No,Yavatmal,10.61,4.7,98.0,83,50,5,66841,No,Yes,4.6,0.661,78.62,Yavatmal,Yavatmal,Maharashtra
1967,"Government Medical College, Chandrapur",Government,Teaching Hospital,500,Emergency Medicine,80,Female,Yes,Chandrapur,5.88,4.5,98.0,85,37,13,72554,Yes,Yes,3.7,0.551,79.67,Chandrapur,Chandrapur,Maharashtra
1968,"District Hospital, Chandrapur",Government,General Hospital,250,Neurology,66,Female,No,Chandrapur,4.15,4.3,94.1,100,87,75,9033,Yes,Yes,4.3,0.747,88.34,Chandrapur,Chandrapur,Maharashtra
1969,"Government Medical College, Bhandara",Government,Teaching Hospital,500,Oncology,85,Female,Yes,Bhandara,2.9,3.9,89.5,53,50,5,45742,Yes,Yes,4.2,0.949,82.31,Bhandara,Bhandara,Maharashtra
1970,"District General Hospital, Bhandara",Government,General Hospital,250,Neurology,76,Male,Yes,Bhandara,1.14,4.2,84.4,76,13,47,31645,Yes,Yes,3.8,0.721,79.13,Bhandara,Bhandara,Maharashtra
1971,"Government Medical College, Gondia",Government,Teaching Hospital,500,Pediatrics,18,Male,No,Gondia,7.23,4.2,80.0,99,49,33,50897,Yes,Yes,4.0,0.913,79.41,Gondia,Gondia,Maharashtra
1972,"District Hospital, Gondia",Government,General Hospital,250,General Medicine,21,Female,Yes,Gondia,5.99,4.6,89.7,48,13,18,68270,Yes,No,4.8,0.616,69.56,Gondia,Gondia,Maharashtra
1973,"Government Medical College, Wardha",Government,Teaching Hospital,500,Dermatology,47,Male,No,Wardha,7.78,5.0,96.5,83,84,5,38874,Yes,No,4.0,0.699,83.64,Wardha,Wardha,Maharashtra
1974,Acharya Vinoba Bhave Rural Hospital,Private/Trust,Teaching Hospital,1000,General Surgery,80,Male,No,Wardha,2.79,4.3,83.3,69,46,42,62006,No,Yes,4.0,0.997,78.86,Wardha,Wardha,Maharashtra
1975,"Government Medical College, Jalgaon",Government,Teaching Hospital,500,ENT,47,Female,No,Jalgaon,4.0,5.0,77.7,60,79,88,117836,Yes,Yes,4.5,0.843,79.4,Jalgaon,Jalgaon,Maharashtra
1976,"Government Medical College and Hospital, Dhule",Government,Teaching Hospital,500,Ophthalmology,36,Male,No,Dhule,22.07,3.9,90.0,59,15,5,33911,Yes,Yes,4.3,0.791,74.1,Dhule,Dhule,Maharashtra
1977,"District Hospital, Nandurbar",Government,General Hospital,250,General Medicine,51,Female,Yes,Nandurbar,2.44,4.6,94.7,91,29,42,62818,Yes,Yes,3.5,0.903,84.99,Nandurbar,Nandurbar,Maharashtra
1978,"Government Medical College, Nandurbar",Government,Teaching Hospital,500,ENT,34,Female,No,Nandurbar,10.5,3.9,84.7,92,54,69,76842,Yes,Yes,4.4,0.906,77.81,Nandurbar,Nandurbar,Maharashtra
1979,"Government Medical College, Parbhani",Government,Teaching Hospital,500,Gastroenterology,7,Female,No,Parbhani,4.45,4.5,85.7,45,71,31,77226,Yes,Yes,3.5,0.748,82.33,Parbhani,Parbhani,Maharashtra
1980,"District Hospital, Parbhani",Government,General Hospital,250,Ophthalmology,76,Male,Yes,Parbhani,10.67,4.0,79.8,82,63,24,38317,No,Yes,3.1,0.62,76.97,Parbhani,Parbhani,Maharashtra
1981,"Government Medical College, Jalna",Government,Teaching Hospital,500,Emergency Medicine,61,Male,Yes,Jalna,6.1,4.2,76.1,62,58,69,83281,No,Yes,3.8,0.857,72.83,Jalna,Jalna,Maharashtra
1982,"District Women Hospital, Jalna",Government,Women & Children,250,Ophthalmology,52,Male,No,Jalna,5.41,4.3,77.1,45,90,57,89515,Yes,Yes,4.1,0.713,75.33,Jalna,Jalna,Maharashtra
1983,SRTR Medical College and Government Hospital,Government,Teaching Hospital,750,Pulmonology,44,Female,Yes,Ambajogai,3.95,4.5,88.1,43,39,46,10054,No,No,3.9,0.64,70.39,Ambajogai,Beed,Maharashtra
1984,"Government Medical College, Dharashiv",Government,Teaching Hospital,500,Pediatrics,73,Female,No,Dharashiv,6.97,4.9,90.8,59,90,15,38677,Yes,Yes,4.0,0.818,87.33,Dharashiv,Dharashiv,Maharashtra
1985,"District Hospital, Dharashiv",Government,General Hospital,250,General Medicine,13,Male,No,Dharashiv,0.55,4.5,80.0,66,17,76,100189,Yes,Yes,3.9,0.843,76.66,Dharashiv,Dharashiv,Maharashtra
1986,"Government Medical College, Ratnagiri",Government,Teaching Hospital,500,ENT,2,Male,No,Ratnagiri,10.61,3.5,77.3,98,98,40,75573,Yes,Yes,3.9,0.881,83.05,Ratnagiri,Ratnagiri,Maharashtra
1987,"Government Medical College, Sindhudurg",Government,Teaching Hospital,500,Cardiology,85,Female,No,Sindhudurg,13.32,5.0,87.2,63,68,64,90199,Yes,Yes,3.9,0.67,74.14,Sindhudurg,Sindhudurg,Maharashtra
1988,"District Hospital, Sindhudurg",Government,General Hospital,250,Nephrology,14,Male,No,Sindhudurg,3.4,4.7,91.5,85,12,40,85859,Yes,Yes,4.3,1.0,82.33,Sindhudurg,Sindhudurg,Maharashtra
1989,"Government Medical College, Alibag",Government,Teaching Hospital,500,Gynecology,75,Female,Yes,Alibag,10.34,4.1,92.0,48,16,78,68148,Yes,Yes,4.3,1.0,74.06,Alibag,Raigad,Maharashtra
1990,"District Hospital, Alibag",Government,General Hospital,250,General Medicine,84,Male,No,Alibag,5.62,4.4,83.5,60,36,64,46101,Yes,Yes,4.4,0.779,78.23,Alibag,Raigad,Maharashtra
1991,"Government Medical College, Satara",Government,Teaching Hospital,500,General Medicine,78,Female,No,Satara,11.41,4.5,83.5,66,34,63,5000,Yes,Yes,4.0,0.889,77.63,Satara,Satara,Maharashtra
1992,"District Hospital, Satara",Government,General Hospital,250,Oncology,54,Male,No,Satara,0.88,4.3,91.7,64,26,5,40065,Yes,Yes,3.4,0.716,78.66,Satara,Satara,Maharashtra
1993,"Government Medical College, Miraj",Government,Teaching Hospital,750,Dermatology,46,Female,Yes,Miraj,5.76,4.1,80.4,85,87,33,29674,Yes,Yes,4.7,0.524,82.97,Miraj,Sangli,Maharashtra
1994,Padmabhushan Vasantdada Patil General Hospital,Government,General Hospital,500,Dermatology,77,Female,No,Sangli,18.66,3.7,86.7,90,81,81,10863,Yes,Yes,4.1,0.712,77.38,Sangli,Sangli,Maharashtra
1995,"Government Medical College, Ambarnath",Government,Teaching Hospital,500,Gastroenterology,77,Male,No,Ambarnath,1.55,4.1,83.7,76,63,13,116253,Yes,No,4.1,0.957,83.98,Ambarnath,Thane,Maharashtra
1996,"Government Medical College and Hospital, Ambarnath",Government,Teaching Hospital,Teaching Hospital,Orthopedics,55,Male,No,Ambarnath,4.41,4.1,82.8,65,61,7,76572,Yes,Yes,3.8,0.693,75.2,Ambarnath,Thane,Maharashtra
1997,Sir JJ Hospital,Government,Teaching Hospital,1500,Dermatology,20,Male,Yes,Andheri,10.59,4.5,93.7,66,77,107,63955,No,Yes,4.1,0.864,76.28,Mumbai,Mumbai City,Maharashtra
1998,"St. George's Hospital, Mumbai",Government,General Hospital,500,Pulmonology,50,Male,No,Bandra,16.88,4.1,94.0,52,69,89,61266,Yes,Yes,4.2,1.0,79.95,Mumbai,Mumbai City,Maharashtra
1999,Gokuldas Tejpal Hospital,Government,General Hospital,500,ENT,12,Male,No,Powai,2.65,3.5,81.7,77,49,39,49056,No,Yes,4.0,0.796,76.38,Mumbai,Mumbai City,Maharashtra
2000,Cama and Albless Hospital,Government,Women & Children,367,Pulmonology,18,Male,No,Bandra,1.45,4.9,85.8,81,36,50,16299,Yes,No,4.0,0.778,80.79,Mumbai,Mumbai City,Maharashtra
